id,left,top,right,bottom,row_index,col_index,geometry,UTM_Easting,UTM_Northing
12391609,-94.6,38.92,-94.58999999999999,38.910000000000004,1608,3540,POINT (361717.2495313643 4308553.353478568),361717.2495313643,4308553.353478568
12391608,-94.6,38.93,-94.58999999999999,38.92,1607,3540,POINT (361736.66342551564 4309663.1405418655),361736.66342551564,4309663.1405418655
12391607,-94.6,38.94,-94.58999999999999,38.93,1606,3540,POINT (361756.0815463765 4310772.929364259),361756.0815463765,4310772.929364259
12367103,-94.67,38.980000000000004,-94.66,38.970000000000006,1602,3533,POINT (355769.7231161192 4315320.641097296),355769.7231161192,4315320.641097296
12367102,-94.67,38.989999999999995,-94.66,38.98,1601,3533,POINT (355790.0161174202 4316430.446845338),355790.0161174202,4316430.446845338
12290104,-94.89,38.97,-94.88,38.96,1603,3511,POINT (336687.9312503892 4314582.30175971),336687.9312503892,4314582.30175971
12290103,-94.89,38.980000000000004,-94.88,38.970000000000006,1602,3511,POINT (336710.90303001454 4315692.133616401),336710.90303001454,4315692.133616401
12290102,-94.89,38.989999999999995,-94.88,38.98,1601,3511,POINT (336733.8798008943 4316801.967174422),336733.8798008943,4316801.967174422
12290101,-94.89,39.0,-94.88,38.99,1600,3511,POINT (336756.8615623466 4317911.802433914),336756.8615623466,4317911.802433914
12290100,-94.89,39.01,-94.88,39.0,1599,3511,POINT (336779.84831368923 4319021.639395),336779.84831368923,4319021.639395
12290099,-94.89,39.019999999999996,-94.88,39.01,1598,3511,POINT (336802.84005423996 4320131.478057818),336802.84005423996,4320131.478057818
12342625,-94.74000000000001,38.76,-94.73,38.75,1624,3526,POINT (349241.5376093548 4291018.369896524),349241.5376093548,4291018.369896524
12342624,-94.74000000000001,38.769999999999996,-94.73,38.76,1623,3526,POINT (349262.5832262164 4292128.1460307585),349262.5832262164,4292128.1460307585
12367114,-94.67,38.870000000000005,-94.66,38.86000000000001,1613,3533,POINT (355546.79123422946 4303112.8931122385),355546.79123422946,4303112.8931122385
12367113,-94.67,38.879999999999995,-94.66,38.87,1612,3533,POINT (355567.03570243897 4304222.679655542),355567.03570243897,4304222.679655542
12367112,-94.67,38.89,-94.66,38.88,1611,3533,POINT (355587.28458575247 4305332.46794405),355587.28458575247,4305332.46794405
12367111,-94.67,38.9,-94.66,38.89,1610,3533,POINT (355607.53788356937 4306442.257977897),355607.53788356937,4306442.257977897
12367110,-94.67,38.91,-94.66,38.9,1609,3533,POINT (355627.7955952891 4307552.049757223),355627.7955952891,4307552.049757223
12367109,-94.67,38.92,-94.66,38.910000000000004,1608,3533,POINT (355648.05772031075 4308661.8432821585),355648.05772031075,4308661.8432821585
12367108,-94.67,38.93,-94.66,38.92,1607,3533,POINT (355668.3242580334 4309771.638552845),355668.3242580334,4309771.638552845
12367107,-94.67,38.94,-94.66,38.93,1606,3533,POINT (355688.59520785604 4310881.435569418),355688.59520785604,4310881.435569418
12367106,-94.67,38.95,-94.66,38.940000000000005,1605,3533,POINT (355708.8705691773 4311991.234332013),355708.8705691773,4311991.234332013
12367105,-94.67,38.96,-94.66,38.95,1604,3533,POINT (355729.150341396 4313101.034840768),355729.150341396,4313101.034840768
12367104,-94.67,38.97,-94.66,38.96,1603,3533,POINT (355749.4345239104 4314210.837095817),355749.4345239104,4314210.837095817
12342607,-94.74000000000001,38.94,-94.73,38.93,1606,3526,POINT (349621.06314789434 4310994.605102518),349621.06314789434,4310994.605102518
12342606,-94.74000000000001,38.95,-94.73,38.940000000000005,1605,3526,POINT (349642.191603812 4312104.412396291),349642.191603812,4312104.412396291
12342605,-94.74000000000001,38.96,-94.73,38.95,1604,3526,POINT (349663.32465595263 4313214.221422445),349663.32465595263,4313214.221422445
12342604,-94.74000000000001,38.97,-94.73,38.96,1603,3526,POINT (349684.4623036892 4314324.032181111),349684.4623036892,4314324.032181111
12342603,-94.74000000000001,38.980000000000004,-94.73,38.970000000000006,1602,3526,POINT (349705.6045463947 4315433.8446724275),349705.6045463947,4315433.8446724275
12342602,-94.74000000000001,38.989999999999995,-94.73,38.98,1601,3526,POINT (349726.75138344197 4316543.6588965235),349726.75138344197,4316543.6588965235
12367125,-94.67,38.76,-94.66,38.75,1624,3533,POINT (355324.3936523994 4290905.35627972),355324.3936523994,4290905.35627972
12342601,-94.74000000000001,39.0,-94.73,38.99,1600,3526,POINT (349747.90281420364 4317653.474853538),349747.90281420364,4317653.474853538
12367124,-94.67,38.769999999999996,-94.66,38.76,1623,3533,POINT (355344.58951486996 4292015.123634926),355344.58951486996,4292015.123634926
12342600,-94.74000000000001,39.01,-94.73,39.0,1599,3526,POINT (349769.058838052 4318763.292543603),349769.058838052,4318763.292543603
12367123,-94.67,38.78,-94.66,38.77,1622,3533,POINT (355364.7897990411 4293124.892733811),355364.7897990411,4293124.892733811
12342599,-94.74000000000001,39.019999999999996,-94.73,39.01,1598,3526,POINT (349790.2194543595 4319873.111966852),349790.2194543595,4319873.111966852
12367122,-94.67,38.79,-94.66,38.78,1621,3533,POINT (355384.9945043139 4294234.663576513),355384.9945043139,4294234.663576513
12367121,-94.67,38.8,-94.66,38.79,1620,3533,POINT (355405.2036300892 4295344.436163171),355405.2036300892,4295344.436163171
12367120,-94.67,38.81,-94.66,38.800000000000004,1619,3533,POINT (355425.41717576777 4296454.210493927),355425.41717576777,4296454.210493927
12342623,-94.74000000000001,38.78,-94.73,38.77,1622,3526,POINT (349283.63345056126 4293237.923894911),349283.63345056126,4293237.923894911
12342622,-94.74000000000001,38.79,-94.73,38.78,1621,3526,POINT (349304.688281765 4294347.703489117),349304.688281765,4294347.703489117
12342621,-94.74000000000001,38.8,-94.73,38.79,1620,3526,POINT (349325.7477192031 4295457.484813521),349325.7477192031,4295457.484813521
12342620,-94.74000000000001,38.81,-94.73,38.800000000000004,1619,3526,POINT (349346.8117622511 4296567.267868257),349346.8117622511,4296567.267868257
12342619,-94.74000000000001,38.82,-94.73,38.81,1618,3526,POINT (349367.88041028404 4297677.052653461),349367.88041028404,4297677.052653461
12342618,-94.74000000000001,38.83,-94.73,38.82,1617,3526,POINT (349388.953662677 4298786.839169273),349388.953662677,4298786.839169273
12342617,-94.74000000000001,38.84,-94.73,38.830000000000005,1616,3526,POINT (349410.0315188051 4299896.627415831),349410.0315188051,4299896.627415831
12342616,-94.74000000000001,38.85,-94.73,38.84,1615,3526,POINT (349431.1139780431 4301006.417393272),349431.1139780431,4301006.417393272
12342615,-94.74000000000001,38.86,-94.73,38.85,1614,3526,POINT (349452.2010397654 4302116.209101734),349452.2010397654,4302116.209101734
12342614,-94.74000000000001,38.870000000000005,-94.73,38.86000000000001,1613,3526,POINT (349473.2927033467 4303226.002541355),349473.2927033467,4303226.002541355
12342613,-94.74000000000001,38.879999999999995,-94.73,38.87,1612,3526,POINT (349494.3889681613 4304335.797712263),349494.3889681613,4304335.797712263
12342612,-94.74000000000001,38.89,-94.73,38.88,1611,3526,POINT (349515.4898335834 4305445.5946146045),349515.4898335834,4305445.5946146045
12342611,-94.74000000000001,38.9,-94.73,38.89,1610,3526,POINT (349536.5952989872 4306555.3932485115),349536.5952989872,4306555.3932485115
12342610,-94.74000000000001,38.91,-94.73,38.9,1609,3526,POINT (349557.70536374644 4307665.1936141215),349557.70536374644,4307665.1936141215
12342609,-94.74000000000001,38.92,-94.73,38.910000000000004,1608,3526,POINT (349578.82002723496 4308774.995711568),349578.82002723496,4308774.995711568
12342608,-94.74000000000001,38.93,-94.73,38.92,1607,3526,POINT (349599.9392888264 4309884.799540989),349599.9392888264,4309884.799540989
12307599,-94.84,39.019999999999996,-94.83,39.01,1598,3516,POINT (341131.99163118494 4320042.974845283),341131.99163118494,4320042.974845283
12307598,-94.84,39.03,-94.83,39.02,1597,3516,POINT (341154.3778086153 4321152.808631062),341154.3778086153,4321152.808631062
12307609,-94.84,38.92,-94.83,38.910000000000004,1608,3516,POINT (340908.3970630419 4308944.731160654),340908.3970630419,4308944.731160654
12307608,-94.84,38.93,-94.83,38.92,1607,3516,POINT (340930.7346475796 4310054.547826033),340930.7346475796,4310054.547826033
12307607,-94.84,38.94,-94.83,38.93,1606,3516,POINT (340953.07709439204 4311164.366202852),340953.07709439204,4311164.366202852
12307606,-94.84,38.95,-94.83,38.940000000000005,1605,3516,POINT (340975.4244028161 4312274.186291245),340975.4244028161,4312274.186291245
12307605,-94.84,38.96,-94.83,38.95,1604,3516,POINT (340997.7765721886 4313384.008091349),340997.7765721886,4313384.008091349
12307604,-94.84,38.97,-94.83,38.96,1603,3516,POINT (341020.13360184623 4314493.831603292),341020.13360184623,4314493.831603292
12307603,-94.84,38.980000000000004,-94.83,38.970000000000006,1602,3516,POINT (341042.4954911256 4315603.656827213),341042.4954911256,4315603.656827213
12307602,-94.84,38.989999999999995,-94.83,38.98,1601,3516,POINT (341064.862239363 4316713.483763237),341064.862239363,4316713.483763237
12307601,-94.84,39.0,-94.83,38.99,1600,3516,POINT (341087.2338458947 4317823.312411503),341087.2338458947,4317823.312411503
12307600,-94.84,39.01,-94.83,39.0,1599,3516,POINT (341109.61031005665 4318933.142772139),341109.61031005665,4318933.142772139
12356607,-94.69999999999999,38.94,-94.68999999999998,38.93,1606,3530,POINT (353088.23003528814 4310929.365752435),353088.23003528814,4310929.365752435
12356606,-94.69999999999999,38.95,-94.68999999999998,38.940000000000005,1605,3530,POINT (353108.87099855347 4312039.168128375),353108.87099855347,4312039.168128375
12356605,-94.69999999999999,38.96,-94.68999999999998,38.95,1604,3530,POINT (353129.5164521431 4313148.972244639),353129.5164521431,4313148.972244639
12356604,-94.69999999999999,38.97,-94.68999999999998,38.96,1603,3530,POINT (353150.16639544466 4314258.778101358),353150.16639544466,4314258.778101358
12356603,-94.69999999999999,38.980000000000004,-94.68999999999998,38.970000000000006,1602,3530,POINT (353170.8208278456 4315368.585698674),353170.8208278456,4315368.585698674
12381112,-94.63,38.89,-94.61999999999999,38.88,1611,3537,POINT (359056.8607547077 4305269.917109396),359056.8607547077,4305269.917109396
12381111,-94.63,38.9,-94.61999999999999,38.89,1610,3537,POINT (359076.62713590544 4306379.702387428),359076.62713590544,4306379.702387428
12381110,-94.63,38.91,-94.61999999999999,38.9,1609,3537,POINT (359096.39782502654 4307489.489418551),359096.39782502654,4307489.489418551
12381109,-94.63,38.92,-94.61999999999999,38.910000000000004,1608,3537,POINT (359116.172821485 4308599.278202903),359116.172821485,4308599.278202903
12381108,-94.63,38.93,-94.61999999999999,38.92,1607,3537,POINT (359135.9521246941 4309709.068740623),359135.9521246941,4309709.068740623
12381107,-94.63,38.94,-94.61999999999999,38.93,1606,3537,POINT (359155.7357340674 4310818.861031847),359155.7357340674,4310818.861031847
12381106,-94.63,38.95,-94.61999999999999,38.940000000000005,1605,3537,POINT (359175.5236490183 4311928.6550767105),359175.5236490183,4311928.6550767105
12381105,-94.63,38.96,-94.61999999999999,38.95,1604,3537,POINT (359195.3158689599 4313038.450875352),359195.3158689599,4313038.450875352
12381104,-94.63,38.97,-94.61999999999999,38.96,1603,3537,POINT (359215.1123933051 4314148.248427909),359215.1123933051,4314148.248427909
12356623,-94.69999999999999,38.78,-94.68999999999998,38.77,1622,3530,POINT (352758.58580632904 4293172.764309994),352758.58580632904,4293172.764309994
12356622,-94.69999999999999,38.79,-94.68999999999998,38.78,1621,3530,POINT (352779.15484123304 4294282.5388593525),352779.15484123304,4294282.5388593525
12356621,-94.69999999999999,38.8,-94.68999999999998,38.79,1620,3530,POINT (352799.7283762407 4295392.315146841),352799.7283762407,4295392.315146841
12356620,-94.69999999999999,38.81,-94.68999999999998,38.800000000000004,1619,3530,POINT (352820.3064107419 4296502.093172598),352820.3064107419,4296502.093172598
12356619,-94.69999999999999,38.82,-94.68999999999998,38.81,1618,3530,POINT (352840.8889441261 4297611.872936756),352840.8889441261,4297611.872936756
12356618,-94.69999999999999,38.83,-94.68999999999998,38.82,1617,3530,POINT (352861.4759757831 4298721.6544394605),352861.4759757831,4298721.6544394605
12356617,-94.69999999999999,38.84,-94.68999999999998,38.830000000000005,1616,3530,POINT (352882.0675051024 4299831.437680846),352882.0675051024,4299831.437680846
12356616,-94.69999999999999,38.85,-94.68999999999998,38.84,1615,3530,POINT (352902.66353147296 4300941.222661052),352902.66353147296,4300941.222661052
12356615,-94.69999999999999,38.86,-94.68999999999998,38.85,1614,3530,POINT (352923.2640542843 4302051.009380216),352923.2640542843,4302051.009380216
12356614,-94.69999999999999,38.870000000000005,-94.68999999999998,38.86000000000001,1613,3530,POINT (352943.86907292524 4303160.797838475),352943.86907292524,4303160.797838475
12356613,-94.69999999999999,38.879999999999995,-94.68999999999998,38.87,1612,3530,POINT (352964.47858678456 4304270.588035961),352964.47858678456,4304270.588035961
12356612,-94.69999999999999,38.89,-94.68999999999998,38.88,1611,3530,POINT (352985.0925952512 4305380.379972821),352985.0925952512,4305380.379972821
12356611,-94.69999999999999,38.9,-94.68999999999998,38.89,1610,3530,POINT (353005.7110977137 4306490.173649185),353005.7110977137,4306490.173649185
12356610,-94.69999999999999,38.91,-94.68999999999998,38.9,1609,3530,POINT (353026.33409356035 4307599.969065195),353026.33409356035,4307599.969065195
12356609,-94.69999999999999,38.92,-94.68999999999998,38.910000000000004,1608,3530,POINT (353046.9615821796 4308709.76622098),353046.9615821796,4308709.76622098
12356608,-94.69999999999999,38.93,-94.68999999999998,38.92,1607,3530,POINT (353067.5935629595 4309819.565116681),353067.5935629595,4309819.565116681
12332111,-94.77,38.9,-94.75999999999999,38.89,1610,3523,POINT (346934.74818990065 4306605.3070224),346934.74818990065,4306605.3070224
12332110,-94.77,38.91,-94.75999999999999,38.9,1609,3523,POINT (346956.22357424675 4307715.111175715),346956.22357424675,4307715.111175715
12332109,-94.77,38.92,-94.75999999999999,38.910000000000004,1608,3523,POINT (346977.70363678655 4308824.917054788),346977.70363678655,4308824.917054788
12332108,-94.77,38.93,-94.75999999999999,38.92,1607,3523,POINT (346999.1883768829 4309934.724659757),346999.1883768829,4309934.724659757
12332107,-94.77,38.94,-94.75999999999999,38.93,1606,3523,POINT (347020.6777938984 4311044.533990758),347020.6777938984,4311044.533990758
12332106,-94.77,38.95,-94.75999999999999,38.940000000000005,1605,3523,POINT (347042.17188719526 4312154.345047922),347042.17188719526,4312154.345047922
12332105,-94.77,38.96,-94.75999999999999,38.95,1604,3523,POINT (347063.670656136 4313264.157831386),347063.670656136,4313264.157831386
12332104,-94.77,38.97,-94.75999999999999,38.96,1603,3523,POINT (347085.1741000827 4314373.972341284),347085.1741000827,4314373.972341284
12356627,-94.69999999999999,38.739999999999995,-94.68999999999998,38.73,1626,3530,POINT (352676.35467994696 4288733.68349105),352676.35467994696,4288733.68349105
12332103,-94.77,38.980000000000004,-94.75999999999999,38.970000000000006,1602,3523,POINT (347106.68221839744 4315483.788577751),347106.68221839744,4315483.788577751
12356626,-94.69999999999999,38.75,-94.68999999999998,38.74,1625,3530,POINT (352696.9057083379 4289843.451089291),352696.9057083379,4289843.451089291
12332102,-94.77,38.989999999999995,-94.75999999999999,38.98,1601,3523,POINT (347128.1950104418 4316593.606540917),347128.1950104418,4316593.606540917
12356625,-94.69999999999999,38.76,-94.68999999999998,38.75,1624,3530,POINT (352717.4612392717 4290953.220425099),352717.4612392717,4290953.220425099
12332101,-94.77,39.0,-94.75999999999999,38.99,1600,3523,POINT (347149.7124755779 4317703.426230922),347149.7124755779,4317703.426230922
12356624,-94.69999999999999,38.769999999999996,-94.68999999999998,38.76,1623,3530,POINT (352738.02127213863 4292062.991498621),352738.02127213863,4292062.991498621
12332100,-94.77,39.01,-94.75999999999999,39.0,1599,3523,POINT (347171.2346131669 4318813.247647894),347171.2346131669,4318813.247647894
12332099,-94.77,39.019999999999996,-94.75999999999999,39.01,1598,3523,POINT (347192.7614225705 4319923.070791969),347192.7614225705,4319923.070791969
12332124,-94.77,38.769999999999996,-94.75999999999999,38.76,1623,3523,POINT (346655.99419872207 4292178.010011646),346655.99419872207,4292178.010011646
12332123,-94.77,38.78,-94.75999999999999,38.77,1622,3523,POINT (346677.408708625 4293287.791742468),346677.408708625,4293287.791742468
12332122,-94.77,38.79,-94.75999999999999,38.78,1621,3523,POINT (346698.8279049926 4294397.575197274),346698.8279049926,4294397.575197274
12332121,-94.77,38.8,-94.75999999999999,38.79,1620,3523,POINT (346720.25178718986 4295507.360376203),346720.25178718986,4295507.360376203
12332120,-94.77,38.81,-94.75999999999999,38.800000000000004,1619,3523,POINT (346741.68035458116 4296617.147279393),346741.68035458116,4296617.147279393
12332119,-94.77,38.82,-94.75999999999999,38.81,1618,3523,POINT (346763.11360653065 4297726.935906977),346763.11360653065,4297726.935906977
12332118,-94.77,38.83,-94.75999999999999,38.82,1617,3523,POINT (346784.5515424027 4298836.726259098),346784.5515424027,4298836.726259098
12332117,-94.77,38.84,-94.75999999999999,38.830000000000005,1616,3523,POINT (346805.99416156136 4299946.518335891),346805.99416156136,4299946.518335891
12332116,-94.77,38.85,-94.75999999999999,38.84,1615,3523,POINT (346827.4414633706 4301056.312137492),346827.4414633706,4301056.312137492
12332115,-94.77,38.86,-94.75999999999999,38.85,1614,3523,POINT (346848.893447194 4302166.107664039),346848.893447194,4302166.107664039
12332114,-94.77,38.870000000000005,-94.75999999999999,38.86000000000001,1613,3523,POINT (346870.3501123954 4303275.90491567),346870.3501123954,4303275.90491567
12332113,-94.77,38.879999999999995,-94.75999999999999,38.87,1612,3523,POINT (346891.81145833805 4304385.703892511),346891.81145833805,4304385.703892511
12332112,-94.77,38.89,-94.75999999999999,38.88,1611,3523,POINT (346913.2774843854 4305495.504594712),346913.2774843854,4305495.504594712
12297103,-94.87,38.980000000000004,-94.86,38.970000000000006,1602,3513,POINT (338443.54312117933 4315656.45722552),338443.54312117933,4315656.45722552
12297102,-94.87,38.989999999999995,-94.86,38.98,1601,3513,POINT (338466.2758775104 4316766.2881134655),338466.2758775104,4316766.2881134655
12297101,-94.87,39.0,-94.86,38.99,1600,3513,POINT (338489.01357150363 4317876.120707225),338489.01357150363,4317876.120707225
12297100,-94.87,39.01,-94.86,39.0,1599,3513,POINT (338511.7562024842 4318985.955006924),338511.7562024842,4318985.955006924
12297099,-94.87,39.019999999999996,-94.86,39.01,1598,3513,POINT (338534.5037697771 4320095.7910127),338534.5037697771,4320095.7910127
12297098,-94.87,39.03,-94.86,39.02,1597,3513,POINT (338557.25627270713 4321205.628724679),338557.25627270713,4321205.628724679
12297105,-94.87,38.96,-94.86,38.95,1604,3513,POINT (338398.09242420236 4313436.800566526),338398.09242420236,4313436.800566526
12297104,-94.87,38.97,-94.86,38.96,1603,3513,POINT (338420.81530318514 4314546.628043249),338420.81530318514,4314546.628043249
12370607,-94.66,38.94,-94.64999999999999,38.93,1606,3534,POINT (356555.3817250796 4310865.649183314),356555.3817250796,4310865.649183314
12370606,-94.66,38.95,-94.64999999999999,38.940000000000005,1605,3534,POINT (356575.53522237565 4311975.446755755),356575.53522237565,4311975.446755755
12370605,-94.66,38.96,-94.64999999999999,38.95,1604,3534,POINT (356595.69310409285 4313085.2460762765),356595.69310409285,4313085.2460762765
12370604,-94.66,38.97,-94.64999999999999,38.96,1603,3534,POINT (356615.8553696333 4314195.047145016),356615.8553696333,4314195.047145016
12370603,-94.66,38.980000000000004,-94.64999999999999,38.970000000000006,1602,3534,POINT (356636.022018399 4315304.849962108),356636.022018399,4315304.849962108
12370602,-94.66,38.989999999999995,-94.64999999999999,38.98,1601,3534,POINT (356656.1930497916 4316414.654527684),356656.1930497916,4316414.654527684
12370621,-94.66,38.8,-94.64999999999999,38.79,1620,3534,POINT (356273.6934616279 4295328.66664097),356273.6934616279,4295328.66664097
12370613,-94.66,38.879999999999995,-94.64999999999999,38.87,1612,3534,POINT (356434.55284760933 4304206.90045072),356434.55284760933,4304206.90045072
12370612,-94.66,38.89,-94.64999999999999,38.88,1611,3534,POINT (356454.6800258314 4305316.687537545),356454.6800258314,4305316.687537545
12370611,-94.66,38.9,-94.64999999999999,38.89,1610,3534,POINT (356474.8115920588 4306426.476371629),356474.8115920588,4306426.476371629
12370610,-94.66,38.91,-94.64999999999999,38.9,1609,3534,POINT (356494.9475456946 4307536.2669531135),356494.9475456946,4307536.2669531135
12370609,-94.66,38.92,-94.64999999999999,38.910000000000004,1608,3534,POINT (356515.0878861415 4308646.05928213),356515.0878861415,4308646.05928213
12370608,-94.66,38.93,-94.64999999999999,38.92,1607,3534,POINT (356535.23261280236 4309755.853358818),356535.23261280236,4309755.853358818
12346111,-94.72999999999999,38.9,-94.71999999999998,38.89,1610,3527,POINT (350403.8757031434 4306538.945626429),350403.8757031434,4306538.945626429
12346110,-94.72999999999999,38.91,-94.71999999999998,38.9,1609,3527,POINT (350424.8639981368 4307648.744743852),350424.8639981368,4307648.744743852
12346109,-94.72999999999999,38.92,-94.71999999999998,38.910000000000004,1608,3527,POINT (350445.85686537065 4308758.545595114),350445.85686537065,4308758.545595114
12346108,-94.72999999999999,38.93,-94.71999999999998,38.92,1607,3527,POINT (350466.8543042223 4309868.348180352),350466.8543042223,4309868.348180352
12346107,-94.72999999999999,38.94,-94.71999999999998,38.93,1606,3527,POINT (350487.856314069 4310978.152499703),350487.856314069,4310978.152499703
12346106,-94.72999999999999,38.95,-94.71999999999998,38.940000000000005,1605,3527,POINT (350508.86289428745 4312087.9585533),350508.86289428745,4312087.9585533
12346105,-94.72999999999999,38.96,-94.71999999999998,38.95,1604,3527,POINT (350529.8740442548 4313197.766341281),350529.8740442548,4313197.766341281
12346104,-94.72999999999999,38.97,-94.71999999999998,38.96,1603,3527,POINT (350550.8897633475 4314307.575863778),350550.8897633475,4314307.575863778
12346103,-94.72999999999999,38.980000000000004,-94.71999999999998,38.970000000000006,1602,3527,POINT (350571.9100509422 4315417.38712093),350571.9100509422,4315417.38712093
12346102,-94.72999999999999,38.989999999999995,-94.71999999999998,38.98,1601,3527,POINT (350592.9349064153 4316527.2001128625),350592.9349064153,4316527.2001128625
12346101,-94.72999999999999,39.0,-94.71999999999998,38.99,1600,3527,POINT (350613.96432914305 4317637.014839721),350613.96432914305,4317637.014839721
12346100,-94.72999999999999,39.01,-94.71999999999998,39.0,1599,3527,POINT (350634.99831850163 4318746.8313016305),350634.99831850163,4318746.8313016305
12346099,-94.72999999999999,39.019999999999996,-94.71999999999998,39.01,1598,3527,POINT (350656.0368738669 4319856.649498732),350656.0368738669,4319856.649498732
12321615,-94.8,38.86,-94.78999999999999,38.85,1614,3520,POINT (344245.5768290027 4302216.862356308),344245.5768290027,4302216.862356308
12321614,-94.8,38.870000000000005,-94.78999999999999,38.86000000000001,1613,3520,POINT (344267.39851147553 4303326.66348507),344267.39851147553,4303326.66348507
12321613,-94.8,38.879999999999995,-94.78999999999999,38.87,1612,3520,POINT (344289.22495419485 4304436.466332863),344289.22495419485,4304436.466332863
12321612,-94.8,38.89,-94.78999999999999,38.88,1611,3520,POINT (344311.0561565135 4305546.270899833),344311.0561565135,4305546.270899833
12321611,-94.8,38.9,-94.78999999999999,38.89,1610,3520,POINT (344332.8921177835 4306656.077186111),344332.8921177835,4306656.077186111
12321610,-94.8,38.91,-94.78999999999999,38.9,1609,3520,POINT (344354.73283735703 4307765.885191835),344354.73283735703,4307765.885191835
12321609,-94.8,38.92,-94.78999999999999,38.910000000000004,1608,3520,POINT (344376.5783145861 4308875.694917135),344376.5783145861,4308875.694917135
12321608,-94.8,38.93,-94.78999999999999,38.92,1607,3520,POINT (344398.4285488225 4309985.506362149),344398.4285488225,4309985.506362149
12321607,-94.8,38.94,-94.78999999999999,38.93,1606,3520,POINT (344420.2835394179 4311095.3195270095),344420.2835394179,4311095.3195270095
12321606,-94.8,38.95,-94.78999999999999,38.940000000000005,1605,3520,POINT (344442.14328572387 4312205.134411851),344442.14328572387,4312205.134411851
12321605,-94.8,38.96,-94.78999999999999,38.95,1604,3520,POINT (344464.0077870919 4313314.95101681),344464.0077870919,4313314.95101681
12321604,-94.8,38.97,-94.78999999999999,38.96,1603,3520,POINT (344485.87704287295 4314424.769342017),344485.87704287295,4314424.769342017
12321603,-94.8,38.980000000000004,-94.78999999999999,38.970000000000006,1602,3520,POINT (344507.7510524184 4315534.58938761),344507.7510524184,4315534.58938761
12321602,-94.8,38.989999999999995,-94.78999999999999,38.98,1601,3520,POINT (344529.6298150789 4316644.411153716),344529.6298150789,4316644.411153716
12321601,-94.8,39.0,-94.78999999999999,38.99,1600,3520,POINT (344551.5133302055 4317754.2346404735),344551.5133302055,4317754.2346404735
12321600,-94.8,39.01,-94.78999999999999,39.0,1599,3520,POINT (344573.4015971486 4318864.059848013),344573.4015971486,4318864.059848013
12321624,-94.8,38.769999999999996,-94.78999999999999,38.76,1623,3520,POINT (344049.3960046249 4292228.729531712),344049.3960046249,4292228.729531712
12321623,-94.8,38.78,-94.78999999999999,38.77,1622,3520,POINT (344071.1748157613 4293338.5151952645),344071.1748157613,4293338.5151952645
12321622,-94.8,38.79,-94.78999999999999,38.78,1621,3520,POINT (344092.9583929657 4294448.302576624),344092.9583929657,4294448.302576624
12321621,-94.8,38.8,-94.78999999999999,38.79,1620,3520,POINT (344114.74673559214 4295558.09167593),344114.74673559214,4295558.09167593
12321620,-94.8,38.81,-94.78999999999999,38.800000000000004,1619,3520,POINT (344136.53984299407 4296667.882493322),344136.53984299407,4296667.882493322
12321619,-94.8,38.82,-94.78999999999999,38.81,1618,3520,POINT (344158.33771452494 4297777.675028931),344158.33771452494,4297777.675028931
12321618,-94.8,38.83,-94.78999999999999,38.82,1617,3520,POINT (344180.1403495382 4298887.469282899),344180.1403495382,4298887.469282899
12321617,-94.8,38.84,-94.78999999999999,38.830000000000005,1616,3520,POINT (344201.94774738676 4299997.265255359),344201.94774738676,4299997.265255359
12321616,-94.8,38.85,-94.78999999999999,38.84,1615,3520,POINT (344223.7599074241 4301107.062946451),344223.7599074241,4301107.062946451
12321599,-94.8,39.019999999999996,-94.78999999999999,39.01,1598,3520,POINT (344595.2946152589 4319973.886776471),344595.2946152589,4319973.886776471
12321598,-94.8,39.03,-94.78999999999999,39.02,1597,3520,POINT (344617.19238388666 4321083.715425976),344617.19238388666,4321083.715425976
12346125,-94.72999999999999,38.76,-94.71999999999998,38.75,1624,3527,POINT (350110.52000688325 4291001.93995926),350110.52000688325,4291001.93995926
12346124,-94.72999999999999,38.769999999999996,-94.71999999999998,38.76,1623,3527,POINT (350131.4442252023 4292111.714817286),350131.4442252023,4292111.714817286
12346123,-94.72999999999999,38.78,-94.71999999999998,38.77,1622,3527,POINT (350152.3730244651 4293221.4914072305),350152.3730244651,4293221.4914072305
12346122,-94.72999999999999,38.79,-94.71999999999998,38.78,1621,3527,POINT (350173.3064040509 4294331.26972923),350173.3064040509,4294331.26972923
12346121,-94.72999999999999,38.8,-94.71999999999998,38.79,1620,3527,POINT (350194.2443633389 4295441.049783425),350194.2443633389,4295441.049783425
12346120,-94.72999999999999,38.81,-94.71999999999998,38.800000000000004,1619,3527,POINT (350215.186901708 4296550.831569956),350215.186901708,4296550.831569956
12346119,-94.72999999999999,38.82,-94.71999999999998,38.81,1618,3527,POINT (350236.1340185371 4297660.615088955),350236.1340185371,4297660.615088955
12346118,-94.72999999999999,38.83,-94.71999999999998,38.82,1617,3527,POINT (350257.0857132048 4298770.400340564),350257.0857132048,4298770.400340564
12346117,-94.72999999999999,38.84,-94.71999999999998,38.830000000000005,1616,3527,POINT (350278.0419850899 4299880.187324922),350278.0419850899,4299880.187324922
12346116,-94.72999999999999,38.85,-94.71999999999998,38.84,1615,3527,POINT (350299.0028335706 4300989.976042163),350299.0028335706,4300989.976042163
12346115,-94.72999999999999,38.86,-94.71999999999998,38.85,1614,3527,POINT (350319.9682580252 4302099.766492425),350319.9682580252,4302099.766492425
12346114,-94.72999999999999,38.870000000000005,-94.71999999999998,38.86000000000001,1613,3527,POINT (350340.93825783185 4303209.558675848),350340.93825783185,4303209.558675848
12346113,-94.72999999999999,38.879999999999995,-94.71999999999998,38.87,1612,3527,POINT (350361.91283236863 4304319.352592562),350361.91283236863,4304319.352592562
12346112,-94.72999999999999,38.89,-94.71999999999998,38.88,1611,3527,POINT (350382.89198101324 4305429.148242711),350382.89198101324,4305429.148242711
12314607,-94.82,38.94,-94.80999999999999,38.93,1606,3518,POINT (342686.6823506148 4311129.652484954),342686.6823506148,4311129.652484954
12314606,-94.82,38.95,-94.80999999999999,38.940000000000005,1605,3518,POINT (342708.78587440803 4312239.469957291),342708.78587440803,4312239.469957291
12314605,-94.82,38.96,-94.80999999999999,38.95,1604,3518,POINT (342730.89420620713 4313349.289145563),342730.89420620713,4313349.289145563
12314604,-94.82,38.97,-94.80999999999999,38.96,1603,3518,POINT (342753.00734535593 4314459.110049903),342753.00734535593,4314459.110049903
12314603,-94.82,38.980000000000004,-94.80999999999999,38.970000000000006,1602,3518,POINT (342775.1252911985 4315568.932670448),342775.1252911985,4315568.932670448
12314602,-94.82,38.989999999999995,-94.80999999999999,38.98,1601,3518,POINT (342797.2480430781 4316678.757007324),342797.2480430781,4316678.757007324
12314601,-94.82,39.0,-94.80999999999999,38.99,1600,3518,POINT (342819.37560033856 4317788.583060671),342819.37560033856,4317788.583060671
12314600,-94.82,39.01,-94.80999999999999,39.0,1599,3518,POINT (342841.50796232314 4318898.410830617),342841.50796232314,4318898.410830617
12314599,-94.82,39.019999999999996,-94.80999999999999,39.01,1598,3518,POINT (342863.64512837504 4320008.240317297),342863.64512837504,4320008.240317297
12314598,-94.82,39.03,-94.80999999999999,39.02,1597,3518,POINT (342885.7870978372 4321118.071520844),342885.7870978372,4321118.071520844
12314597,-94.82,39.04,-94.80999999999999,39.03,1596,3518,POINT (342907.9338700527 4322227.904441384),342907.9338700527,4322227.904441384
12314623,-94.82,38.78,-94.80999999999999,38.77,1622,3518,POINT (342333.68039346323 4293372.80618501),342333.68039346323,4293372.80618501
12314622,-94.82,38.79,-94.80999999999999,38.78,1621,3518,POINT (342355.7069000643 4294482.596220708),342355.7069000643,4294482.596220708
12314621,-94.82,38.8,-94.80999999999999,38.79,1620,3518,POINT (342377.7382251475 4295592.387970178),342377.7382251475,4295592.387970178
12314620,-94.82,38.81,-94.80999999999999,38.800000000000004,1619,3518,POINT (342399.7743680589 4296702.181433559),342399.7743680589,4296702.181433559
12314619,-94.82,38.82,-94.80999999999999,38.81,1618,3518,POINT (342421.81532814505 4297811.97661098),342421.81532814505,4297811.97661098
12314615,-94.82,38.86,-94.80999999999999,38.85,1614,3518,POINT (342510.0273271544 4302251.174463838),342510.0273271544,4302251.174463838
12314614,-94.82,38.870000000000005,-94.80999999999999,38.86000000000001,1613,3518,POINT (342532.09236330155 4303360.978213526),342532.09236330155,4303360.978213526
12314613,-94.82,38.879999999999995,-94.80999999999999,38.87,1612,3518,POINT (342554.1622126973 4304470.78367807),342554.1622126973,4304470.78367807
12314612,-94.82,38.89,-94.80999999999999,38.88,1611,3518,POINT (342576.23687468714 4305580.590857611),342576.23687468714,4305580.590857611
12314611,-94.82,38.9,-94.80999999999999,38.89,1610,3518,POINT (342598.3163486158 4306690.399752282),342598.3163486158,4306690.399752282
12314610,-94.82,38.91,-94.80999999999999,38.9,1609,3518,POINT (342620.4006338283 4307800.210362218),342620.4006338283,4307800.210362218
12314609,-94.82,38.92,-94.80999999999999,38.910000000000004,1608,3518,POINT (342642.4897296693 4308910.022687552),342642.4897296693,4308910.022687552
12314608,-94.82,38.93,-94.80999999999999,38.92,1607,3518,POINT (342664.5836354833 4310019.836728419),342664.5836354833,4310019.836728419
12311112,-94.83,38.89,-94.82,38.88,1611,3517,POINT (341708.82569790655 4305597.893566965),341708.82569790655,4305597.893566965
12311111,-94.83,38.9,-94.82,38.89,1610,3517,POINT (341731.02693084074 4306707.703776631),341731.02693084074,4306707.703776631
12311110,-94.83,38.91,-94.82,38.9,1609,3517,POINT (341753.23300154856 4307817.515699454),341753.23300154856,4307817.515699454
12311109,-94.83,38.92,-94.82,38.910000000000004,1608,3517,POINT (341775.4439093707 4308927.3293355685),341775.4439093707,4308927.3293355685
12311108,-94.83,38.93,-94.82,38.92,1607,3517,POINT (341797.65965364844 4310037.144685108),341797.65965364844,4310037.144685108
12311107,-94.83,38.94,-94.82,38.93,1606,3517,POINT (341819.8802337224 4311146.96174821),341819.8802337224,4311146.96174821
12311106,-94.83,38.95,-94.82,38.940000000000005,1605,3517,POINT (341842.10564893315 4312256.780525005),341842.10564893315,4312256.780525005
12311105,-94.83,38.96,-94.82,38.95,1604,3517,POINT (341864.33589862124 4313366.601015628),341864.33589862124,4313366.601015628
12311104,-94.83,38.97,-94.82,38.96,1603,3517,POINT (341886.57098212687 4314476.423220213),341886.57098212687,4314476.423220213
12311121,-94.83,38.8,-94.82,38.79,1620,3517,POINT (341509.2324099509 4295609.678749802),341509.2324099509,4295609.678749802
12311120,-94.83,38.81,-94.82,38.800000000000004,1619,3517,POINT (341531.39007329766 4296719.473547131),341531.39007329766,4296719.473547131
12311103,-94.83,38.980000000000004,-94.82,38.970000000000006,1602,3517,POINT (341908.8108987905 4315586.247138891),341908.8108987905,4315586.247138891
12311102,-94.83,38.989999999999995,-94.82,38.98,1601,3517,POINT (341931.0556479517 4316696.072771794),341931.0556479517,4316696.072771794
12311101,-94.83,39.0,-94.82,38.99,1600,3517,POINT (341953.3052289507 4317805.900119061),341953.3052289507,4317805.900119061
12311100,-94.83,39.01,-94.82,39.0,1599,3517,POINT (341975.559641127 4318915.729180816),341975.559641127,4318915.729180816
12311099,-94.83,39.019999999999996,-94.82,39.01,1598,3517,POINT (341997.8188838204 4320025.559957198),341997.8188838204,4320025.559957198
12311098,-94.83,39.03,-94.82,39.02,1597,3517,POINT (342020.0829563701 4321135.392448337),342020.0829563701,4321135.392448337
12363626,-94.68,38.75,-94.67,38.74,1625,3532,POINT (354435.10434956604 4289811.449108145),354435.10434956604,4289811.449108145
12363625,-94.68,38.76,-94.67,38.75,1624,3532,POINT (354455.417151668 4290921.215953826),354455.417151668,4290921.215953826
12363624,-94.68,38.769999999999996,-94.67,38.76,1623,3532,POINT (354475.73440261424 4292030.984541116),354475.73440261424,4292030.984541116
12363623,-94.68,38.78,-94.67,38.77,1622,3532,POINT (354496.0561018024 4293140.754870154),354496.0561018024,4293140.754870154
12363622,-94.68,38.79,-94.67,38.78,1621,3532,POINT (354516.3822486298 4294250.526941075),354516.3822486298,4294250.526941075
12363621,-94.68,38.8,-94.67,38.79,1620,3532,POINT (354536.71284249367 4295360.300754023),354536.71284249367,4295360.300754023
12363620,-94.68,38.81,-94.67,38.800000000000004,1619,3532,POINT (354557.0478827912 4296470.076309136),354557.0478827912,4296470.076309136
12363619,-94.68,38.82,-94.67,38.81,1618,3532,POINT (354577.38736891915 4297579.853606552),354577.38736891915,4297579.853606552
12388109,-94.61,38.92,-94.6,38.910000000000004,1608,3539,POINT (360850.2248659992 4308568.566571546),360850.2248659992,4308568.566571546
12388108,-94.61,38.93,-94.6,38.92,1607,3539,POINT (360869.7605615869 4309678.354785811),360869.7605615869,4309678.354785811
12388107,-94.61,38.94,-94.6,38.93,1606,3539,POINT (360889.30051036924 4310788.144757321),360889.30051036924,4310788.144757321
12388106,-94.61,38.95,-94.6,38.940000000000005,1605,3539,POINT (360908.8447117669 4311897.93648621),360908.8447117669,4311897.93648621
12363614,-94.68,38.870000000000005,-94.67,38.86000000000001,1613,3532,POINT (354679.1514659011 4303128.766233027),354679.1514659011,4303128.766233027
12363613,-94.68,38.879999999999995,-94.67,38.87,1612,3532,POINT (354699.5176143406 4304238.553987163),354699.5176143406,4304238.553987163
12363612,-94.68,38.89,-94.67,38.88,1611,3532,POINT (354719.88820438547 4305348.343484573),354719.88820438547,4305348.343484573
12363611,-94.68,38.9,-94.67,38.89,1610,3532,POINT (354740.2632354315 4306458.134725388),354740.2632354315,4306458.134725388
12363610,-94.68,38.91,-94.67,38.9,1609,3532,POINT (354760.6427068745 4307567.927709748),354760.6427068745,4307567.927709748
12363609,-94.68,38.92,-94.67,38.910000000000004,1608,3532,POINT (354781.0266181099 4308677.722437785),354781.0266181099,4308677.722437785
12363608,-94.68,38.93,-94.67,38.92,1607,3532,POINT (354801.4149685331 4309787.518909642),354801.4149685331,4309787.518909642
12363607,-94.68,38.94,-94.67,38.93,1606,3532,POINT (354821.8077575395 4310897.317125449),354821.8077575395,4310897.317125449
12363606,-94.68,38.95,-94.67,38.940000000000005,1605,3532,POINT (354842.20498452417 4312007.117085347),354842.20498452417,4312007.117085347
12363605,-94.68,38.96,-94.67,38.95,1604,3532,POINT (354862.60664888215 4313116.918789469),354862.60664888215,4313116.918789469
12363604,-94.68,38.97,-94.67,38.96,1603,3532,POINT (354883.01275000826 4314226.72223795),354883.01275000826,4314226.72223795
12363603,-94.68,38.980000000000004,-94.67,38.970000000000006,1602,3532,POINT (354903.42328729725 4315336.527430931),354903.42328729725,4315336.527430931
12363602,-94.68,38.989999999999995,-94.67,38.98,1601,3532,POINT (354923.83826014376 4316446.334368539),354923.83826014376,4316446.334368539
12286604,-94.9,38.97,-94.89,38.96,1603,3510,POINT (335821.48765123077 4314600.281449193),335821.48765123077,4314600.281449193
12286603,-94.9,38.980000000000004,-94.89,38.970000000000006,1602,3510,POINT (335844.58141444746 4315710.114653749),335844.58141444746,4315710.114653749
12286602,-94.9,38.989999999999995,-94.89,38.98,1601,3510,POINT (335867.680195377 4316819.949557446),335867.680195377,4316819.949557446
12286601,-94.9,39.0,-94.89,38.99,1600,3510,POINT (335890.7839933338 4317929.786160423),335890.7839933338,4317929.786160423
12339119,-94.75,38.82,-94.74,38.81,1618,3525,POINT (348499.62580933433 4297693.585310403),348499.62580933433,4297693.585310403
12339118,-94.75,38.83,-94.74,38.82,1617,3525,POINT (348520.82062116324 4298803.373097703),348520.82062116324,4298803.373097703
12339117,-94.75,38.84,-94.74,38.830000000000005,1616,3525,POINT (348542.02006324474 4299913.162613734),348542.02006324474,4299913.162613734
12339116,-94.75,38.85,-94.74,38.84,1615,3525,POINT (348563.2241349498 4301022.953858636),348563.2241349498,4301022.953858636
12339115,-94.75,38.86,-94.74,38.85,1614,3525,POINT (348584.4328356497 4302132.746832544),348584.4328356497,4302132.746832544
12339114,-94.75,38.870000000000005,-94.74,38.86000000000001,1613,3525,POINT (348605.64616471506 4303242.541535598),348605.64616471506,4303242.541535598
12339113,-94.75,38.879999999999995,-94.74,38.87,1612,3525,POINT (348626.8641215167 4304352.337967926),348626.8641215167,4304352.337967926
12339112,-94.75,38.89,-94.74,38.88,1611,3525,POINT (348648.08670542523 4305462.1361296745),348648.08670542523,4305462.1361296745
12339111,-94.75,38.9,-94.74,38.89,1610,3525,POINT (348669.3139158111 4306571.936020973),348669.3139158111,4306571.936020973
12339110,-94.75,38.91,-94.74,38.9,1609,3525,POINT (348690.54575204453 4307681.737641962),348690.54575204453,4307681.737641962
12339109,-94.75,38.92,-94.74,38.910000000000004,1608,3525,POINT (348711.7822134957 4308791.540992772),348711.7822134957,4308791.540992772
12339108,-94.75,38.93,-94.74,38.92,1607,3525,POINT (348733.02329953463 4309901.346073542),348733.02329953463,4309901.346073542
12339107,-94.75,38.94,-94.74,38.93,1606,3525,POINT (348754.26900953124 4311011.152884407),348754.26900953124,4311011.152884407
12339106,-94.75,38.95,-94.74,38.940000000000005,1605,3525,POINT (348775.519342855 4312120.961425499),348775.519342855,4312120.961425499
12339105,-94.75,38.96,-94.74,38.95,1604,3525,POINT (348796.77429887577 4313230.771696958),348796.77429887577,4313230.771696958
12339104,-94.75,38.97,-94.74,38.96,1603,3525,POINT (348818.0338769628 4314340.583698914),348818.0338769628,4314340.583698914
12339124,-94.75,38.769999999999996,-94.74,38.76,1623,3525,POINT (348393.72122597636 4292144.672300079),348393.72122597636,4292144.672300079
12339123,-94.75,38.78,-94.74,38.77,1622,3525,POINT (348414.8928771153 4293254.451445782),348414.8928771153,4293254.451445782
12339122,-94.75,38.79,-94.74,38.78,1621,3525,POINT (348436.06916164875 4294364.232319525),348436.06916164875,4294364.232319525
12339121,-94.75,38.8,-94.74,38.79,1620,3525,POINT (348457.25007894856 4295474.014921452),348457.25007894856,4295474.014921452
12339120,-94.75,38.81,-94.74,38.800000000000004,1619,3525,POINT (348478.43562838656 4296583.799251701),348478.43562838656,4296583.799251701
12339103,-94.75,38.980000000000004,-94.74,38.970000000000006,1602,3525,POINT (348839.2980764854 4315450.397431506),348839.2980764854,4315450.397431506
12339102,-94.75,38.989999999999995,-94.74,38.98,1601,3525,POINT (348860.56689681264 4316560.212894862),348860.56689681264,4316560.212894862
12339101,-94.75,39.0,-94.74,38.99,1600,3525,POINT (348881.8403373137 4317670.03008912),348881.8403373137,4317670.03008912
12339100,-94.75,39.01,-94.74,39.0,1599,3525,POINT (348903.1183973572 4318779.849014413),348903.1183973572,4318779.849014413
12339099,-94.75,39.019999999999996,-94.74,39.01,1598,3525,POINT (348924.40107631194 4319889.669670875),348924.40107631194,4319889.669670875
12384611,-94.62,38.9,-94.61,38.89,1610,3538,POINT (359943.89714207174 4306364.301333355),359943.89714207174,4306364.301333355
12384610,-94.62,38.91,-94.61,38.9,1609,3538,POINT (359963.54607956763 4307474.087195414),359963.54607956763,4307474.087195414
12384609,-94.62,38.92,-94.61,38.910000000000004,1608,3538,POINT (359983.19929790875 4308583.874812578),359983.19929790875,4308583.874812578
12384608,-94.62,38.93,-94.61,38.92,1607,3538,POINT (360002.85679651244 4309693.664184985),360002.85679651244,4309693.664184985
12384607,-94.62,38.94,-94.61,38.93,1606,3538,POINT (360022.51857479574 4310803.455312771),360022.51857479574,4310803.455312771
12384606,-94.62,38.95,-94.61,38.940000000000005,1605,3538,POINT (360042.18463217554 4311913.248196072),360042.18463217554,4311913.248196072
12384605,-94.62,38.96,-94.61,38.95,1604,3538,POINT (360061.8549680686 4313023.042835029),360061.8549680686,4313023.042835029
12360111,-94.69,38.9,-94.67999999999999,38.89,1610,3531,POINT (353872.98764202255 4306474.106615387),353872.98764202255,4306474.106615387
12360110,-94.69,38.91,-94.67999999999999,38.9,1609,3531,POINT (353893.48887483793 4307583.900811974),353893.48887483793,4307583.900811974
12360109,-94.69,38.92,-94.67999999999999,38.910000000000004,1608,3531,POINT (353913.9945739358 4308693.696750296),353913.9945739358,4308693.696750296
12360108,-94.69,38.93,-94.67999999999999,38.92,1607,3531,POINT (353934.5047387082 4309803.49443049),353934.5047387082,4309803.49443049
12360107,-94.69,38.94,-94.67999999999999,38.93,1606,3531,POINT (353955.01936854667 4310913.293852692),353955.01936854667,4310913.293852692
12360106,-94.69,38.95,-94.67999999999999,38.940000000000005,1605,3531,POINT (353975.5384628427 4312023.095017036),353975.5384628427,4312023.095017036
12360105,-94.69,38.96,-94.67999999999999,38.95,1604,3531,POINT (353996.06202098774 4313132.897923662),353996.06202098774,4313132.897923662
12360104,-94.69,38.97,-94.67999999999999,38.96,1603,3531,POINT (354016.59004237293 4314242.702572702),354016.59004237293,4314242.702572702
12360103,-94.69,38.980000000000004,-94.67999999999999,38.970000000000006,1602,3531,POINT (354037.1225263895 4315352.508964295),354037.1225263895,4315352.508964295
12360102,-94.69,38.989999999999995,-94.67999999999999,38.98,1601,3531,POINT (354057.65947242815 4316462.317098568),354057.65947242815,4316462.317098568
12360127,-94.69,38.739999999999995,-94.67999999999999,38.73,1626,3531,POINT (353545.5758271703 4288717.636233918),353545.5758271703,4288717.636233918
12360126,-94.69,38.75,-94.67999999999999,38.74,1625,3531,POINT (353566.00551686157 4289827.402581458),353566.00551686157,4289827.402581458
12360125,-94.69,38.76,-94.67999999999999,38.75,1624,3531,POINT (353586.4396825477 4290937.17066852),353586.4396825477,4290937.17066852
12360124,-94.69,38.769999999999996,-94.67999999999999,38.76,1623,3531,POINT (353606.8783236229 4292046.940495249),353606.8783236229,4292046.940495249
12360123,-94.69,38.78,-94.67999999999999,38.77,1622,3531,POINT (353627.3214394809 4293156.712061781),353627.3214394809,4293156.712061781
12335599,-94.75999999999999,39.019999999999996,-94.74999999999999,39.01,1598,3524,POINT (348058.5817342177 4319906.322612134),348058.5817342177,4319906.322612134
12360122,-94.69,38.79,-94.67999999999999,38.78,1621,3531,POINT (353647.76902951533 4294266.485368256),353647.76902951533,4294266.485368256
12360121,-94.69,38.8,-94.67999999999999,38.79,1620,3531,POINT (353668.22109312005 4295376.260414815),353668.22109312005,4295376.260414815
12360120,-94.69,38.81,-94.67999999999999,38.800000000000004,1619,3531,POINT (353688.67762968846 4296486.0372015955),353688.67762968846,4296486.0372015955
12360119,-94.69,38.82,-94.67999999999999,38.81,1618,3531,POINT (353709.13863861375 4297595.815728732),353709.13863861375,4297595.815728732
12360118,-94.69,38.83,-94.67999999999999,38.82,1617,3531,POINT (353729.6041192893 4298705.5959963715),353729.6041192893,4298705.5959963715
12360115,-94.69,38.86,-94.67999999999999,38.85,1614,3531,POINT (353791.02738574706 4302034.947243659),353791.02738574706,4302034.947243659
12360114,-94.69,38.870000000000005,-94.67999999999999,38.86000000000001,1613,3531,POINT (353811.5107473525 4303144.734474675),353811.5107473525,4303144.734474675
12360113,-94.69,38.879999999999995,-94.67999999999999,38.87,1612,3531,POINT (353831.99857767206 4304254.523446872),353831.99857767206,4304254.523446872
12360112,-94.69,38.89,-94.67999999999999,38.88,1611,3531,POINT (353852.490876098 4305364.314160398),353852.490876098,4305364.314160398
12335615,-94.75999999999999,38.86,-94.74999999999999,38.85,1614,3524,POINT (347716.6636400138 4302149.379686196),347716.6636400138,4302149.379686196
12335614,-94.75999999999999,38.870000000000005,-94.74999999999999,38.86000000000001,1613,3524,POINT (347737.99863628263 4303259.175659921),347737.99863628263,4303259.175659921
12335613,-94.75999999999999,38.879999999999995,-94.74999999999999,38.87,1612,3524,POINT (347759.3382867903 4304368.973360894),347759.3382867903,4304368.973360894
12335612,-94.75999999999999,38.89,-94.74999999999999,38.88,1611,3524,POINT (347780.68259090395 4305478.772789261),347780.68259090395,4305478.772789261
12335611,-94.75999999999999,38.9,-94.74999999999999,38.89,1610,3524,POINT (347802.0315479904 4306588.573945154),347802.0315479904,4306588.573945154
12335610,-94.75999999999999,38.91,-94.74999999999999,38.9,1609,3524,POINT (347823.38515741617 4307698.376828711),347823.38515741617,4307698.376828711
12335609,-94.75999999999999,38.92,-94.74999999999999,38.910000000000004,1608,3524,POINT (347844.7434185478 4308808.181440064),347844.7434185478,4308808.181440064
12335608,-94.75999999999999,38.93,-94.74999999999999,38.92,1607,3524,POINT (347866.10633075173 4309917.98777935),347866.10633075173,4309917.98777935
12335607,-94.75999999999999,38.94,-94.74999999999999,38.93,1606,3524,POINT (347887.47389339417 4311027.795846704),347887.47389339417,4311027.795846704
12335606,-94.75999999999999,38.95,-94.74999999999999,38.940000000000005,1605,3524,POINT (347908.8461058412 4312137.605642262),347908.8461058412,4312137.605642262
12335605,-94.75999999999999,38.96,-94.74999999999999,38.95,1604,3524,POINT (347930.22296745866 4313247.417166158),347930.22296745866,4313247.417166158
12335604,-94.75999999999999,38.97,-94.74999999999999,38.96,1603,3524,POINT (347951.6044776124 4314357.230418524),347951.6044776124,4314357.230418524
12335603,-94.75999999999999,38.980000000000004,-94.74999999999999,38.970000000000006,1602,3524,POINT (347972.99063566816 4315467.045399499),347972.99063566816,4315467.045399499
12335602,-94.75999999999999,38.989999999999995,-94.74999999999999,38.98,1601,3524,POINT (347994.3814409912 4316576.862109211),347994.3814409912,4316576.862109211
12335601,-94.75999999999999,39.0,-94.74999999999999,38.99,1600,3524,POINT (348015.77689294715 4317686.680547801),348015.77689294715,4317686.680547801
12335600,-94.75999999999999,39.01,-94.74999999999999,39.0,1599,3524,POINT (348037.1769909009 4318796.500715395),348037.1769909009,4318796.500715395
12335624,-94.75999999999999,38.769999999999996,-94.74999999999999,38.76,1623,3524,POINT (347524.85821872915 4292161.293626591),347524.85821872915,4292161.293626591
12335623,-94.75999999999999,38.78,-94.74999999999999,38.77,1622,3524,POINT (347546.1512983842 4293271.074061182),347546.1512983842,4293271.074061182
12335622,-94.75999999999999,38.79,-94.74999999999999,38.78,1621,3524,POINT (347567.449037969 4294380.856221793),347567.449037969,4294380.856221793
12335621,-94.75999999999999,38.8,-94.74999999999999,38.79,1620,3524,POINT (347588.75143685186 4295490.640108562),347588.75143685186,4295490.640108562
12335620,-94.75999999999999,38.81,-94.74999999999999,38.800000000000004,1619,3524,POINT (347610.05849440105 4296600.425721629),347610.05849440105,4296600.425721629
12335619,-94.75999999999999,38.82,-94.74999999999999,38.81,1618,3524,POINT (347631.37020998425 4297710.213061126),347631.37020998425,4297710.213061126
12335618,-94.75999999999999,38.83,-94.74999999999999,38.82,1617,3524,POINT (347652.6865829696 4298820.002127196),347652.6865829696,4298820.002127196
12335617,-94.75999999999999,38.84,-94.74999999999999,38.830000000000005,1616,3524,POINT (347674.0076127246 4299929.792919972),347674.0076127246,4299929.792919972
12335616,-94.75999999999999,38.85,-94.74999999999999,38.84,1615,3524,POINT (347695.33329861687 4301039.585439593),347695.33329861687,4301039.585439593
12304107,-94.85,38.94,-94.83999999999999,38.93,1606,3515,POINT (340086.2729270436 4311181.865850284),340086.2729270436,4311181.865850284
12304106,-94.85,38.95,-94.83999999999999,38.940000000000005,1605,3515,POINT (340108.7421304865 4312291.6872574175),340108.7421304865,4312291.6872574175
12304105,-94.85,38.96,-94.83999999999999,38.95,1604,3515,POINT (340131.21622134873 4313401.510374128),340131.21622134873,4313401.510374128
12304104,-94.85,38.97,-94.83999999999999,38.96,1603,3515,POINT (340153.6951989633 4314511.335200548),340153.6951989633,4314511.335200548
12304103,-94.85,38.980000000000004,-94.83999999999999,38.970000000000006,1602,3515,POINT (340176.1790626632 4315621.161736814),340176.1790626632,4315621.161736814
12304102,-94.85,38.989999999999995,-94.83999999999999,38.98,1601,3515,POINT (340198.66781178105 4316730.989983052),340198.66781178105,4316730.989983052
12304101,-94.85,39.0,-94.83999999999999,38.99,1600,3515,POINT (340221.16144564946 4317840.819939403),340221.16144564946,4317840.819939403
12304100,-94.85,39.01,-94.83999999999999,39.0,1599,3515,POINT (340243.6599636008 4318950.651605991),340243.6599636008,4318950.651605991
12304099,-94.85,39.019999999999996,-94.83999999999999,39.01,1598,3515,POINT (340266.16336496745 4320060.4849829525),340266.16336496745,4320060.4849829525
12304098,-94.85,39.03,-94.83999999999999,39.02,1597,3515,POINT (340288.6716490815 4321170.3200704185),340288.6716490815,4321170.3200704185
12300607,-94.86,38.94,-94.85,38.93,1606,3514,POINT (339219.46772609634 4311199.460691922),339219.46772609634,4311199.460691922
12300606,-94.86,38.95,-94.85,38.940000000000005,1605,3514,POINT (339242.05882637354 4312309.283424933),339242.05882637354,4312309.283424933
12300605,-94.86,38.96,-94.85,38.95,1604,3514,POINT (339264.65484054066 4313419.10786538),339264.65484054066,4313419.10786538
12300604,-94.86,38.97,-94.85,38.96,1603,3514,POINT (339287.25576792704 4314528.934013394),339287.25576792704,4314528.934013394
12300603,-94.86,38.980000000000004,-94.85,38.970000000000006,1602,3514,POINT (339309.8616078619 4315638.76186911),339309.8616078619,4315638.76186911
12300602,-94.86,38.989999999999995,-94.85,38.98,1601,3514,POINT (339332.4723596743 4316748.591432656),339332.4723596743,4316748.591432656
12300601,-94.86,39.0,-94.85,38.99,1600,3514,POINT (339355.0880226933 4317858.4227041695),339355.0880226933,4317858.4227041695
12300600,-94.86,39.01,-94.85,39.0,1599,3514,POINT (339377.7085962476 4318968.255683779),339377.7085962476,4318968.255683779
12300599,-94.86,39.019999999999996,-94.85,39.01,1598,3514,POINT (339400.33407966583 4320078.090371619),339400.33407966583,4320078.090371619
12300598,-94.86,39.03,-94.85,39.02,1597,3514,POINT (339422.9644722765 4321187.926767819),339422.9644722765,4321187.926767819
12353127,-94.71000000000001,38.739999999999995,-94.7,38.73,1626,3529,POINT (351807.1325494589 4288749.825776631),351807.1325494589,4288749.825776631
12353126,-94.71000000000001,38.75,-94.7,38.74,1625,3529,POINT (351827.80491822294 4289859.594632952),351827.80491822294,4289859.594632952
12353125,-94.71000000000001,38.76,-94.7,38.75,1624,3529,POINT (351848.4818160774 4290969.365224874),351848.4818160774,4290969.365224874
12353124,-94.71000000000001,38.769999999999996,-94.7,38.76,1623,3529,POINT (351869.163242409 4292079.137552543),351869.163242409,4292079.137552543
12353123,-94.71000000000001,38.78,-94.7,38.77,1622,3529,POINT (351889.84919660457 4293188.911616095),351889.84919660457,4293188.911616095
12353122,-94.71000000000001,38.79,-94.7,38.78,1621,3529,POINT (351910.5396780503 4294298.687415671),351910.5396780503,4294298.687415671
12353121,-94.71000000000001,38.8,-94.7,38.79,1620,3529,POINT (351931.23468613287 4295408.46495141),351931.23468613287,4295408.46495141
12377612,-94.64,38.89,-94.63,38.88,1611,3536,POINT (358189.4681046753 4305285.412121484),358189.4681046753,4305285.412121484
12353120,-94.71000000000001,38.81,-94.7,38.800000000000004,1619,3529,POINT (351951.93422023853 4296518.24422345),351951.93422023853,4296518.24422345
12377611,-94.64,38.9,-94.63,38.89,1610,3536,POINT (358209.3562126028 4306395.19857766),358209.3562126028,4306395.19857766
12377610,-94.64,38.91,-94.63,38.9,1609,3536,POINT (358229.24865494925 4307504.986785044),358229.24865494925,4307504.986785044
12377609,-94.64,38.92,-94.63,38.910000000000004,1608,3536,POINT (358249.1454311244 4308614.776743766),358249.1454311244,4308614.776743766
12377608,-94.64,38.93,-94.63,38.92,1607,3536,POINT (358269.04654053826 4309724.568453971),358269.04654053826,4309724.568453971
12377607,-94.64,38.94,-94.63,38.93,1606,3536,POINT (358288.95198260073 4310834.361915791),358288.95198260073,4310834.361915791
12377606,-94.64,38.95,-94.63,38.940000000000005,1605,3536,POINT (358308.8617567215 4311944.157129367),358308.8617567215,4311944.157129367
12377605,-94.64,38.96,-94.63,38.95,1604,3536,POINT (358328.77586230997 4313053.954094833),358328.77586230997,4313053.954094833
12377604,-94.64,38.97,-94.63,38.96,1603,3536,POINT (358348.69429877563 4314163.752812325),358348.69429877563,4314163.752812325
12353119,-94.71000000000001,38.82,-94.7,38.81,1618,3529,POINT (351972.63827975316 4297628.025231927),351972.63827975316,4297628.025231927
12353118,-94.71000000000001,38.83,-94.7,38.82,1617,3529,POINT (351993.3468640627 4298737.807976982),351993.3468640627,4298737.807976982
12353117,-94.71000000000001,38.84,-94.7,38.830000000000005,1616,3529,POINT (352014.05997255316 4299847.59245875),352014.05997255316,4299847.59245875
12353116,-94.71000000000001,38.85,-94.7,38.84,1615,3529,POINT (352034.77760461014 4300957.378677374),352034.77760461014,4300957.378677374
12353115,-94.71000000000001,38.86,-94.7,38.85,1614,3529,POINT (352055.4997596191 4302067.166632987),352055.4997596191,4302067.166632987
12353114,-94.71000000000001,38.870000000000005,-94.7,38.86000000000001,1613,3529,POINT (352076.22643696546 4303176.956325729),352076.22643696546,4303176.956325729
12353113,-94.71000000000001,38.879999999999995,-94.7,38.87,1612,3529,POINT (352096.95763603435 4304286.747755731),352096.95763603435,4304286.747755731
12353112,-94.71000000000001,38.89,-94.7,38.88,1611,3529,POINT (352117.6933562112 4305396.54092314),352117.6933562112,4305396.54092314
12353111,-94.71000000000001,38.9,-94.7,38.89,1610,3529,POINT (352138.4335968805 4306506.335828086),352138.4335968805,4306506.335828086
12353110,-94.71000000000001,38.91,-94.7,38.9,1609,3529,POINT (352159.1783574275 4307616.132470708),352159.1783574275,4307616.132470708
12353109,-94.71000000000001,38.92,-94.7,38.910000000000004,1608,3529,POINT (352179.92763723654 4308725.930851138),352179.92763723654,4308725.930851138
12353108,-94.71000000000001,38.93,-94.7,38.92,1607,3529,POINT (352200.68143569224 4309835.730969518),352200.68143569224,4309835.730969518
12353107,-94.71000000000001,38.94,-94.7,38.93,1606,3529,POINT (352221.4397521792 4310945.532825979),352221.4397521792,4310945.532825979
12353106,-94.71000000000001,38.95,-94.7,38.940000000000005,1605,3529,POINT (352242.20258608134 4312055.33642066),352242.20258608134,4312055.33642066
12353105,-94.71000000000001,38.96,-94.7,38.95,1604,3529,POINT (352262.96993678296 4313165.141753695),352262.96993678296,4313165.141753695
12353104,-94.71000000000001,38.97,-94.7,38.96,1603,3529,POINT (352283.74180366803 4314274.94882522),352283.74180366803,4314274.94882522
12328623,-94.78,38.78,-94.77,38.77,1622,3522,POINT (345808.665102093 4293304.604490998),345808.665102093,4293304.604490998
12328622,-94.78,38.79,-94.77,38.78,1621,3522,POINT (345830.205756985 4294414.389247327),345830.205756985,4294414.389247327
12328621,-94.78,38.8,-94.77,38.79,1620,3522,POINT (345851.7511242377 4295524.175725732),345851.7511242377,4295524.175725732
12328620,-94.78,38.81,-94.77,38.800000000000004,1619,3522,POINT (345873.3012032118 4296633.963926352),345873.3012032118,4296633.963926352
12328619,-94.78,38.82,-94.77,38.81,1618,3522,POINT (345894.8559932681 4297743.753849318),345894.8559932681,4297743.753849318
12328618,-94.78,38.83,-94.77,38.82,1617,3522,POINT (345916.4154937672 4298853.5454947725),345916.4154937672,4298853.5454947725
12328617,-94.78,38.84,-94.77,38.830000000000005,1616,3522,POINT (345937.97970406944 4299963.338862852),345937.97970406944,4299963.338862852
12328616,-94.78,38.85,-94.77,38.84,1615,3522,POINT (345959.5486235352 4301073.133953691),345959.5486235352,4301073.133953691
12328615,-94.78,38.86,-94.77,38.85,1614,3522,POINT (345981.12225152453 4302182.930767429),345981.12225152453,4302182.930767429
12328614,-94.78,38.870000000000005,-94.77,38.86000000000001,1613,3522,POINT (346002.7005873975 4303292.729304201),346002.7005873975,4303292.729304201
12328613,-94.78,38.879999999999995,-94.77,38.87,1612,3522,POINT (346024.2836305138 4304402.529564137),346024.2836305138,4304402.529564137
12328612,-94.78,38.89,-94.77,38.88,1611,3522,POINT (346045.8713802333 4305512.331547381),346045.8713802333,4305512.331547381
12328611,-94.78,38.9,-94.77,38.89,1610,3522,POINT (346067.46383591555 4306622.1352540655),346067.46383591555,4306622.1352540655
12328610,-94.78,38.91,-94.77,38.9,1609,3522,POINT (346089.06099691987 4307731.940684328),346089.06099691987,4307731.940684328
12328609,-94.78,38.92,-94.77,38.910000000000004,1608,3522,POINT (346110.6628626054 4308841.7478383),346110.6628626054,4308841.7478383
12328608,-94.78,38.93,-94.77,38.92,1607,3522,POINT (346132.26943233144 4309951.556716117),346132.26943233144,4309951.556716117
12328624,-94.78,38.769999999999996,-94.77,38.76,1623,3522,POINT (345787.1291602005 4292194.821456605),345787.1291602005,4292194.821456605
12328607,-94.78,38.94,-94.77,38.93,1606,3522,POINT (346153.8807054567 4311061.367317917),346153.8807054567,4311061.367317917
12328606,-94.78,38.95,-94.77,38.940000000000005,1605,3522,POINT (346175.49668134016 4312171.179643832),346175.49668134016,4312171.179643832
12328605,-94.78,38.96,-94.77,38.95,1604,3522,POINT (346197.1173593406 4313280.993693996),346197.1173593406,4313280.993693996
12328604,-94.78,38.97,-94.77,38.96,1603,3522,POINT (346218.74273881625 4314390.809468545),346218.74273881625,4314390.809468545
12328603,-94.78,38.980000000000004,-94.77,38.970000000000006,1602,3522,POINT (346240.37281912565 4315500.626967613),346240.37281912565,4315500.626967613
12328602,-94.78,38.989999999999995,-94.77,38.98,1601,3522,POINT (346262.0075996269 4316610.44619133),346262.0075996269,4316610.44619133
12328601,-94.78,39.0,-94.77,38.99,1600,3522,POINT (346283.6470796782 4317720.267139835),346283.6470796782,4317720.267139835
12328600,-94.78,39.01,-94.77,39.0,1599,3522,POINT (346305.2912586373 4318830.089813257),346305.2912586373,4318830.089813257
12328599,-94.78,39.019999999999996,-94.77,39.01,1598,3522,POINT (346326.9401358622 4319939.914211731),346326.9401358622,4319939.914211731
12374113,-94.65,38.879999999999995,-94.64,38.87,1612,3535,POINT (357302.0690554967 4304191.216371423),357302.0690554967,4304191.216371423
12374112,-94.65,38.89,-94.64,38.88,1611,3535,POINT (357322.07453025726 4305301.00226378),357322.07453025726,4305301.00226378
12374111,-94.65,38.9,-94.64,38.89,1610,3535,POINT (357342.0843665248 4306410.789905307),357342.0843665248,4306410.789905307
12374110,-94.65,38.91,-94.64,38.9,1609,3535,POINT (357362.09856370615 4307520.579296143),357362.09856370615,4307520.579296143
12374109,-94.65,38.92,-94.64,38.910000000000004,1608,3535,POINT (357382.1171212075 4308630.370436422),357382.1171212075,4308630.370436422
12374108,-94.65,38.93,-94.64,38.92,1607,3535,POINT (357402.14003843535 4309740.163326281),357402.14003843535,4309740.163326281
12374107,-94.65,38.94,-94.64,38.93,1606,3535,POINT (357422.1673147959 4310849.95796586),357422.1673147959,4310849.95796586
12374106,-94.65,38.95,-94.64,38.940000000000005,1605,3535,POINT (357442.198949695 4311959.754355295),357442.198949695,4311959.754355295
12374105,-94.65,38.96,-94.64,38.95,1604,3535,POINT (357462.2349425388 4313069.552494721),357462.2349425388,4313069.552494721
12374104,-94.65,38.97,-94.64,38.96,1603,3535,POINT (357482.27529273287 4314179.352384273),357482.27529273287,4314179.352384273
12374103,-94.65,38.980000000000004,-94.64,38.970000000000006,1602,3535,POINT (357502.31999968295 4315289.154024092),357502.31999968295,4315289.154024092
12325103,-94.78999999999999,38.980000000000004,-94.77999999999999,38.970000000000006,1602,3521,POINT (345374.06243231567 4315517.560570445),345374.06243231567,4315517.560570445
12325102,-94.78999999999999,38.989999999999995,-94.77999999999999,38.98,1601,3521,POINT (345395.819203019 4316627.381061807),345395.819203019,4316627.381061807
12325101,-94.78999999999999,39.0,-94.77999999999999,38.99,1600,3521,POINT (345417.5806997305 4317737.203275898),345417.5806997305,4317737.203275898
12325100,-94.78999999999999,39.01,-94.77999999999999,39.0,1599,3521,POINT (345439.34692180436 4318847.027212841),345439.34692180436,4318847.027212841
12325099,-94.78999999999999,39.019999999999996,-94.77999999999999,39.01,1598,3521,POINT (345461.1178685948 4319956.852872778),345461.1178685948,4319956.852872778
12325119,-94.78999999999999,38.82,-94.77999999999999,38.81,1618,3521,POINT (345026.5973645018 4297760.666889512),345026.5973645018,4297760.666889512
12325118,-94.78999999999999,38.83,-94.77999999999999,38.82,1617,3521,POINT (345048.27843137796 4298870.459835582),345048.27843137796,4298870.459835582
12325117,-94.78999999999999,38.84,-94.77999999999999,38.830000000000005,1616,3521,POINT (345069.96423457353 4299980.254502217),345069.96423457353,4299980.254502217
12325116,-94.78999999999999,38.85,-94.77999999999999,38.84,1615,3521,POINT (345091.6547734454 4301090.0508895535),345091.6547734454,4301090.0508895535
12325115,-94.78999999999999,38.86,-94.77999999999999,38.85,1614,3521,POINT (345113.3500473498 4302199.848997728),345113.3500473498,4302199.848997728
12325114,-94.78999999999999,38.870000000000005,-94.77999999999999,38.86000000000001,1613,3521,POINT (345135.05005564337 4303309.648826877),345135.05005564337,4303309.648826877
12325113,-94.78999999999999,38.879999999999995,-94.77999999999999,38.87,1612,3521,POINT (345156.754797682 4304419.45037713),345156.754797682,4304419.45037713
12325112,-94.78999999999999,38.89,-94.77999999999999,38.88,1611,3521,POINT (345178.46427282196 4305529.253648631),345178.46427282196,4305529.253648631
12325111,-94.78999999999999,38.9,-94.77999999999999,38.89,1610,3521,POINT (345200.1784804191 4306639.058641514),345200.1784804191,4306639.058641514
12325110,-94.78999999999999,38.91,-94.77999999999999,38.9,1609,3521,POINT (345221.89741982927 4307748.865355912),345221.89741982927,4307748.865355912
12325109,-94.78999999999999,38.92,-94.77999999999999,38.910000000000004,1608,3521,POINT (345243.62109040795 4308858.673791959),345243.62109040795,4308858.673791959
12325108,-94.78999999999999,38.93,-94.77999999999999,38.92,1607,3521,POINT (345265.34949151066 4309968.483949792),345265.34949151066,4309968.483949792
12325107,-94.78999999999999,38.94,-94.77999999999999,38.93,1606,3521,POINT (345287.0826224927 4311078.295829545),345287.0826224927,4311078.295829545
12325106,-94.78999999999999,38.95,-94.77999999999999,38.940000000000005,1605,3521,POINT (345308.8204827093 4312188.109431352),345308.8204827093,4312188.109431352
12325105,-94.78999999999999,38.96,-94.77999999999999,38.95,1604,3521,POINT (345330.5630715154 4313297.924755349),345330.5630715154,4313297.924755349
12325104,-94.78999999999999,38.97,-94.77999999999999,38.96,1603,3521,POINT (345352.31038826593 4314407.741801667),345352.31038826593,4314407.741801667
12349615,-94.72,38.86,-94.71,38.85,1614,3528,POINT (351187.73449608707 4302083.419003285),351187.73449608707,4302083.419003285
12349614,-94.72,38.870000000000005,-94.71,38.86000000000001,1613,3528,POINT (351208.58283381874 4303193.2099377485),351208.58283381874,4303193.2099377485
12349613,-94.72,38.879999999999995,-94.71,38.87,1612,3528,POINT (351229.43571977684 4304303.002607493),351229.43571977684,4304303.002607493
12349612,-94.72,38.89,-94.71,38.88,1611,3528,POINT (351250.2931533429 4305412.797012665),351250.2931533429,4305412.797012665
12349611,-94.72,38.9,-94.71,38.89,1610,3528,POINT (351271.1551338983 4306522.593153395),351271.1551338983,4306522.593153395
12349610,-94.72,38.91,-94.71,38.9,1609,3528,POINT (351292.0216608242 4307632.391029823),351292.0216608242,4307632.391029823
12349609,-94.72,38.92,-94.71,38.910000000000004,1608,3528,POINT (351312.8927335015 4308742.190642078),351312.8927335015,4308742.190642078
12349608,-94.72,38.93,-94.71,38.92,1607,3528,POINT (351333.7683513112 4309851.991990303),351333.7683513112,4309851.991990303
12349607,-94.72,38.94,-94.71,38.93,1606,3528,POINT (351354.6485136341 4310961.7950746305),351354.6485136341,4310961.7950746305
12349606,-94.72,38.95,-94.71,38.940000000000005,1605,3528,POINT (351375.53321985074 4312071.599895197),351375.53321985074,4312071.599895197
12349605,-94.72,38.96,-94.71,38.95,1604,3528,POINT (351396.4224693417 4313181.406452138),351396.4224693417,4313181.406452138
12349604,-94.72,38.97,-94.71,38.96,1603,3528,POINT (351417.3162614872 4314291.214745588),351417.3162614872,4314291.214745588
12349603,-94.72,38.980000000000004,-94.71,38.970000000000006,1602,3528,POINT (351438.21459566744 4315401.024775683),351438.21459566744,4315401.024775683
12349602,-94.72,38.989999999999995,-94.71,38.98,1601,3528,POINT (351459.1174712624 4316510.836542553),351459.1174712624,4316510.836542553
12349601,-94.72,39.0,-94.71,38.99,1600,3528,POINT (351480.02488765214 4317620.65004634),351480.02488765214,4317620.65004634
12349600,-94.72,39.01,-94.71,39.0,1599,3528,POINT (351500.9368442164 4318730.465287172),351500.9368442164,4318730.465287172
12349626,-94.72,38.75,-94.71,38.74,1625,3528,POINT (350958.7031407437 4289875.833213751),350958.7031407437,4289875.833213751
12349625,-94.72,38.76,-94.71,38.75,1624,3528,POINT (350979.50140720175 4290985.605069152),350979.50140720175,4290985.605069152
12349624,-94.72,38.769999999999996,-94.71,38.76,1623,3528,POINT (351000.3042286809 4292095.378658324),351000.3042286809,4292095.378658324
12349623,-94.72,38.78,-94.71,38.77,1622,3528,POINT (351021.1116045639 4293205.153981402),351021.1116045639,4293205.153981402
12349622,-94.72,38.79,-94.71,38.78,1621,3528,POINT (351041.92353423365 4294314.931038523),351041.92353423365,4294314.931038523
12349621,-94.72,38.8,-94.71,38.79,1620,3528,POINT (351062.740017073 4295424.7098298315),351062.740017073,4295424.7098298315
12349620,-94.72,38.81,-94.71,38.800000000000004,1619,3528,POINT (351083.56105246465 4296534.490355463),351083.56105246465,4296534.490355463
12349619,-94.72,38.82,-94.71,38.81,1618,3528,POINT (351104.38663979096 4297644.272615552),351104.38663979096,4297644.272615552
12349618,-94.72,38.83,-94.71,38.82,1617,3528,POINT (351125.2167784341 4298754.056610242),351125.2167784341,4298754.056610242
12349617,-94.72,38.84,-94.71,38.830000000000005,1616,3528,POINT (351146.0514677766 4299863.842339669),351146.0514677766,4299863.842339669
12349616,-94.72,38.85,-94.71,38.84,1615,3528,POINT (351166.8907072003 4300973.62980397),351166.8907072003,4300973.62980397
12349599,-94.72,39.019999999999996,-94.71,39.01,1598,3528,POINT (351521.8533403346 4319840.282265186),351521.8533403346,4319840.282265186
12325124,-94.78999999999999,38.769999999999996,-94.77999999999999,38.76,1623,3521,POINT (344918.2630974201 4292211.727962835),344918.2630974201,4292211.727962835
12325123,-94.78999999999999,38.78,-94.77999999999999,38.77,1622,3521,POINT (344939.9204730539 4293321.512308138),344939.9204730539,4293321.512308138
12325122,-94.78999999999999,38.79,-94.77999999999999,38.78,1621,3521,POINT (344961.5825882215 4294431.298373318),344961.5825882215,4294431.298373318
12325121,-94.78999999999999,38.8,-94.77999999999999,38.79,1620,3521,POINT (344983.2494422806 4295541.086158517),344983.2494422806,4295541.086158517
12325120,-94.78999999999999,38.81,-94.77999999999999,38.800000000000004,1619,3521,POINT (345004.92103458836 4296650.87566387),345004.92103458836,4296650.87566387
12293605,-94.88,38.96,-94.86999999999999,38.95,1604,3512,POINT (337531.5289667745 4313454.5884789955),337531.5289667745,4313454.5884789955
12293604,-94.88,38.97,-94.86999999999999,38.96,1603,3512,POINT (337554.3737991882 4314564.4172915425),337554.3737991882,4314564.4172915425
12293603,-94.88,38.980000000000004,-94.86999999999999,38.970000000000006,1602,3512,POINT (337577.2235970759 4315674.247807471),337577.2235970759,4315674.247807471
12293602,-94.88,38.989999999999995,-94.86999999999999,38.98,1601,3512,POINT (337600.0783597595 4316784.080026909),337600.0783597595,4316784.080026909
12293601,-94.88,39.0,-94.86999999999999,38.99,1600,3512,POINT (337622.9380865606 4317893.913949994),337622.9380865606,4317893.913949994
12293600,-94.88,39.01,-94.86999999999999,39.0,1599,3512,POINT (337645.8027768006 4319003.749576854),337645.8027768006,4319003.749576854
12293599,-94.88,39.019999999999996,-94.86999999999999,39.01,1598,3512,POINT (337668.6724298011 4320113.5869076215),337668.6724298011,4320113.5869076215
12293598,-94.88,39.03,-94.86999999999999,39.02,1597,3512,POINT (337691.547044883 4321223.425942428),337691.547044883,4321223.425942428
12318124,-94.81,38.769999999999996,-94.8,38.76,1623,3519,POINT (343180.5278760677 4292245.826164618),343180.5278760677,4292245.826164618
12318123,-94.81,38.78,-94.8,38.77,1622,3519,POINT (343202.4281244781 4293355.6131537575),343202.4281244781,4293355.6131537575
12318122,-94.81,38.79,-94.8,38.78,1621,3519,POINT (343224.3331654904 4294465.401858623),343224.3331654904,4294465.401858623
12318121,-94.81,38.8,-94.8,38.79,1620,3519,POINT (343246.24299845484 4295575.192279355),343246.24299845484,4295575.192279355
12318120,-94.81,38.81,-94.8,38.800000000000004,1619,3519,POINT (343268.1576227214 4296684.984416088),343268.1576227214,4296684.984416088
12318119,-94.81,38.82,-94.8,38.81,1618,3519,POINT (343290.0770376398 4297794.7782689575),343290.0770376398,4297794.7782689575
12318118,-94.81,38.83,-94.8,38.82,1617,3519,POINT (343312.00124256 4298904.573838103),343312.00124256,4298904.573838103
12318117,-94.81,38.84,-94.8,38.830000000000005,1616,3519,POINT (343333.9302368313 4300014.3711236585),343333.9302368313,4300014.3711236585
12318115,-94.81,38.86,-94.8,38.85,1614,3519,POINT (343377.80259082495 4302233.970844549),343377.80259082495,4302233.970844549
12318114,-94.81,38.870000000000005,-94.8,38.86000000000001,1613,3519,POINT (343399.74594924564 4303343.773280158),343399.74594924564,4303343.773280158
12318113,-94.81,38.879999999999995,-94.8,38.87,1612,3519,POINT (343421.6940944141 4304453.577432714),343421.6940944141,4304453.577432714
12318112,-94.81,38.89,-94.8,38.88,1611,3519,POINT (343443.6470256794 4305563.3833023645),343443.6470256794,4305563.3833023645
12318111,-94.81,38.9,-94.8,38.89,1610,3519,POINT (343465.60474239 4306673.19088924),343465.60474239,4306673.19088924
12318110,-94.81,38.91,-94.8,38.9,1609,3519,POINT (343487.56724389433 4307783.000193476),343487.56724389433,4307783.000193476
12318109,-94.81,38.92,-94.8,38.910000000000004,1608,3519,POINT (343509.5345295409 4308892.811215204),343509.5345295409,4308892.811215204
12318108,-94.81,38.93,-94.8,38.92,1607,3519,POINT (343531.5065986777 4310002.6239545625),343531.5065986777,4310002.6239545625
12318107,-94.81,38.94,-94.8,38.93,1606,3519,POINT (343553.4834506531 4311112.438411684),343553.4834506531,4311112.438411684
12318106,-94.81,38.95,-94.8,38.940000000000005,1605,3519,POINT (343575.46508481464 4312222.254586702),343575.46508481464,4312222.254586702
12318105,-94.81,38.96,-94.8,38.95,1604,3519,POINT (343597.4515005102 4313332.072479753),343597.4515005102,4313332.072479753
12318104,-94.81,38.97,-94.8,38.96,1603,3519,POINT (343619.44269708754 4314441.892090969),343619.44269708754,4314441.892090969
12318103,-94.81,38.980000000000004,-94.8,38.970000000000006,1602,3519,POINT (343641.43867389404 4315551.713420484),343641.43867389404,4315551.713420484
12318102,-94.81,38.989999999999995,-94.8,38.98,1601,3519,POINT (343663.43943027663 4316661.536468428),343663.43943027663,4316661.536468428
12318101,-94.81,39.0,-94.8,38.99,1600,3519,POINT (343685.4449655829 4317771.361234939),343685.4449655829,4317771.361234939
12318100,-94.81,39.01,-94.8,39.0,1599,3519,POINT (343707.4552791597 4318881.187720144),343707.4552791597,4318881.187720144
12318099,-94.81,39.019999999999996,-94.8,39.01,1598,3519,POINT (343729.47037035384 4319991.015924184),343729.47037035384,4319991.015924184
12318098,-94.81,39.03,-94.8,39.02,1597,3519,POINT (343751.49023851205 4321100.845847186),343751.49023851205,4321100.845847186
