id,g1,d1_m,b1_deg,w1,g2,d2_m,b2_deg,w2,g3,d3_m,b3_deg,w3,g4,d4_m,b4_deg,w4
12391609,16019,4016.050007017563,257.20076294510267,0.3486911351707773,1720,3115.163422551416,345.0995497140892,0.45825714153460556,16029,4823.839136557282,293.24591607656726,0.11012739595215174,16010,5370.686107744417,316.3923413218892,0.08292432734246537
12391608,16019,4414.461643635915,243.06755344540608,0.25311013228608903,1720,2070.148471806946,336.65146496415645,0.5646394629073243,16029,4521.919151319912,280.11394800409494,0.09838152357536442,16010,4646.354608599017,306.73444712527584,0.08386888123122238
12391607,16008,3037.4555975153885,263.3061580508601,0.1883292840200264,1720,1153.6026218544123,313.27785061144857,0.6162498015058698,2790,3191.688042013056,347.6799480368111,0.15909290800637055,16010,4098.412771943505,294.03449925902083,0.03632800646773311
12367103,16093,2368.3762976623425,36.22106893366845,0.2980187280410013,16006,1670.5708651075918,269.149661996645,0.43445537207458673,16013,3856.390251022125,188.86325292811853,0.15094771350950398,16095,4412.975489023538,96.1253727246671,0.11657818637490802
12367102,16006,2036.1020012322967,236.1348391648732,0.42465225814865887,16053,3119.5297394680765,308.6119202978557,0.21797281567634133,5700,4593.160476657571,25.80227090293681,0.1641659010905115,16095,4644.731425977272,109.8963007050425,0.1932090250844884
12342625,16034,5467.1795404832965,76.43826758233183,0.34527880556606694,16033,5584.986143068977,285.19695345332025,0.2805122257576286,16038,7939.727605160817,8.085219949046461,0.10341985606101124,16046,4737.166633156841,332.94562430946587,0.27078911261529337
12342624,16046,3794.6844529533455,325.015897535952,0.32619874109138086,16038,6839.36010980105,9.218323107459357,0.11926308548721219,16034,5296.49840002071,88.1364507541843,0.3160061038078617,16033,5422.312177530152,273.7460187524673,0.23853206961354526
12367114,16043,1639.8300938451112,190.08930872010168,0.38630830312959236,16026,2520.5187474668232,280.7641252215998,0.20503580081011666,16020,2648.4984468137263,355.5192173585551,0.24407409398865001,16044,3329.326579561464,116.37921077084695,0.16458180207164097
12367113,16019,4102.543666967726,32.992473188632175,0.22179090592068554,16027,3904.9874468373137,310.9209513026531,0.2528303363543129,16045,4953.936045219447,112.07704265730354,0.14796687118279186,16043,2741.5593508656125,186.44029845275531,0.37741188654220975
12367112,16019,3214.797733386461,43.51926104211736,0.09584747454537965,16042,4534.357173805668,163.20930775875,0.09301949076614305,16020,488.16679272252026,329.548593957274,0.7229606894532304,16022,3240.070012485238,253.7780456325609,0.08817234523524685
12367111,16019,2510.585766199806,60.88926157404677,0.2082480659672923,16020,739.1275101220533,201.23103120551025,0.6237202369984638,16027,3010.230391998531,276.45187496536124,0.1072248318058585,16015,4947.566534151718,325.09913424711635,0.06080686522838544
12367110,16019,2176.05743691124,87.06011393071589,0.3231005790458281,16020,1821.6501273695617,189.09391266577776,0.3506220350763974,16027,3108.687379640412,255.62973619686545,0.16474042779715517,16098,3959.532498388845,333.15064182505307,0.16153695808061924
12367109,16029,2429.6077671209405,42.35737468974645,0.27854610549480974,16019,2373.076456103497,114.87437774630008,0.25656564019889855,16020,2924.827876661838,186.0482984898167,0.23576891084150284,16015,3409.272737387997,302.626163549222,0.22911934346478893
12367108,16019,2998.641483416157,134.66652186983686,0.1560634789471281,16013,1807.1464689308807,344.1759182711184,0.3730695924626417,16029,1756.0471705124255,67.01993372753304,0.32126388571192066,16020,4031.7426011263424,184.6727833684736,0.14960304287830956
12367107,16011,725.696070152126,55.95867453616404,0.4466449461468222,16015,2936.728837697985,262.5365145683039,0.08710575327300248,16013,811.5993021899972,320.7911165866935,0.3813246097452562,16019,3849.196639811785,146.71607818509096,0.084924690834919
12367106,16010,2347.8378935766905,78.92702064231884,0.09606447045417,16011,912.4855380655908,140.44717401478874,0.3210490461507346,16013,718.1472956343729,227.9570895034188,0.4684092354078003,16096,2985.117937279318,9.205563582155946,0.11447724798729522
12367105,16011,1898.0924849202356,162.81579578795936,0.43720912755134206,16006,2733.770669055801,323.4033405432803,0.3121521275107084,16095,4761.128658865013,68.45132228245001,0.14551899399669127,16016,4946.143843599353,240.55319435529728,0.10511975094125822
12367104,16096,848.284444522977,31.006902298895568,0.529064270811251,16010,2872.621115424093,128.002956824654,0.11633173273530914,16013,2760.8421801969453,191.9974540084793,0.15483259359002005,16006,1974.860663594934,303.3266654173634,0.19977140286341985
12342607,16017,1289.33188357189,88.03110785219542,0.5376220451363546,16062,5769.304533780507,348.179842102915,0.185633643309068,16016,1830.0438591586037,100.23491106525536,0.1809581689663719,16015,3194.213830337772,98.90827682587394,0.09578614258820557
12342606,16017,1655.8143327728017,130.05300248135563,0.5602296014918181,16062,4693.915012737486,345.15107695513404,0.2655870225391288,16015,3521.31621168444,117.10591395226754,0.09020658708497789,16098,4319.379329629289,103.65475115600418,0.08397678888407512
12342605,16006,4900.139889753954,64.86137676741362,0.14452096026512118,16017,2507.049833063999,150.19023649826613,0.42578699049727103,16062,3639.37331817572,340.3462662653694,0.33284675062361363,16098,4687.755943708268,117.01772030453594,0.09684529861399419
12342604,16006,4520.568458307904,77.5858440086285,0.20731638749341708,16017,3506.1548895352,159.54726841258002,0.3697360291266474,16064,4548.987537125642,7.563384834823978,0.17134434531099102,16059,4307.834556047811,329.5722249813441,0.25160323806894447
12342603,16064,3448.3184102613686,9.642755932737655,0.15727999406058865,16006,4395.898198752679,91.79892336998635,0.16522055092095542,16062,1749.913311200538,313.64317802252367,0.48319068770928086,16017,4556.885225522729,164.67927132799912,0.19430876730917496
12342602,16064,2356.4296247154625,13.659198215957304,0.25948202353850885,16006,4547.145085435682,105.92722504021754,0.13015809362214303,16062,1291.1929671335251,274.34907732044326,0.5160134664773626,16017,5630.413265141096,167.8724885969508,0.09434641636198554
12367125,16035,4150.161685004215,45.35468829896109,0.22316501528834437,16034,1592.514422126749,331.1624824583974,0.6049794788684814,16031,7385.357294413112,281.5990944893036,0.12263697009717044,16048,6461.554288724922,352.7827368718466,0.049218535746003725
12342601,16064,1295.7167466873,24.40214585295746,0.4236713387373567,16062,1654.220992325288,232.28685534139052,0.32445876132823526,16059,2277.933241140418,279.7321221714676,0.14073917885787765,16053,3676.472459954756,78.64755749377917,0.11113072107653037
12367124,16035,3444.3505865279053,58.36432616587797,0.18553682299794333,16034,838.3347733452695,289.8933852924728,0.7141934544188558,16048,5365.487002970389,351.0796978947041,0.05841878823901925,16040,5576.715952203352,33.52062337551047,0.04185093434418157
12342600,16059,2379.372357486998,252.26603759609003,0.330845079756922,16062,2503.9992326554943,212.0773365118952,0.2709532019622952,16053,3604.129420786701,96.15017364030008,0.2036960958369172,16052,3987.505761833728,62.88946014113168,0.19450562244386568
12367123,16035,2994.5307879915304,76.54350324844637,0.21207558637317037,16034,1154.7731968266007,224.438692474824,0.5948101571625746,16040,4678.480382183758,40.83970786382412,0.06576989159365766,16048,4276.586672130136,348.5060039193644,0.1273443648705974
12342599,16064,1150.6323411720862,154.6304660370481,0.549503394327786,16059,2932.261740463332,231.27005779482045,0.2180882911194108,16090,3251.7560213738066,106.48217805348712,0.10228945814504319,16054,4603.628378198037,63.99801271437445,0.13011885640775983
12367122,16040,3891.086252235648,51.35991538097488,0.11747524280262388,16035,2921.445736891131,98.12550115372731,0.22633314333857646,16034,2104.3293854219464,203.1920205339711,0.4079663252163444,16048,3202.1749368586256,344.1908726494987,0.24822528864245522
12367121,16040,3294.98005604876,66.38516859524123,0.1712010319507689,16035,3250.60836987124,117.932685443555,0.18207157918046782,16034,3160.2089200155724,195.58269170884705,0.2545266921239814,16048,2163.944364074034,335.63912979607124,0.39220069674478186
12367120,16040,3006.196081539276,85.99144713708989,0.3384299353318522,16034,4243.7799250195485,191.8179391418801,0.24598471230619487,16042,4769.940820166681,17.97149446194919,0.15408663582311066,16039,3946.778087352213,299.1051329774724,0.2614987165388422
12342623,16031,1464.107999187556,234.6230669699925,0.5309295192053041,16046,2970.2891749104,312.3054163457208,0.20447682312102383,16038,5742.689398790877,10.7849793770921,0.10300950156286809,16034,5355.351071929827,100.0824920027581,0.16158415611080396
12342622,16038,4652.331781313332,13.08839138839852,0.2204878716877776,16031,2303.76743633203,211.82480996225357,0.40089404203069423,16046,2389.5026393488424,291.8538665245727,0.3320973928536507,16033,5763.047252037455,251.11528015664032,0.046520693427877596
12342621,16046,2249.6571825956044,264.37995204018495,0.3664390457089399,16031,3306.842402463192,201.94629921548523,0.24689092289526898,16039,3941.457661976049,42.27260905639957,0.22712456194857908,16037,3993.0732760267097,351.77803411542124,0.15954546944721204
12342620,16046,2622.276417589499,239.52057277876875,0.3179788281497307,16037,2903.267220854239,348.2322495936156,0.26545244244735017,16039,3190.9419421191824,55.514379196517325,0.2686701237306665,16031,4362.019160640582,196.74776617563737,0.14789860567225263
12342619,16038,1557.526361550587,39.48275670496588,0.32813413485164733,16046,3340.039442615589,223.07216287138567,0.23558402768937495,16037,1837.7733320515576,340.50944923347834,0.2854649604076827,16039,2700.5981296362834,75.04483830676799,0.15081687705129487
12342618,16038,973.661895115457,84.55817747127452,0.4203089101944436,16046,4230.787059883642,212.96444480829967,0.0909363242252361,16037,888.8178016280906,314.47247661667683,0.4574786051056622,16030,4862.397459990118,48.26408084693054,0.03127616047465809
12342617,16038,1390.7845921476007,137.0178572395348,0.2762766774266332,16037,816.5362541154348,233.3761356190729,0.5634025559475837,16030,4187.779867702526,59.47391516017228,0.10876375875795671,16039,2984.595728120208,120.675130690524,0.051557007867826424
12342616,16038,2320.494206569129,156.45103210546438,0.20786721186426055,16037,1734.2508572180222,202.956342424167,0.46893427643545343,16030,3727.761164632752,74.1630058451376,0.24852017089587586,16039,3662.143839766564,135.95754603554394,0.07467834080441012
12342608,16017,1745.638436205707,48.61349389426664,0.4467719682409993,16027,4328.447937419332,135.82233022651246,0.2326120794454798,16016,1983.81162785348,66.70164883209651,0.2299241011430232,16015,3235.82169922913,79.04062358242095,0.09069185117049769
12356607,16098,767.1548751774941,78.31540256105995,0.3716754812349102,16015,530.4729113872653,215.95716773419107,0.5049352015379702,16017,2181.348129730697,272.8783281866968,0.08319687423265475,16006,4482.020679085657,13.037668498591302,0.04019244299446492
12356606,16006,3403.966795215027,16.916266345409156,0.18970709883309586,16015,1574.6217761412452,192.17645739005007,0.34327723518383463,16013,2133.2685839502724,104.35412278243972,0.26321601270241374,16017,2416.0246923811733,245.54282518021267,0.20379965328065588
12356605,16006,2355.7650693472606,24.3103711861757,0.37592402583899476,16098,2182.9205481337403,161.01994370394823,0.31658733056181193,16016,3010.6086052655605,214.55318746234772,0.22506109456730766,16010,4934.368619993778,98.23555258832272,0.08242754903188569
12356604,16017,3922.7012094247534,214.83191249078487,0.2617250547416795,16090,4697.982448445973,357.04959934709166,0.22182989256950744,16096,3111.2788904629792,77.39200689336764,0.2870114007227286,16013,3414.129538046697,143.61317990365978,0.22943365196608442
12356603,16053,3014.056487113108,3.4546766637149062,0.1618672198291853,16006,931.3600352825944,94.47922287125124,0.6167122668496955,16015,4884.536998612775,184.62753069163733,0.10586752507911801,16062,4899.7971075679525,285.05844646202456,0.11555298824200123
12381112,16019,2703.1830149143248,332.31631292487594,0.36918179674666873,16020,3748.281782830513,277.4095164507865,0.18355424969795814,16044,3674.3274115723143,188.25278492150215,0.23451317548555023,2800,4444.12633577962,130.59187283271058,0.21275077806982287
12381111,1720,5500.782306911748,19.537454073462584,0.13369563703386317,16045,4161.8472638794165,164.94364892770432,0.24569254000935692,16020,3788.8887486380727,260.4837672818024,0.14733377673890558,16019,1809.913999264641,315.18613673350904,0.4732780462178744
12381110,1720,4462.227001863361,24.06841342663182,0.30381386527652277,16045,5237.428111011109,168.30822237503298,0.24883933090612248,16020,4138.333743781872,245.19450864561543,0.28333584178273596,16013,5616.050441725484,315.7211049853979,0.16401096203461876
12381109,1720,3468.190307902122,31.26619481905004,0.15786280368282823,16019,1614.031444273527,234.5719319603687,0.46358692539303625,16008,1858.2057646499984,348.2993521754854,0.3243391209964931,16011,3900.6548533553073,313.5681119460119,0.05421114992764246
12381108,1720,2570.844367509937,43.82689169292769,0.29065904113723195,16019,2442.5069941145134,213.13095190596724,0.2990043896595794,16029,1996.4228676018013,292.0085592905889,0.2904619838587144,16010,2954.792716509373,337.6635646094148,0.11987458534447429
12381107,1720,1911.5889345631872,67.06548889266355,0.21054496949206383,16008,577.3941391498348,226.15183228141345,0.613119170687935,16010,1985.1799331076168,324.85598853948176,0.13610866876265,16011,2903.897048871084,279.29063518708267,0.040227191057351265
12381106,1720,1778.524860560285,101.8390734222831,0.25722822431413855,16008,1571.5311329947672,196.11454599059627,0.26598186633160703,16010,1270.8845688983004,293.8317143382844,0.3696028767115262,16095,3081.7402908909767,18.58098456295687,0.10718703264272815
12381105,1720,2266.316003408771,130.59414844294997,0.1959903433611684,16010,1324.1740242623737,243.23623384282132,0.4563439084887206,2790,2064.09532155348,65.60066759715284,0.2550150851900251,5600,4584.520155471425,344.9803423859654,0.09265066296008595
12381104,16095,1174.826174339364,53.33629651244456,0.4948536230822497,16010,2087.059973339143,215.1685600498935,0.24421061820012446,16096,3129.9411266192697,284.61315621603285,0.14606688179753852,1720,3094.0745126328547,146.64713597358923,0.11486887692008736
12356623,16034,1998.1871618425928,115.88622876921472,0.49144953148830084,16031,4733.848294610428,260.4855221691609,0.24595834694699717,16035,5556.554283668296,83.29284221425667,0.06982987354818426,16048,4498.961839797735,22.946668352584084,0.1927622480165177
12356622,16034,2662.162728759381,138.12178241079766,0.38158963688752257,16035,5517.233092666654,94.79090925845787,0.08068921768670685,16048,3493.5713059162954,29.747962002778195,0.3060865659077137,16031,5056.69654453038,248.02452744460868,0.23163457951805683
12356621,16034,3556.052455355541,150.39872547934442,0.288420206548615,16039,3093.0865177096257,344.5743242499745,0.24221005857277209,16046,5714.930361177648,268.4444145914981,0.1502054728801202,16048,2575.547800312624,41.686705041116966,0.31916426199849274
12356620,16048,1877.7347452260856,64.32285258189535,0.38392629471430245,16039,2053.07302412268,335.7479636742474,0.3407622432416074,16034,4546.202819790897,157.55158984347838,0.18237956969763575,16037,4998.221631162547,305.56958759389033,0.09293189234645445
12356619,16030,4415.384557073704,2.2907859235367027,0.05563131950666767,16048,1697.7563155348053,100.04611711394216,0.3790225831199213,16039,1151.9982838350245,311.4181825162815,0.49839356872743823,16037,4464.125753993105,293.746219502945,0.06695252864597279
12356618,16030,3305.752659395568,2.703097160736661,0.14052997229444683,16048,2168.6227900886465,130.4142905191793,0.23409652885027266,16039,950.3525381899708,248.54069961482276,0.557323535172464,16042,4630.178497911907,60.64543981733584,0.0680499636828165
12356617,16030,2196.462902492158,3.531842192161946,0.29057653196189587,16048,2997.9234153719026,147.0510065118831,0.1552472721095752,16039,1715.6137899881812,211.83972769628343,0.3944458588907657,16043,2903.63902622985,54.96325793747019,0.15973033703776318
12356616,16030,1088.5673293345917,6.049059884242752,0.5279067300332353,16048,3966.8940796524216,156.05579883027178,0.11606458785832356,16043,2421.8272059940205,76.69858600528323,0.17367244512451907,16038,3275.086370925947,230.97821396513447,0.18235623698392212
12356615,16026,1539.699301016278,5.49195772289562,0.07529207891952339,16030,97.98685964026886,106.16531990778128,0.8809443359851884,16048,4994.902246010888,161.44622641786157,0.01796294143923776,16037,4935.01549949558,237.63875961115204,0.025800643656050396
12356614,16030,1139.4424952306997,176.30116805619093,0.43721938307420244,16022,1350.1088801042674,339.733672099464,0.3844884431650365,16043,2850.568035338017,125.67407460644586,0.09623229333816606,16020,3530.142936404883,42.74437087805308,0.08205988042259496
12356613,16020,2800.169181318872,58.02786236216372,0.07743557124927639,16026,695.0992004101774,171.21637737189826,0.37276067348374675,16022,512.8063533103166,287.79701265483413,0.48982746456507625,16027,2533.9501629133006,352.1039163473264,0.05997629070190059
12356612,16020,2384.131150038416,81.00106045076893,0.16240248102138594,16026,1798.7736477535786,177.274612673771,0.12473636183406622,16022,1080.403944225615,208.0998249824074,0.3852076025719927,16027,1447.870247801886,345.2463378724637,0.3276535545725551
12356611,16098,4669.599458398622,10.28555348306105,0.0452268607593464,16020,2447.7179131171306,107.52047083901068,0.139903816356403,16022,2129.721368185166,194.39607031218367,0.14052536413335115,16027,485.67657036000577,306.71284185537024,0.6743439587508995
12356610,16020,2960.183188772688,128.5968918902725,0.12671205147668232,16027,916.2837968326036,206.57812568005468,0.5948484206656486,16019,4775.079742738282,89.23580579807407,0.06561312303481553,16015,2910.7226038896133,355.0809873620089,0.21282640482285342
12356609,16027,1976.720311621056,192.5816127041387,0.3973631021039481,16011,4142.760053970687,51.518049800814254,0.09871872605973649,16019,4867.7638410420095,102.40999792862664,0.09350080472573524,16015,1810.4833115368967,351.4165296036407,0.41041736711058024
12356608,16098,1482.0492573301542,31.387856897016263,0.20566732249663272,16015,739.9623313419149,336.8552018600227,0.5077051178025236,16016,1852.1072527820331,297.3139814980226,0.11533988028242552,16027,3072.366425777081,188.44525352000207,0.17128767941841821
12332105,16062,3646.810829896469,22.16083769991309,0.3086379621437479,16060,5364.331750907772,336.12366346499937,0.2151335864046224,16017,4443.33140755862,120.05346206132684,0.37694305420162383,16059,4794.531109376602,5.254483822869361,0.0992853972500059
12356627,16034,4031.808228330965,27.792677243481023,0.42086533980471275,16031,5865.715398132673,308.56364563332704,0.34430993737870486,16035,7566.822661416279,47.74614212476848,0.1600126790603278,16048,8776.281411501961,12.077223105094165,0.0748120437562547
12332103,16062,1765.2970276371268,49.01521765871382,0.44075450093543134,16017,5849.739569176224,139.450394939896,0.17248955593882312,16060,3480.764390947366,320.49442542393683,0.21910323948632213,16059,2585.272112346175,8.812545780908408,0.16765270363942344
12356626,16034,3081.200497898265,37.11795155591449,0.4701536183837559,16031,5264.143447013076,298.93426145156866,0.32475510730820784,16035,6853.136966893033,54.51383145396136,0.13125132508930437,16048,7689.702650738925,13.657777831950852,0.07383994921873191
12332102,16062,1311.9585094032695,87.90471224302001,0.439613674941213,16060,2735.3308249706224,305.1763408460968,0.22068290111425942,16059,1492.6917999737766,14.532372460549992,0.3050904006725514,16064,3869.238611847704,54.62798508013674,0.03461302327197603
12356625,16034,2279.4971199544298,53.77257561390371,0.5587910473951995,16031,4845.6005759151785,287.2516316550004,0.2578555098672601,16048,6610.8935067334405,15.756209422010896,0.10095194112630508,16046,7074.985881989595,307.2653284384211,0.08240150161123541
12332101,16059,486.76348542805897,46.49203431503025,0.6461255228570667,16062,1670.4806802095304,129.46871911155836,0.1704341150071228,16060,2304.926378427822,281.6639679341596,0.16476298752628782,16090,5892.1331357018935,77.78056779512383,0.018677374609522762
12356624,16034,1833.690691526071,82.5614993764247,0.5686223854923126,16031,4659.672239865388,274.02761631834164,0.2541295767257379,16048,5544.392287832665,18.667155840410203,0.09443548722549915,16039,6356.70421039789,353.1241242938536,0.08281255055645044
12332100,16064,3112.0442495778984,89.62818348058488,0.14060397227766683,16059,842.6586739623003,156.8326590104664,0.5782435646967676,16060,2368.0552165332656,254.2237241176383,0.22925440512241194,16062,2514.775818602532,149.7193178994322,0.051898057903153674
12332099,16059,1909.8549065073496,170.6589467300147,0.3912544659419148,16060,2892.5847469741943,232.68053849695573,0.30070202499885623,16064,3276.9165410709707,109.4215714198429,0.25951567803188913,16062,3510.2738327128127,159.2001353296555,0.048527831027339804
12332124,16031,1449.4890629843917,81.5792829067949,0.5198823383617872,16033,2820.611293839635,276.1953420147258,0.2828814367529191,16046,3089.363003287881,8.01786304754279,0.15648784520425615,16032,6853.251597647114,320.76760775754343,0.04074837968103754
12332123,16031,1673.48372014826,122.43326064309248,0.5170526500010492,16033,2938.09357773932,254.0905168406748,0.2841469842193766,16032,6049.987837704039,313.9471445654942,0.0934101812952129,16037,6464.569358808094,18.74371362291185,0.10539018448436138
12332122,16046,924.9477126204714,24.807168733371668,0.5820477527387211,16031,2442.1750562067514,145.27862891814442,0.21277880564018184,16033,3431.198202181442,236.07112657877883,0.14391933803601967,16032,5357.408583668423,305.2090479929297,0.06125410358507744
12332121,16037,4400.660314390317,27.536029266117797,0.0805181216471492,16046,455.4503499643234,126.38658888622558,0.7658754779156767,16033,4168.6978594298,223.4782808524248,0.07676128556564585,16032,4823.431478135883,294.2241455967696,0.0768451148715283
12332120,16037,3442.322748377253,35.78791992604931,0.24070304835694611,16046,1422.500456114083,165.95475490418494,0.5329593020296408,16033,5044.518626535538,214.95020067616412,0.0735768959631928,16032,4504.815022729742,281.1262710297672,0.15276075365022024
12332119,16037,2607.203185597064,49.80748176473617,0.38855124659073526,16046,2510.7285665720856,172.59033918573084,0.35405489837968435,16032,4448.082767299404,266.90078758092767,0.19625639192425823,16033,5998.375794735019,209.03481505444455,0.06113746310532208
12332118,16037,2051.728766353602,73.7890986877473,0.4447965671149294,16046,3612.228989069004,175.19858132097988,0.22420248799955134,16032,4662.804848039518,253.1669135528723,0.22523377586585056,16038,3573.92784127328,89.31944058517314,0.10576716901966862
12332117,16037,2021.3474296694944,105.40652606716014,0.44946712534194927,16046,4717.71561652543,176.5863806044365,0.18223324079454528,16038,3709.1210404264025,106.723983084358,0.08722533695479807,16007,4195.337861261015,335.21639431008657,0.28107429690870744
12370607,16010,2147.0981021806974,42.75603505709353,0.05474052760404766,16029,836.1681746076291,119.23910187209992,0.34727738880003356,16015,3796.287969151104,264.47240491549,0.0533918853255541,16011,498.5661934071188,327.8304215209044,0.5445901982703647
12370606,16010,1511.3316271638078,72.01258739719054,0.3032394623272472,16029,1675.8209094331703,154.9530215718553,0.2379992828241686,16096,2987.9048832781164,352.5171269819585,0.12337083580879903,16013,1475.2419722660327,251.6209712094968,0.3353904190397851
12370605,16010,1556.3803406687002,114.40567314520472,0.3836892624185368,16011,1823.391690359424,189.65343853285495,0.3144591033336533,16006,3334.450743829449,311.5259015146156,0.1970157354277823,5600,4602.882029385447,17.85835688207186,0.10483589882002751
12370604,16093,3086.2758761440664,10.328567453852202,0.2412787560171175,16010,2241.56906331237,141.44332235468926,0.37406523175213696,16006,2746.749483845466,293.6260231640518,0.2583433164612948,16098,4169.205306657938,221.7531428036628,0.1263126957694507
12370603,16093,1998.8842530799764,15.47030612912772,0.36991150742646517,16095,3550.7667781725863,97.3637091319,0.1792201404072489,16011,4032.057208572249,184.92402409058263,0.1625697127361135,16006,2536.7017598489238,269.79669134296614,0.28829863943017237
12370602,16093,964.421252019238,32.13627462677499,0.5066950378585504,16095,3835.111717200954,114.08206958809852,0.07148700241681152,16096,1549.6682397872462,197.64651859513145,0.3284825416762254,16053,3842.681392325006,300.71138786779755,0.09333541804841262
12370621,16040,2531.601908651414,58.15602822228704,0.2524122423056698,16035,2506.8921587975806,126.94965672338486,0.25804874233716013,16034,3481.3789929840264,209.55863722620745,0.19683159044631213,16048,2655.138331585259,318.45010996402283,0.29270742491085794
12370613,16019,3717.0291207092782,21.568613175554447,0.1519149007170845,16043,2952.381786326526,203.45287070532407,0.2329097367683009,16020,1894.638279472016,324.7057937016585,0.40339890302604986,16044,3318.168998194948,140.8509571194577,0.21177645948856477
12370612,16019,2705.699188015857,29.84020066862132,0.2275482801572182,16044,4227.232302599764,150.60620877329166,0.15975453587665672,16026,3802.012032585545,242.8820644917723,0.09502116787824758,16020,1197.251439468146,291.3876582892506,0.5176760160878775
12370611,16019,1813.659204127238,46.98847402845246,0.3610898662587444,16020,1319.5624592851009,239.3259303254773,0.48385714528433404,16027,3874.647641577108,275.24258337465267,0.08013762120808714,16029,4111.3632213681285,11.36531554675787,0.07491536724883441
12370610,16019,1312.2394935135508,84.42909984196973,0.4698921977759221,16020,2124.421944355606,212.93655526908532,0.31523289259415943,16008,3653.309298229962,37.90418083500208,0.09225883872946748,16098,4432.051490547328,323.19101119891764,0.12261607090045097
12370609,16029,1968.014696823117,23.030376466447706,0.3199777185718013,16019,1618.2269934243184,127.37912314230806,0.3768327628872895,16020,3122.369887655751,202.1098740115847,0.17036467880798487,16015,4172.790845408603,296.3776562256504,0.1328248397329244
12370608,16029,1026.685596927664,46.91087314844077,0.5386336033899504,16019,2445.28734897196,148.82652358460655,0.2110316858275302,16098,3005.4889148593707,296.2411993597542,0.17117749451106118,16027,4920.37722228671,232.79292116710712,0.0791572162714583
12346108,16016,1246.6023285418064,50.01282868947106,0.3181119073659826,16027,3762.333300025529,145.15726791658824,0.19431777677392378,16017,1251.4995869410664,20.719867522062657,0.3873871524922188,16015,2394.692240474095,74.70674066656863,0.10018316336787485
12346107,16017,426.1300891881749,81.80386428823465,0.720430636528739,16016,983.8220060432242,108.28803522100952,0.16160998956878714,16015,2338.306439645518,101.80017238042308,0.04708706127158763,16027,4706.458839229365,153.11159086239843,0.07087231263088623
12346106,16006,4814.774987427809,48.22096684559136,0.1697760345856247,16017,1123.0030669236417,159.09163930657178,0.646953583426235,16015,2768.5738722089995,124.99996562775436,0.10226883986756011,16098,3478.436554423583,106.76295416793204,0.08100154212058013
12346105,16006,4140.411817013626,59.55355409125747,0.18371707752039895,16017,2192.010594754011,170.02332515582395,0.4280491375818727,16062,4028.698065635454,328.7397374381338,0.26186026068228185,16098,3926.633428339936,122.5563270207548,0.1263735242154466
12346104,16006,3683.497737718369,74.43702260154316,0.22584736118116022,16017,3288.3008768804166,173.73673015555585,0.32997926078198453,16062,3147.4525070269933,317.8637409150464,0.33565597351360044,16053,4940.674622206649,34.54399987021645,0.1085174045232548
12346103,16006,3529.519374922924,91.97336032948834,0.23327560403112085,16062,2459.015936517488,299.8569327877756,0.4047154287961067,16017,4391.490025507637,175.5893620357407,0.205041245794037,16090,4235.810857839319,33.47638039617567,0.1569677213787354
12346102,16053,3322.237861785469,56.162250618921576,0.15607114013883533,16006,3716.3256650512326,109.34986730908317,0.20211534220655805,16062,2156.6934192269664,273.03993209364955,0.3726538993151638,16064,2326.9471705769597,352.35111177146155,0.2691596183394428
12346101,16090,2643.7769230224803,60.20923794521536,0.16948597560540224,16006,4198.675506514991,123.8897312515344,0.12285578180812551,16062,2391.6878548349505,245.4045478620481,0.24890495297264953,16064,1241.3042601849256,344.5466079966457,0.45875328961382267
12346100,16006,4889.879122533238,134.88934658315054,0.0656470081055586,16062,3041.9244523951315,226.2049498010289,0.07323620807455652,16064,362.2902697553651,283.8314685295203,0.786358703021006,16054,4553.128390908781,46.32008798185683,0.07475808079887886
12346099,16052,2759.044127804488,74.79155490453809,0.2248769318647167,16064,1089.0129402163548,200.0201113032652,0.5526507687752075,16059,3639.879882047324,240.03328665407597,0.11966755084942583,16053,3075.628346945821,118.75301369838758,0.10280474851064994
12321624,16031,4043.6890944715,87.71043387803553,0.0833720534338285,16033,321.5181591405465,322.0918351648442,0.8390974613362382,16046,4275.18306701454,45.27543277262777,0.04061140205158006,16032,5534.358322279891,341.8077798199575,0.03691908317835325
12321623,16031,4129.039496345134,103.2765670243079,0.12510395905679733,16033,883.7552106268231,194.3690664935848,0.6746550345344713,16032,4501.843688486391,337.12952077743745,0.14722171358851618,16037,7667.626353688958,37.64872763903742,0.0530192928202152
12321622,16031,4495.628863115173,117.2442250032239,0.15140006015930668,16033,1980.6258459136009,186.9919797152152,0.46965381208917795,16032,3516.855793252236,329.7552538467924,0.28158413746238753,16037,6807.753667440674,43.21753208066275,0.09736199028912775
12321621,16037,6030.147075289165,50.30543800831043,0.13791664322323152,16033,3086.90012732569,184.88541770184816,0.31653890051214295,16032,2633.2809046449524,317.0797715253765,0.40494779767392153,16031,5082.9684926814,128.55180060122393,0.14059665859070408
12321620,16037,5370.660781181719,59.30397173038955,0.12222929053746386,16046,3278.959971673205,115.86996452698908,0.2419235182571599,16033,4195.146755382009,183.8910980219635,0.1637548760703511,16032,1991.0523880678852,294.27539944690966,0.47209231513502514
12321619,16037,4877.447334017593,70.45370009193499,0.199751287298653,16032,1859.744767261244,260.99073800583096,0.5244054644129804,16033,5304.130703061072,183.3124927492285,0.15072469244505682,16007,6043.523718783966,8.458911245292882,0.12511855584330983
12321618,16037,4604.255817006679,83.48961251807714,0.2605970478817805,16046,4666.255080915501,141.46937121530243,0.15697571127411616,16032,2327.501524598771,232.9909380853668,0.5097805641910883,16033,6413.47044193907,182.93406368164625,0.07264667665301504
12321617,16007,3852.100590697951,12.677486084820202,0.3129213591571125,16037,4590.538824019292,97.35606249701368,0.1927225200947435,16032,3136.8997303892124,216.83044071292983,0.37732016472106467,16046,5566.098155717078,148.78113710222124,0.11703595602707924
12321598,16060,2927.262831766546,174.60569481001505,0.5364943464583501,16064,6096.517035610454,111.66060917826786,0.20360468887630728,16059,4195.1803762799145,136.54164022951522,0.20111635168944456,16062,5860.115068899633,139.2908134384664,0.058784612975898036
12346125,16034,4631.494743166761,73.71883897564277,0.3945308613477996,16046,5203.792311607118,324.4762175536226,0.24696205519917522,16033,6431.380528475016,283.3085034711521,0.23775200395798268,16039,7604.649680024983,14.207828992733257,0.12075507949504254
12346124,16046,4363.223006391449,315.75138158426824,0.2842027515747373,16034,4428.856621107858,87.55845406243793,0.3841264078020725,16038,6771.260341914841,1.9193091198404773,0.1318757328580661,16033,6290.519878097835,273.3783163297005,0.19979510776512407
12346123,16034,4499.204078940728,101.81349510877884,0.239648689594497,16031,2223.711866817335,248.05001077666705,0.43181177109522606,16046,3668.797187765955,303.32669694926125,0.1816842054640682,16039,5466.021309473203,19.50039648697151,0.14685533384620875
12346122,16031,2847.4945224074504,227.02726176590568,0.3186588214448261,16046,3216.6037881817624,286.35772573962464,0.2527126363375251,16039,4426.828378499748,24.04455621560328,0.2209752751042922,16034,4830.6267492268125,114.8610150504536,0.20765326711335652
12346121,16039,3432.243552054721,31.29303734797037,0.3143601709655666,16046,3114.0212722004626,266.246133439192,0.269635269339694,16037,4221.491674137169,340.0620310683097,0.1535826440279618,16031,3706.167528374293,214.5974334924057,0.2624219156667776
12346120,16038,2332.734473523328,3.5155111178419816,0.30552968077338954,16046,3392.911813123914,247.22102756358368,0.24137840353875206,16031,4671.965823325089,207.05922570280157,0.1606730197608627,16039,2535.322462840538,44.01992799354389,0.29241889592699566
12346119,16038,1224.6625632494308,5.7216317870867215,0.40387484591793166,16046,3973.753678967157,232.42046789766695,0.17221469011857007,16037,2292.0044033731983,319.7332862063363,0.15512274277749305,16039,1881.3596612595695,67.71748871241493,0.26878772118600525
12346118,16039,1765.0128802894403,102.97939746410032,0.38717034348943913,16046,4746.972064443686,221.899984230856,0.1005094238118931,16037,1632.671515857145,293.044965973332,0.4173045531230734,16030,4266.53877964319,40.31298466109308,0.09501567957559436
12346117,16030,3478.322199425805,51.95666293838917,0.1558296057316913,16038,1004.2173977262888,175.4201406361558,0.4387826695477141,16037,1594.3928327352894,252.8301923720865,0.28859437040837843,16039,2270.493554992708,131.5585021096374,0.11679335431221619
12346116,16030,2908.298756186377,69.17901490313045,0.24075805377608664,16038,2111.6303480908414,178.3928270159414,0.292236119350992,16037,2209.686171420404,224.3369463912772,0.31125033850915584,16022,4068.858551163482,32.35008281330835,0.15575548836376552
12346115,16030,2698.4799929970154,91.61469092173336,0.27552349768071355,16038,3220.817348557156,179.3193866042966,0.18286232507482836,16022,3172.8406513205146,42.81194176540993,0.272263109829926,16037,3112.4751894816086,210.19204244708868,0.2693510674145321
12314623,16046,5105.78118356167,68.58329222832299,0.09490143189578355,16033,1760.0196707186594,120.39134055904115,0.5926559077227381,16032,4113.661664049581,359.83085816167807,0.26608373911291616,16037,8813.138476576338,46.76698816376268,0.046358921268562135
12314622,16046,4790.993064753802,80.93823484813674,0.11565843078791331,16033,2497.8434859491376,143.20338270843502,0.43529010083324465,16032,3004.0480497717817,359.3482596350058,0.392202571901134,16031,6103.956773789503,110.04641424347176,0.056848896477708015
12314620,16033,4462.627444956765,161.01096783576054,0.1457664406215622,16046,4910.746863159944,107.35714291743056,0.08061755383412245,16037,6907.589781763008,66.92497737867336,0.04607650244772091,16032,788.1612921673768,354.30307998007544,0.7275395030965945
12314619,16046,5328.47689502223,118.89563061613654,0.04107995334976344,16032,340.62216341886227,197.12149511302584,0.8595714204454998,16033,5518.091754405891,164.98007544851328,0.039997915188181056,16037,6531.279988733623,75.84191688084593,0.05935071101655561
12363626,16034,2491.883566165789,2.78729404362332,0.5402735208363009,16031,6849.270279785746,292.1177284047566,0.22025037700877714,16035,5553.68880474167,43.772265804758376,0.1751459209740988,16040,7929.422390006415,30.20415523558563,0.06433018118082318
12363625,16034,1382.851998810014,4.182784260150697,0.6537999559127751,16035,4797.748696215142,52.80284194422933,0.13855850420166235,16031,6532.877519185433,282.9953248541926,0.160059026654796,16040,6981.074884670898,34.6466974512752,0.04758251323076669
12363624,16034,281.18332494381605,16.645749308981635,0.8590476075820471,16035,4202.056142707943,64.77576629321305,0.06072253719123408,16039,6817.419585812301,338.49875639034235,0.025382657187259548,16031,6395.976836046604,273.2202469867308,0.05484719803945925
12363623,16035,3841.890329852997,79.79021121714749,0.10877240129731178,16034,842.5254189062919,175.9009663177286,0.6922598754589271,16040,5276.984882999172,48.1078385922541,0.048293853308943695,16048,4174.9929529399815,0.2272434507337379,0.1506738699348174
12363622,16040,4593.265673356071,58.29703913440926,0.08788630019918207,16034,1950.5503964352952,178.8279452545038,0.469765031068514,16035,3785.094600817912,96.50458665799611,0.14445868119749838,16048,3065.190360513547,359.9295752831462,0.29788998753480556
12363621,16040,4100.437162107252,71.45621476933206,0.11236475446950372,16034,3059.9786774912195,179.63361090224623,0.2992690394372524,16035,4044.4712218002815,112.35911876254954,0.12493976041767652,16048,1955.562716993307,359.29393352246547,0.46342644567556734
12363620,16040,3872.088289939439,87.12395518418089,0.11579600436386363,16048,846.8052199514126,356.99221977705207,0.6243745912557196,16039,3206.4723326933617,306.4248616929199,0.1109344038982905,16034,4169.691738925084,180.010546774788,0.14889500048212626
12363619,16043,3977.496790919045,9.874938157868089,0.0628431744973165,16040,3954.3077912572617,103.3864650004666,0.05576853382451142,16048,271.9645390382418,193.7783151028264,0.8025616619552353,16039,2718.9383212708594,286.9819981297837,0.07882662972293684
12388109,1720,2995.9268888346937,1.2621380986707322,0.40833636565361237,16019,3180.6763772840677,253.47087939450893,0.38281641559868324,16029,4034.5684738087807,297.9121645525745,0.13124574527341537,16010,4801.516306064686,323.77896148502475,0.07760147347428906
12388108,1720,1885.9840230894483,1.411424454658288,0.5225082338681794,16019,3671.017608659647,236.71444155797164,0.2615940448348117,16029,3668.384515023014,282.2582208906728,0.1289775092321019,16010,3974.882664178058,314.05248038821543,0.08692021206490713
12388107,1720,776.0886807709875,1.9874113310120836,0.6625180976621812,16008,2181.451024673117,260.25411219392885,0.1906765827687987,16010,3317.96130964677,299.90100264696537,0.04997383793160824,16019,4393.187754735193,224.66636637571764,0.09683148163741193
12388106,2790,2000.098222436428,4.767087151732937,0.15541617687584827,1720,334.2511604096344,178.7364826689901,0.7416692218824216,16008,2625.722773049434,235.7157972113156,0.05083767576610786,16010,2946.539700830349,280.6435582870528,0.05207692547562228
12363614,16020,2706.4219220604978,14.130595276986924,0.23207755195535035,16043,1730.5641994103796,160.40530995310496,0.3580262264471057,16030,1995.645954317372,236.37711785404449,0.23534998925115982,16022,2557.1850803360367,300.5179264801935,0.17454623234638408
12363613,16020,1644.5384970803923,22.9163058075639,0.38402539101496647,16043,2796.771257082554,168.44947109499492,0.2034653823914051,16026,1755.622457404593,248.09692753981523,0.32254428684562353,16027,3286.4953086870696,320.66525576644386,0.0899649397480048
12363612,16020,740.5231094321668,56.84899635221848,0.6140498477176473,16043,3887.55738071013,172.02099605388025,0.09361931425682901,16027,2544.7768192653384,304.2488296623819,0.13008505592119748,16022,2425.3568757395437,247.6820794335657,0.1622457821043263
12363611,16019,3289.578075180268,68.50212177273215,0.1209221399287789,16020,925.3834846488596,139.61175959249886,0.5883482813136485,16022,3041.400002327951,228.1085108085752,0.16883126696177178,16098,4713.471047722784,348.98262356181306,0.1218983117958008
12363610,16019,3041.853075195113,88.19658605805972,0.1970309839371638,16020,1904.835787034508,162.29677075365225,0.3320570473108553,16027,2284.2757843400573,249.8358644197384,0.28380858085242994,16098,3635.4431678476103,345.3222765494862,0.18710338789955094
12363609,16020,2977.344618208045,169.18133572153113,0.23452195607827833,16027,2878.3900556123067,228.76708655009065,0.23668666295699758,16029,3071.897274599213,54.599914562865365,0.23661358794913603,16098,2584.60756864877,338.6362828353455,0.29217779301558805
12363608,16019,3675.355715145215,125.3005884270355,0.13602905890527192,16098,1614.951776905988,323.44183144097974,0.44946767246491853,16029,2572.305526962972,74.90917433276405,0.23742032406430594,16027,3717.0542553156088,216.00405418534476,0.17708294456550364
12363607,16015,2083.30462144022,259.0046876409214,0.4463470019725833,16006,4457.470743257946,350.6722916292364,0.14803965640951222,16010,3545.4532819337896,64.16859356445354,0.22716256900325033,16019,4396.826950590907,137.3455419721461,0.17845077261465409
12363606,16010,3200.499818008876,82.18765169963484,0.07517149490903825,16013,598.281806579865,146.1404402095094,0.5788508469667117,16098,1362.4371083830215,227.3895394120902,0.2267037286869481,16006,3371.5886239972565,347.27146820132214,0.11927392943730195
12363605,16013,1636.8114701787406,168.97795588520216,0.40956822066191384,16006,2308.748024444719,340.6948470006124,0.3280580487040026,16010,3221.8438178156443,102.08913118450664,0.15928858195607742,16017,4465.886870681203,242.2697940838848,0.10308514867800606
12363604,16096,1484.8081908430754,61.38161307987178,0.3344077129469574,16006,1325.586796903309,323.7583468106567,0.40891098148668176,16010,3602.9830197001543,119.68965585929924,0.09245788140761789,16098,3310.746315752488,198.3724892026299,0.164223424158743
12363603,16096,1343.4961147445451,107.25977225182146,0.33542092423415454,16006,805.1153671045716,267.103880392536,0.5214946756641139,16053,3413.357759725804,332.9746289535869,0.08701835367787344,16013,3835.891321705139,175.93199444953484,0.056066046423858214
12363602,16093,2378.6235242613807,70.73040408287187,0.20548993933241436,16096,1967.0970064089445,140.07003764701994,0.2055830163541571,16006,1415.4224789572393,215.62749032618328,0.36923640688483533,16053,2489.4546574410665,320.85981148402306,0.21969063742859324
12339119,16037,1734.7854772110118,8.455299091415611,0.3805693374662998,16046,2833.679949718667,209.9038927461617,0.3141564879975143,16038,2204.5465708602983,57.466433258053314,0.21061632435311728,16039,3543.316649522287,78.92923678260155,0.09465785018306866
12339118,16037,649.699962594714,21.09945573981014,0.7110957838499159,16039,3482.755364116911,97.08213103599655,0.09704027701782458,16046,3843.6827306898863,201.90433337051445,0.15677654584163475,16030,5530.796356516824,54.39041621801539,0.03508739329062476
12339117,16037,546.7133694855377,157.10620618934377,0.7569251708440717,16046,4897.166298880004,197.2855608970732,0.07535737515960202,16038,2089.9129496241,119.65332309766018,0.1133384514150939,16039,3764.0678516105,114.13672085427788,0.05437900258123246
12339116,16037,1624.7612605217291,173.23187411709523,0.4946479252388987,16007,4452.86402591195,307.85390953468624,0.2551035802952832,16039,4320.991851377264,127.81024095373276,0.09455174200045445,16038,2796.0361423861214,140.0602749977445,0.15569675246536366
12339106,16062,4533.099935816531,355.74617488209964,0.33566049621476324,16017,2392.759109822654,116.8863504021898,0.423605886581241,16016,3018.3965342098027,118.74375852955438,0.13465384620639756,16015,4317.109044008868,112.05401355952426,0.10607977099759822
12339105,16006,5690.49261397387,68.72162738907224,0.12386789415590814,16017,3044.415526005494,136.05149700236575,0.3825152653781785,16062,3429.486163421592,354.01647889647603,0.39593648563382144,16015,4826.743471007313,124.45540234061208,0.09768035483209195
12339104,16064,4725.731099981579,18.061816920694863,0.16216964330213227,16017,3908.4381724624704,147.64592786453187,0.36061170300192213,16059,3924.902157265363,340.420644754356,0.31547207558770624,16006,5366.999703513557,79.7473737350852,0.16174657810823942
12339124,16038,7015.185618549173,16.2623662734905,0.10119829748820403,16033,4554.404889091414,274.2526980532395,0.28686678370481256,16046,3357.280668276838,337.0922426534692,0.35661678994086815,16034,6164.526032225363,88.55258800157333,0.25531812886611527
12339123,16031,923.2825092330507,200.6123758008736,0.6064415757214984,16046,2386.3654532604955,326.1865915127992,0.24687486573140174,16033,4627.88928946451,260.3967616626075,0.05173901989963873,16034,6215.052974231322,98.83033559518486,0.09494453864746118
12339122,16038,4907.0777153337785,23.061027486690648,0.1457325965993976,16031,2004.0891692750536,189.94791655581955,0.37130500643776676,16046,1606.9449694961668,302.90380422499743,0.43278152282350735,16033,4955.4293077448,247.6817796406214,0.05018087413932825
12339121,16046,1390.6623438284632,260.1942455960389,0.5093746345217223,16031,3105.548955187589,186.7941248004145,0.20237141948924897,16037,3946.725441257253,4.322336338985679,0.1449180624517547,16039,4560.531747802604,50.51453125749436,0.143335883537274
12339120,16037,2839.1891871539965,5.584038766883396,0.2789000077183514,16046,1936.4299703328293,225.9395612469752,0.4249820970185327,16039,3929.976914070548,62.90168621398544,0.1742491657383093,16031,4211.489692819196,185.29400035021095,0.12186872952480664
12339103,16064,3678.299573598657,23.113240195776427,0.3059290123277275,16017,4873.148615950197,154.85910892926358,0.2632221114011877,16060,4792.8287533875055,304.56284755682464,0.2650028038688894,16006,5262.308111569307,91.68296141694076,0.16584607240219548
12339102,16064,2681.696745529125,32.03940319411862,0.12811171029520363,16006,5389.185545244352,103.56871500240004,0.05291903455048485,16062,429.07494887888566,280.9305612177268,0.7636324833879918,16017,5889.2735942767895,159.63911877852718,0.05533677176631972
12339101,16064,1821.3664076628515,50.30071378978414,0.2751024773206529,16006,5732.277076289292,114.46754321767752,0.04426097903428851,16062,1119.6362577657178,203.2831131568737,0.39589960506923133,16059,1427.475411124842,284.96066371750214,0.2847369385758271
12339100,16059,1584.4760430420995,242.10473619555896,0.4665355537908401,16062,2188.00607948011,192.23917476035672,0.25376114235449093,16053,4467.511518240641,95.17143652543018,0.1302016637655118,16052,4768.363106511457,67.81424424184331,0.1495016400891572
12339099,16052,4448.016372922627,81.0659760140208,0.1541362617709612,16064,1721.042066890864,127.85850214207312,0.4766416457914075,16062,3284.124417713005,188.49471208354743,0.16297052658535727,16060,4383.656551079735,246.8945721612206,0.206251565852274
12384611,16020,4644.385709322821,262.4403853710048,0.22514399244182892,16008,4229.718238485598,343.4539303991279,0.33127769791760453,2800,4698.60953416178,148.0318051619048,0.26425048223118924,16044,4937.594115843863,196.646488358974,0.17932782740937736
12384610,1720,4199.173260396057,13.112902890086502,0.2883417156901462,16045,5117.045628945784,177.82501617564378,0.2676541991863014,16020,4933.500400028231,249.5862433141842,0.20017906779169423,16029,4009.19098687672,318.0795482835918,0.24382501733185813
12384609,1720,3122.54283045622,17.38554461760242,0.3285019137472703,16019,2368.2998875632634,247.1352708160795,0.4340760839534562,16029,3284.7566988934936,304.77214355227545,0.16335021465977448,16010,4332.209256434902,332.94925584663406,0.07407178763949902
12384608,1720,2081.2271884218035,26.030892746077768,0.4234151407185205,16019,2994.854823663704,227.3255415288941,0.28129977818585516,16029,2823.0641095631595,285.6922384241047,0.18971963890638416,16010,3393.1918121495205,324.0961782485183,0.10556544218924023
12384607,1720,1173.35711084691,49.6105669158739,0.5488873283964367,16010,2592.973869968273,309.1962176306036,0.15999485352427112,16019,3846.236374282421,215.28088177541565,0.13526390855963738,16029,2759.314723989762,262.7915642776576,0.1558539095196548
12384606,2790,2231.322427141834,27.574395327015736,0.16033002231037008,1720,941.311224779784,111.79402702308118,0.47299976474917127,16008,1982.5709724490048,221.0831211244964,0.1797396569972471,16010,2096.9829950266208,284.6091700059065,0.18693055594321162
12384605,2790,1334.2199014404705,49.41147209256553,0.44019528454022744,1720,1690.981532324999,149.6523721092807,0.32033809770584915,16096,4322.694841560508,296.29411212706964,0.11940571392463582,16029,3780.781297470706,227.26181901801493,0.12006090382928758
12360111,16019,4104.17138682257,73.15167912815457,0.08619073401404788,16020,1634.421734873391,116.16887268467042,0.33650189264124075,16022,2477.9620103453294,214.3106112003739,0.1422262702599796,16027,1293.4321476592306,283.7033176938558,0.4350811030847317
12360110,16019,3908.314082051788,88.83071312335534,0.11344247307029122,16020,2333.056606818603,141.68718121284786,0.24739179270088926,16027,1508.7933724942116,237.82749794221377,0.4721316559551588,16013,4130.408842111974,18.082978713381408,0.1670340782736607
12360109,16020,3267.8886575955307,154.12993670084836,0.17524217703805006,16027,2311.729511730292,214.14719507817824,0.2932810184069688,16015,2134.4694475243045,327.8050865355272,0.35713617436583733,16029,3804.441182113473,62.38403864917831,0.17434063018914386
12360108,16098,1284.7570712467293,355.7586777935494,0.34904309824378815,16015,1351.10448103513,301.0300099409419,0.3236503194062673,16027,3297.860905301324,203.55899356233823,0.17541177717947454,16029,3413.687076601453,78.95961462089093,0.15189480517046988
12360107,16013,1358.7108535843386,63.93490967156623,0.12308456473724294,16015,1248.6640431699157,250.66979397516596,0.10622436290257774,16098,206.7342322727853,326.0241761960476,0.7397665747417828,16027,4344.174171763082,197.94763175580044,0.030924497618396496
12360106,16006,3275.094316614348,2.166282560714137,0.15727663281258525,16013,1304.9787548461695,113.13833374567707,0.2996261882916536,16098,948.17353520808,188.24970532780523,0.43595400017685515,16016,2890.1597721638163,242.07154789624096,0.10714317871890598
12360105,16006,2165.41491925912,2.7336200820890326,0.3184150508911307,16013,2005.9906173118195,143.98624975410792,0.3149944925681847,16096,2838.261213001328,50.50910151703442,0.15209051097774157,16015,2901.5569731169626,204.848977328162,0.21449994556294308
12360104,16006,1056.3918636945407,4.49252674751375,0.5573051514164482,16015,3942.746450119405,198.328327787494,0.15346459190230524,16096,2278.4806277343646,72.23478640980272,0.17660246929539336,16011,3728.307795647153,142.42845616835643,0.11262778738585322
12360103,16093,3652.372577000885,59.04222313919763,0.021454754806813393,16006,84.14824042315051,132.32523902416278,0.9121486026031896,16098,4272.349563387567,182.65139871368908,0.02466032916459688,16053,3101.181659944569,347.2451702131886,0.04173631342540007
12360102,16006,1167.212661046559,177.95374912830275,0.4829765786150156,16053,2040.580858622058,339.7818727149444,0.31551670057876346,16096,2618.2921877235763,125.60653815041776,0.11946654017067637,5600,4075.197265475408,75.73680481830661,0.0820401806355447
12360127,16034,3722.581062301585,15.753925030017058,0.45550215904829555,16031,6576.711804371936,303.9473418882107,0.25245045140649924,16035,6959.835808048708,42.83070129367405,0.19809636910795447,16046,9177.080330513134,315.2687050459505,0.09395102043725079
12360126,16034,2663.8852259571145,21.82301707449011,0.5158734989991589,16031,6046.198312998306,295.0798869893265,0.26325950027071626,16035,6176.50857307371,49.7068619209806,0.15507833358066447,16048,7547.906438231696,7.204634056102691,0.06578866714946029
12360125,16034,1673.0042560419065,35.42944891557352,0.6057658639050765,16031,5685.413925921449,284.80822114539154,0.21622390805271832,16035,5506.645734183113,58.41019274860861,0.11267754647469572,16048,6445.434644745257,8.261701361946109,0.06533268156750949
12360124,16034,982.6485277283168,75.05335593451525,0.7108082538929947,16031,5527.694156647606,273.5610227475887,0.15747999766621074,16048,5346.058642079238,9.754175703826547,0.07601792865778342,16039,6533.596577252148,345.554410618233,0.055693819783011154
12360123,16034,1263.432347209044,132.67029877212235,0.5962301497170527,16031,5590.253993095903,262.1197848091548,0.1508285854342977,16035,4697.106577242748,81.86056037332105,0.08146958946082287,16048,4252.181730293405,12.016737151630592,0.17147167538782676
12335599,16052,5302.893025877992,82.69672331596536,0.12332148609031919,16064,2469.829282874886,115.74675783078384,0.3032820649131509,16059,1948.7315188530308,196.5723947319121,0.3807189971850606,16060,3611.323912897789,241.2518124237223,0.1926774518114693
12360122,16034,2165.8589235550858,155.19891366829188,0.4598892398972523,16039,4434.29195313469,337.86545622122554,0.17009962919162097,16035,4650.656764693487,95.4876066228556,0.11643810911847582,16048,3169.504579920431,15.834799779085529,0.25357302179265084
12360121,16034,3201.509176601344,163.89564415633924,0.297344148663713,16039,3441.8775749660485,330.5696836966403,0.21021145836006316,16035,4863.990178133635,108.63858890255028,0.10724593010639794,16048,2115.297752961061,23.527193431254204,0.3851984628698259
12360120,16048,1169.2893176673988,44.80109162038923,0.5307425083295876,16039,2548.361037965149,317.8034304860253,0.2389328003543262,16034,4274.625343480932,168.28955577033992,0.16560530365363857,16040,4738.937607870755,87.84349464698374,0.06471938766244761
12360119,16043,4199.287690666332,21.666363982583903,0.062194076957717365,16048,850.8996379944781,109.21912647295017,0.6025684099368779,16039,1898.9011233319573,294.19200212553744,0.28987634329547857,16030,4481.623519326864,351.1205981404025,0.04536116980992616
12360118,16043,3184.4182692924696,28.71403675803839,0.15628970125091443,16048,1595.2663662010557,150.6046037291751,0.39490514766044826,16039,1783.6978067050593,259.2854327424699,0.33227536508743005,16030,3393.7108963195324,347.88545130833984,0.11652978600120723
12360115,16043,1563.4362449068635,110.07017603774948,0.28647299760083517,16030,773.7319712503561,269.1692374404403,0.49378021429117397,16026,1708.050108970081,335.053595096597,0.17036884464741273,16039,4085.753512706509,206.35857455522776,0.04937794346057811
12360114,16020,3023.3265293221903,30.36621244187228,0.13132159925915554,16030,1373.791235977707,215.3142209544355,0.29695290484445314,16026,861.1353867878745,300.64274529962097,0.489622263583923,16044,4954.019866562277,107.7596077692894,0.08210323231246831
12360113,16020,2126.034251980724,45.17353094097331,0.2397827172416876,16043,3103.855275991147,152.61811376699632,0.11913709010154655,16026,1014.779191468714,228.6152768737736,0.5073272452441127,16027,2803.2788342925983,334.3009361769174,0.13375294741265317
12360112,16020,1537.4094965121674,75.34420215985767,0.36583258394660867,16043,4113.983364021799,160.00052175899873,0.07909442815926007,16022,1664.959747247647,235.75243389658965,0.30536174194580135,16027,1879.789623668761,318.8841752560709,0.24971124594832986
12335605,16062,3432.118030982835,8.529608251710613,0.35704519604154134,16015,5571.108745833058,119.54846801716582,0.11061667235963896,16060,5783.991047222569,328.31726308974385,0.18900318191839305,16017,3708.696006003895,126.548018046867,0.34333494968042677
12335604,16017,4445.36136842964,138.28549697059827,0.36682147205657817,16060,4887.903646942615,321.2534814950193,0.20291541317704628,16059,3708.573560229364,353.0483845193511,0.26776433976361674,16064,5047.066259519051,27.5145016505964,0.16249877500275886
12335603,16017,5313.409694883772,146.44857133492792,0.2662639785582834,16059,2614.137582782125,349.6370532776937,0.35367114542816364,16060,4097.920964521467,311.2578870332842,0.19518053020822781,16064,4082.861850449667,34.46023682920645,0.18488434580532512
12335602,16062,449.57655049635656,81.72415234695956,0.7032013528396406,16059,1542.1431798091162,341.40984416612093,0.17690886438233663,16060,3486.9222885000822,297.1757910022276,0.08326068430693002,16064,3214.173018915784,45.406524685755016,0.036629098471092754
12335601,16064,2540.931296882141,63.17186715153326,0.11029804640885044,16062,1127.6524439565562,157.94116444475787,0.3095092515638096,16059,622.0938954647511,304.44445075342344,0.5374839571872523,16060,3160.4788576032965,278.7858284722414,0.04270874484008758
12335600,16064,2246.3401304096988,89.05770044210635,0.2553559343458363,16062,2192.1209303756173,169.4304250550947,0.10169525087405167,16059,927.4228234186604,215.18706204382616,0.5314354841513332,16060,3206.7065700695416,258.72291337369484,0.11151333062877866
12335624,16031,609.6357164681043,67.93845320609239,0.7606691518617736,16033,3687.0121464947406,274.99638625270745,0.15705501569748048,16038,7290.948424670253,22.86832358170102,0.04575670078793055,16032,7445.256613338933,315.6629921420352,0.036519131652815305
12335623,16031,1035.096221598586,148.31353460537076,0.6577859714737688,16033,3777.5408175339367,257.94924429157794,0.16426668199946348,16032,6713.12095764294,308.89763009932665,0.0677479148257164,16037,6256.281729227263,11.138096894537398,0.11019943170105122
12335622,16031,2057.990934965802,165.29492320908616,0.2879235759380474,16033,4172.498518473119,242.93563402317596,0.07908498823706402,16046,981.9380661616384,330.69989437662105,0.5627789225713427,16039,5948.881519298973,47.837239608486186,0.07021251325354583
12335621,16037,4088.6463702694864,16.56892363313841,0.12379435184800014,16031,3140.6011045811124,170.81880428744955,0.11693332427337119,16046,562.2241948820799,243.2031402365742,0.7185710440892811,16032,5632.655638435971,290.7522887054693,0.04070127978934749
12335620,16037,3033.347785182059,22.16988670767637,0.4246793191308652,16031,4237.402755029707,173.49849125473077,0.2694124243629474,16033,5575.138593779232,222.38432071305184,0.12938701387117388,16032,5362.229321919674,279.5108456345992,0.17652124263501356
12335619,16037,2037.0341905379191,33.46695269104703,0.36859065109732947,16032,5314.546405406343,267.5869108377807,0.1314385368703138,16038,2966.8543399624987,66.79590153801797,0.16023543600716136,16046,2532.2655159825586,192.41619739588663,0.3397353760251954
12335618,16037,1249.7878845824137,61.855913557651775,0.5903902819620593,16039,4347.258911851901,95.88885820326266,0.08292735320144115,16046,3627.2264533995462,188.97375898477472,0.19009309637158867,16032,5495.409193989377,255.9560217967004,0.13658926846491098
12335617,16037,1199.4145525720974,115.70745968661193,0.6560527182945077,16046,4729.203826907708,187.13133937781663,0.1735218729612916,16038,2882.504166324882,111.37561476130622,0.1030191675760419,16039,4575.624658764798,109.87824923833097,0.06740624116815876
12353127,16034,4490.465659394092,37.75011491723325,0.3821425666896989,16031,5202.98017764778,314.4017565992641,0.3143720571302116,16035,8221.006659772898,51.906560584939314,0.14773769870345188,16033,8787.410417477178,295.13576138280644,0.15574767747663756
12353126,16034,3660.878856975288,48.18539924421799,0.4533308108108481,16031,4514.04409893711,304.09893404303006,0.34664656639863867,16046,7168.995220879167,318.6004356121793,0.10002909996711228,16048,7924.767141148206,19.803001755597563,0.09999352282340099
12353125,16034,3017.248008912691,63.82355801575381,0.46421030217960896,16031,4018.238813447576,290.70857705852666,0.3340369839364305,16046,6394.279285718963,311.8699135782055,0.09803032271542143,16048,6882.859817815376,22.77216714713512,0.1037223911685391
12353124,16034,2696.2100410665475,85.29309885696262,0.4536112756184879,16031,3792.092027775212,274.70634183833783,0.3073847439833505,16046,5730.897978653791,303.439370352456,0.10961729059770717,16048,5865.9678470977215,26.78488110343244,0.1293866898004544
12353123,16034,2810.575607127324,108.42946783378522,0.4075051362833522,16031,3883.009476939396,258.13099320301944,0.26768955806068706,16046,5221.461171364019,293.0962865279964,0.1373323008850648,16048,4889.724419392654,32.437757896892094,0.18747300477089596
12353122,16034,3315.5931060965167,127.06340423149176,0.36913362446986175,16038,4836.378088117423,341.2786519883979,0.16635047952703103,16046,4914.083339258405,281.00991367885604,0.23217074358087075,16048,3984.124714153367,40.77655810798558,0.2323451524222366
12353121,16034,4068.295455924501,139.81598310733762,0.289781631512731,16046,4847.357905167421,267.9749113531242,0.15389056177326543,16031,4885.249017589959,231.843092814385,0.1608150367941328,16039,2965.8654859695885,0.8842267214307071,0.3955127699198707
12377612,16045,3525.321833644429,146.05991595312332,0.2732388333557769,16020,2887.746440529272,279.32440241839777,0.243785385134719,16019,2409.763231975599,350.7228385124922,0.3665708077577332,16043,4788.098639883026,217.72867212271012,0.11640497375177082
12353120,16039,1855.9023668208224,0.7739853064855424,0.41351548688809664,16034,4957.111879395326,148.30646137742656,0.18246329816915474,16048,2681.9851033320806,72.70188444315227,0.25256564855909797,16037,4310.652381677191,312.12320041775786,0.15145556638365068
12377611,16045,4480.309655716415,154.22244922784944,0.16699134196801566,16020,2940.3984522478763,257.3905385104761,0.1987751669898502,16042,5560.811968931947,193.64900520485983,0.07112553223288937,16019,1332.571711603394,342.1545568017902,0.5631079588092448
12377610,16020,3378.8875127890246,238.7735284588113,0.0895381432985775,16019,456.7078782035934,290.3295309453692,0.7646075419866575,16029,3099.556900149106,342.263748989272,0.06694648583951866,1720,4867.59517506033,33.50509222388047,0.07890782887524626
12377609,16019,1051.41579329715,205.22922788648333,0.6240795374367335,16011,3314.045200681414,323.7588564713681,0.14248180413278028,16010,3834.6594504795567,356.469379579608,0.08756439090080848,1720,3976.154211823534,42.12622646949683,0.1458742675296778
12377608,16019,2113.395088202084,192.795493979378,0.40766039056171705,16010,2729.625187872422,354.6175724275341,0.22737384285868953,1720,3223.375827947826,55.20922471416026,0.21069336015901913,16013,3571.918516830652,299.9957904730401,0.1542724064205743
12377607,1720,2726.635877281181,74.4837985177681,0.2145896735213274,16010,1631.3057280855069,350.2609909247467,0.3368840062047575,16011,2049.7740374925,282.7767029813716,0.25095960114904525,16019,3208.034468596672,188.749020649505,0.1975667191248699
12377606,2790,3382.67964114196,54.86065094771476,0.0772586550317137,16008,1584.86621177668,164.2397388181812,0.2333390127979555,16010,579.2576441938439,329.2854715879054,0.590683042351583,16011,2122.981270186885,251.98733343796755,0.09871928981874786
12377605,16095,2563.0363840998943,45.520456629460966,0.16124439063293514,16010,688.4830918165574,207.30035747618848,0.6132269476814677,16096,2852.8862758553105,311.32787097038613,0.1293191830791101,1720,2985.883638869155,119.93899006722046,0.09620947860648715
12377604,16095,1934.5269681047623,69.23039845160969,0.3990944285891959,1720,3654.0514358196183,135.35996097661427,0.16639822065414858,16093,3286.5061311739432,338.96799754266385,0.23087113348369884,16013,4136.387030547767,230.09695867203695,0.20363621727295664
12353119,16039,745.9648021644688,0.3353290576844188,0.5979100552478911,16038,2042.4745085344769,307.775298939883,0.17551539840105262,16048,2559.1048948921766,97.0097856680427,0.19994404603815782,16030,4518.151060356358,13.36958118270678,0.026630500312898493
12353118,16030,3441.789267958474,17.30921042330192,0.08428119644257584,16048,2892.932571306554,119.44414673503452,0.06560764637724606,16039,364.1975812510664,182.57191924807475,0.7043915586067551,16038,1641.2193990231576,274.9413641733164,0.14571959857342304
12353117,16030,2396.291773176265,24.752261365588996,0.2964203501106029,16048,3557.130756804408,135.37953502477245,0.09264817504273307,16039,1474.0810348987277,181.44047006887217,0.3536702148613302,16038,1918.2313815312168,239.6787096239031,0.2572612599853338
12353116,16030,1450.0358006288498,42.65933090885238,0.4759850353639639,16039,2584.04734303212,181.2811122277624,0.24521995388949613,16043,3269.815955941622,80.4757025778693,0.10386056771048745,16037,3626.949009408015,244.7374166009897,0.1749344430360525
12353115,16026,1824.8749402569017,33.79821966603288,0.1546340077438664,16030,962.8572980975612,92.58568434235428,0.5251548654653979,16038,3611.650000790406,208.0306478976634,0.17981875469501776,16022,2397.362508703916,10.107162339443732,0.14039237209571792
12353114,16026,1074.3444583044184,67.75659515276897,0.31768138191586565,16030,1488.52190187018,140.78207418877082,0.2780917684817851,16022,1312.7874102905855,17.739183663440144,0.30477781402113574,16038,4628.437485788892,201.78861921480063,0.09944903558121351
12353113,16022,404.4702305581931,69.6619075473472,0.6768712181523554,16026,1200.9923541779758,125.83395543512596,0.13969873469689503,16030,2443.0361810371487,157.86735271461498,0.0866304395178238,16027,2547.284665189247,11.765654479769182,0.09679960763292579
12353112,16027,1471.0747315202566,19.815332238000224,0.3744702602740456,16022,1033.3998633895533,159.70024822168045,0.4704298141557563,16020,3241.8742697716475,83.68202469469185,0.06452834972909359,16026,2048.0919263581964,152.2718765735052,0.09057157584110452
12353111,16027,550.9981679755259,60.15854398349518,0.6796953105204714,16022,2106.2716462455846,170.77173638081445,0.19285838435677724,16016,4224.297591532057,350.2353510177405,0.08669151405414804,16020,3288.81657685104,103.23641791955134,0.04075479106860329
12353109,16015,1871.7404170642928,18.59386758070133,0.2806835673698998,16027,1993.773555715977,167.3553359117608,0.3963614047049413,16016,2086.068715673161,338.6948666494513,0.2568703363600373,16011,4843.000978637488,58.06494243355735,0.0660846915651216
12353108,16015,879.2419191056588,40.93361370998281,0.427479697709346,16027,3083.367178358823,172.25194755846633,0.162823183121234,16016,1140.8014879193977,316.9539574118655,0.34214531270942194,16098,2060.507500676348,52.68746896094024,0.06755180645999803
12353107,16098,1624.024272898758,85.08296493528837,0.12164105829407632,16015,711.9628449568609,128.74250797395393,0.41978984679956155,16016,845.7869782809029,250.94721394034133,0.4056564632089094,16006,4738.32709729511,23.348359854289757,0.05291263169745271
12353106,16006,3734.9518635387008,29.816969231779296,0.17932442843820764,16015,1644.6575774590697,161.0333016416812,0.31241731367421416,16017,1675.970552982971,232.66495859793616,0.3645903318467963,16013,2983.5467378235635,100.52593383058746,0.14366792604078193
12353105,16006,2812.8550257963416,40.75666155768363,0.33926637806943477,16017,2520.3991343850416,212.47646203164635,0.31438667970521206,16015,2714.240382576348,169.08868432844383,0.19012087829085852,16013,3349.8630650203354,119.60400710850696,0.15622606393449467
12353104,16006,2082.9353664323207,60.65116393056854,0.4309240204701251,16098,3549.340912471624,154.00328791250593,0.16908346483951178,16017,3515.7030992416985,203.0073178061437,0.20695556959130287,16062,4514.513052654805,301.6161494718567,0.19303694509906033
12328623,16046,2317.049328838522,33.48143506492562,0.2849226929443685,16031,2457.607809858371,111.84153084851796,0.27528258139901307,16033,2122.524862321309,247.2091715241192,0.36477525473741185,16032,5444.988228061876,320.1761809842608,0.07501947091920656
12328622,16031,3033.6554150786824,131.85284989642366,0.3197337929666319,16033,2765.217179886027,225.6793525670005,0.34031080455142637,16032,4663.509026936981,311.2041873705268,0.2001764721397932,16038,6359.03318124678,45.40287781349457,0.13977893034214844
12328621,16037,4850.051824982532,36.765457822178746,0.2282260547181834,16033,3640.321695651848,213.3240213450996,0.25481829872384426,16032,4038.92745765418,299.06754889702387,0.25776671846376786,16031,3851.033149463337,144.46710703507256,0.25918892809420446
12328620,16037,4000.771350751989,46.071987084372665,0.1988358657989305,16046,1850.366490252104,139.01422076989678,0.44909933186137124,16033,4617.539588723269,205.9620282288865,0.11162115433894139,16032,3652.638028406547,283.49668628542906,0.24044364800075693
12328619,16037,3309.606611854007,59.78070450416749,0.3128997019866122,16046,2775.594481376087,154.5657583648017,0.3217268674364446,16032,3582.571310095336,265.8814127050697,0.2869807558999447,16033,5644.078981063718,201.22136835718308,0.0783926746769984
12328618,16037,2892.228960355136,78.91711694571939,0.33699607985433544,16046,3801.077649466683,162.065110839427,0.22178013480873016,16032,3846.050566228811,249.17870434137663,0.25996828697802976,16007,4978.3538443661855,349.9463232626926,0.18125549835890456
12328617,16037,2870.655114318831,101.12358473274725,0.3547586460986832,16032,4383.336621772598,235.5928965205704,0.22449376861019943,16046,4863.812079701786,166.3365144425935,0.141227975956908,16007,3895.3025548503097,346.78272748450627,0.27951960933420944
12328624,16031,2311.0078209419457,85.148431433817,0.3567130033617357,16033,1956.5242631376573,278.4523932258877,0.43567608486944565,16046,3308.371231488613,23.13348438727905,0.15537751258809465,16032,6325.477374593265,326.7784141692399,0.052233399180724005
12328603,16062,2477.2840510381425,62.57652080014236,0.3885247672682014,16060,2989.90227579347,333.20192056206844,0.3587815627884393,16059,2834.538568478837,26.44611932731425,0.18448068946845442,16064,5239.486741558173,50.49868899270632,0.0682129804749049
12328602,16059,1891.7983798597547,40.98445704494145,0.2766355273751815,16060,2075.153352023379,318.699248989634,0.3843995417570358,16062,2177.491247891306,89.18092080202871,0.30294322575828136,16064,4594.758951796502,61.06537320288578,0.03602170510950148
12328601,16059,1259.9659969963022,75.36826772810741,0.40122219108744195,16062,2410.459915848593,116.583733955703,0.14411188069664305,16060,1461.9686465141797,287.8919134428875,0.4206453645511961,16064,4151.588906557976,74.44683263296054,0.034020563664718936
12328600,16064,3977.923489372257,89.95170435786918,0.10153528470802989,16059,1435.4304594725097,123.46561285250688,0.4082837719362777,16060,1559.743690317399,244.93930424677757,0.4383391721205959,16062,3056.713101036464,135.7227828050316,0.05184177123509651
12328599,16059,2235.565270706049,148.26730036036776,0.3357515042518739,16060,2278.731598427611,219.0163530324193,0.42584815025825096,16064,4108.086713004393,105.62498607901377,0.196223516239231,16062,3916.760672162283,147.3635282764866,0.042176829250644234
12374113,16019,3508.098727364918,8.176299736251394,0.2982934972189183,16042,3225.3080432449733,187.21213965688963,0.2510974282048678,16045,3391.9871551281585,122.6598666519273,0.2516124218118409,16026,4274.84354379826,261.82899005262186,0.19899665276437303
12374112,16019,2410.703387522686,11.458713418053264,0.3171343886996025,16043,4325.938956269324,208.4757987966675,0.12981054746810655,16020,2033.143666379517,282.8535984603262,0.360588878474568,16045,4084.879907694149,136.03752050371713,0.19246618535772295
12374111,16019,1334.2662665571854,20.11697510253913,0.5011025240119572,16044,4922.498489235646,166.04197460069918,0.13065306383940717,16020,2107.398286805445,251.82062894003337,0.31284692054327523,16011,4989.089977967598,347.8254451113799,0.05539749160536031
12374110,16019,461.6230005963271,71.94424792668565,0.7257352787514544,16020,2685.640284265912,228.84876023844296,0.15930216702518754,16008,3208.8733824126803,25.416498523789585,0.060976193044688265,16013,4549.604304063555,331.2751800129486,0.05398636117866976
12374109,16008,2245.165301560752,37.19326104776974,0.2094233163397652,16019,1053.561089381283,156.5731880128675,0.5160495823336566,16020,3528.213985868444,215.3683524810438,0.1071685620640564,16011,2872.9999283180287,337.65671237537674,0.16735853926252184
12374108,16008,1499.5753662849604,63.08936812723374,0.37591958602900677,16019,2114.465456581387,169.12722686152642,0.30574213234523456,16013,2844.489243672996,308.4845826344126,0.20461826470796424,16010,2770.1850615592225,12.739117487903115,0.1137200169177943
12374107,16010,1698.2885842180372,20.35883951777538,0.12922541843539317,16008,1385.9140317310969,108.12243243026523,0.13913213459012114,16029,415.99964160749965,199.2504822705928,0.5690934033472468,16011,1213.899683694738,291.13620349938566,0.16254904362723896
12374106,16096,3232.0839392719345,337.1366204753944,0.19793090042188732,16029,1510.7354824905035,185.97221093552463,0.4105383702880472,1720,3496.511864059587,96.50282645880998,0.17682074345137413,16013,2310.787160361634,258.784336528841,0.2147099858386914
12374105,16095,3230.109005879047,56.55554103919343,0.09915046372318455,16010,834.8445261569616,138.7213859985652,0.55855278373707,16096,2262.398468348255,325.6726018575383,0.2101550382496878,16013,2767.711382053341,235.7106596336158,0.1321417142900576
12374104,16011,3127.8571169890765,202.4081222549609,0.20070481525396516,16096,1501.5466722900585,300.3434086108146,0.4633856474967242,1720,4316.6227882278,127.29603630972764,0.16139681361776165,5600,3328.653801574721,9.07397028520461,0.17451272363154902
12374103,16095,2691.295523671797,99.39651194240356,0.1938011896492215,16096,1361.9711836723843,255.05470351861808,0.3988868120139486,16010,2892.434836590374,169.8307220775464,0.1402642872768108,16093,1970.5192525235384,350.26736861387195,0.2670477110600192
12325100,16059,2216.1427540927784,111.396306373039,0.22463607439162928,16060,870.8193462528736,218.91031934037883,0.659514029723828,16062,3723.385771545245,126.32215228734356,0.038488224111350736,16064,4843.885461223627,90.16068220276588,0.07736167177319199
12325099,16059,2801.4617965672624,133.21625004618522,0.2515255134435745,16060,1875.736823375508,197.650288087594,0.5463470127380379,16064,4951.227595884004,103.11435043696764,0.16055654668784622,16062,4456.512502205186,138.0662332242759,0.04157092713054152
12325119,16032,2718.9242327219176,264.2115956343712,0.42856074554430534,16033,5407.407204382572,192.54736958606463,0.18177560586101263,16038,5447.691339789331,78.15188055420424,0.2237563215770929,16007,5994.823927757241,0.1982562240436891,0.165907327017589
12325118,16037,3745.420794877824,81.72503361449293,0.24830191381499225,16046,4166.145185783848,150.70335230590354,0.19762257201262892,16032,3057.8758561624963,243.08905851644028,0.355198581160438,16007,4884.995183255277,359.98900206824345,0.19887693301194073
12325117,16037,3728.680224161669,98.80472769087436,0.2626711996448381,16032,3711.187955369213,227.78075684871104,0.29900986752259084,16046,5154.111527405839,156.96294221921198,0.13368274193262009,16007,3775.268213384097,359.65665019629995,0.30463619089995103
12349615,16026,2407.4744563801337,51.453341390436265,0.22166903925618822,16030,1830.615654808125,91.86855093259165,0.37307837875790006,16038,3309.8720514227957,194.5139728248336,0.2862377309229774,16027,4909.552204997322,16.91732574541777,0.11901485106293437
12349614,16022,1769.1593809452877,45.767512878295975,0.3825389444084783,16030,2153.931607248165,122.88480817533308,0.2640536757707892,16039,4880.110125576431,170.94051440073451,0.15603757888626657,16026,1902.5320793866624,78.15782702410229,0.19736980093446582
12349609,16027,2355.257299409222,146.397070585831,0.3778675310198188,16016,1930.3294478798036,3.2398321885596038,0.2503769181876551,16015,2287.5010655206866,39.787040134829454,0.19888189675758197,16017,2331.845458559491,350.04146001975306,0.17287365403494404
12349608,16016,822.1893379033901,6.159500315200205,0.4415638178273236,16015,1581.7913309458368,65.8172144987251,0.19407255720487335,16027,3328.5212722878296,157.3353038563091,0.16606388969479494,16017,1260.4152951497958,340.3359922769543,0.1982997352730081
12349607,16016,300.0148135114603,167.02953189599407,0.5243911600566792,16017,451.64545249840126,279.83001195834504,0.3723297259772565,16015,1495.207286789331,107.99111327795856,0.07772723628883058,16013,3860.063991636124,81.83076344511613,0.025551877677233683
12349606,16006,4220.768106493028,40.19068393968655,0.16532441691325583,16098,2654.2374155289417,111.82716756460144,0.12605438900487595,16017,1132.9280946251702,204.2824219558223,0.549312235052816,16015,2105.567929109195,138.28083143281276,0.15930895902905212
12349605,16006,3431.706420389945,51.96454797636852,0.23606627219253307,16062,4551.644847388189,319.4819657793432,0.19471290531814361,16098,3219.4107330305774,130.63666691292144,0.183213068930654,16017,2197.1086011882644,192.8006020732336,0.3860077535586693
12349604,16062,3793.7987700513536,308.28156751362553,0.27834174902487074,16053,4521.029909248632,25.342492011740944,0.21927980210914716,16013,4675.227673569947,126.49973099258904,0.18490855750717766,16017,3291.698066371177,188.87220886664545,0.3174698913588045
12349603,16006,2663.199268682812,92.26333450640476,0.3327211891734271,16017,4394.030958581111,186.9091386177714,0.19525337949043894,16062,3245.395558295298,292.4730559705213,0.2918687135915524,16090,3841.916354324236,22.49841950785429,0.18015671774458153
12349602,16053,2658.54657574189,45.41144501874055,0.23276408673960883,16006,2906.363786568141,114.71115556262242,0.2777434417914163,16064,2603.3153321249106,333.147523935122,0.23689139955297545,16062,3022.6697823384216,272.47894330482774,0.2526010719159994
12349601,16090,1951.592811234014,47.04413813499525,0.3065438423962727,16006,3502.212592013595,131.59104334763265,0.18026349282041584,16062,3194.48620101244,252.15220494643063,0.1658720233695618,16064,1703.885072639035,315.37999859978385,0.3473206414137496
12349600,16090,1424.5189114239574,81.11302504084938,0.3762313842123571,16006,4306.770277564028,142.89130672380168,0.08401685463914686,16064,1222.0699362642642,274.8337545181502,0.47289746556468254,16054,3985.120440951356,37.51701472801665,0.0668542955838135
12349626,16034,4338.318954128759,56.022391143612936,0.4467068571740978,16046,6613.228794986833,324.16431398516545,0.20299586967086455,16033,7569.775371172155,290.141484567504,0.23350767975795786,16048,8245.127536893837,25.53305387985972,0.11678959339707988
12349625,16034,3810.7732649207023,69.81719832966718,0.4459805473334977,16046,5764.385991849864,317.5237973952224,0.22610942947846313,16048,7249.357284802164,29.167811308975445,0.12534768240829378,16033,7283.11353254801,281.85974557779525,0.20256234077974544
12349624,16031,2925.3489801206847,275.78564149115374,0.39945207520991166,16034,3561.880623685633,86.70048675517694,0.3527367283787076,16046,5018.52305623838,308.75853977142185,0.12809890775348437,16048,6291.918321512606,33.933181166400004,0.11971228865789633
12349623,16034,3649.11298368844,104.35577940704576,0.33260452815246005,16031,3042.413966001708,254.46423343260307,0.3442516078978485,16046,4427.989454754426,297.3163678431703,0.1506890714527456,16039,5256.468824610201,10.477575835984569,0.1724547924969458
12349622,16031,3524.0602741406497,236.89688348067995,0.2682094694297166,16046,4061.121619483211,283.125840109209,0.19123488292200516,16039,4165.360951056611,12.972871396224775,0.25611651212142666,16034,4050.814852175222,119.82277147412036,0.2844391355268516
12349621,16039,3087.7268584098288,17.223279611621876,0.3948723368428488,16046,3980.256319214116,267.29941302752366,0.20441904308359932,16037,4604.964764312657,329.9201900334872,0.13741678234564197,16031,4248.038723165104,224.4129531209868,0.26329183772791004
12349620,16039,2044.9822785202032,25.905952693029175,0.39311602016090325,16046,4201.939718526755,252.0165412485511,0.2349383394058925,16048,3516.9192178132826,77.16564109243359,0.21083473876847256,16037,3699.9107273262985,320.9914907057788,0.16111090166473163
12349619,16039,1137.5104713539745,50.096784714653154,0.4313093408417339,16046,4683.406027180258,239.0718079530892,0.12575248726666774,16038,1442.8240106062412,328.8585913417088,0.33362321553343577,16048,3424.0281204926423,95.50637264476347,0.10931495635816257
12349618,16030,3777.7011634696,30.057974741220107,0.06396818933934223,16039,932.7389400315692,114.04709370201664,0.41322940563568294,16038,777.1279592409029,279.26510689403693,0.46301801277246557,16037,2459.4619555704908,285.45639154147204,0.05978439225250928
12349617,16030,2857.790782300266,40.90565049340012,0.22432856814746477,16039,1705.925031573284,150.84998271143877,0.26088830696631526,16038,1261.0448089304004,218.6630522528946,0.3711180204308735,16037,2434.122460575408,259.24269723953813,0.14366510445534636
12349616,16030,2127.6763489857826,60.42630158934736,0.34022009874903086,16039,2722.9537350894952,162.69172745953017,0.24291547975441657,16037,2874.9079068102565,237.03973428024665,0.27372491563920154,16022,3693.553077829194,20.76209260023296,0.14313950585735088
12349599,16052,1943.089095604235,67.60964780447512,0.33919123151882047,16090,1647.4339494089977,122.6892057019706,0.3928706873917279,16059,4404.480597838015,245.85357013859704,0.15525911484932375,16062,4442.298633141315,223.9408077503063,0.11267896624012771
12325124,16031,3176.615566172334,86.77790979009751,0.21756233869483024,16033,1100.2230762965603,284.2421959151331,0.6149805548700502,16046,3722.408364538155,35.63297727069096,0.11327977158906459,16032,5879.258504266779,333.7891434636269,0.05417733484605486
12325123,16031,3284.70763889329,106.46963388024052,0.23811081581272012,16033,1374.0390339235842,232.36089612262663,0.5574724802974221,16032,4919.617845175681,327.8435325775942,0.1303990444992863,16037,7184.452549972879,32.07153990345142,0.07401765939057144
12325122,16031,3735.221563472205,123.12220133124816,0.22721727103181266,16033,2242.693382683212,209.6577946861796,0.41724752113724917,16032,4037.795699553744,319.1687421358768,0.23049839221437515,16037,6258.627538606698,37.30536887177851,0.12503681561656294
12325121,16037,5402.649216264337,44.272778838845454,0.18239776198407281,16033,3261.222763192886,200.2992318259006,0.2948980005225942,16032,3296.840264630316,306.16191615995496,0.3265436952047443,16031,4424.774129149094,135.4047488318701,0.19616054228858867
12325120,16037,4655.208929475015,53.658839633654566,0.1618126582276684,16046,2516.5866039942853,124.17717787219424,0.34334467158054266,16033,4325.008236165769,195.46229187027413,0.14680342795187254,16032,2810.469118412253,287.2959721074511,0.34803924223991645
12318124,16033,711.7946286638185,70.58723495809431,0.7723084350461422,16032,5310.555855772435,350.69141536602683,0.11382850658157377,16031,4911.453693555924,88.31466222572124,0.07200513167748916,16046,4920.155889933541,52.556548123458185,0.04185792669479485
12318123,16033,1088.2310766831083,143.3608084647725,0.6641103507054698,16032,4223.716657130929,347.9621159403891,0.20375133833762965,16031,4981.851054826429,101.1729454781817,0.08334428214558644,16037,8214.469304508246,42.52518530439573,0.04879402881131419
12318122,16033,2079.917429371897,162.43992272671858,0.4769976959154093,16032,3153.05774659134,343.3619835497761,0.34042521254685343,16031,5289.562980902273,113.09806561877464,0.10481459870383995,16037,7418.171394995132,48.20350979305584,0.07776249283389743
12318121,16033,3151.52226070808,168.9208282721761,0.31652408494363893,16032,2123.202253870451,334.1813310603443,0.48487879410198487,16037,6711.570858294961,55.15904560317296,0.09968368498588333,16031,5796.921530860405,123.32691717407216,0.09891343596849285
12318120,16046,4083.990978243994,110.76334774329018,0.15089296646068553,16032,1240.338029020353,310.25322990974314,0.6112477445984452,16033,4242.919640273163,172.09274405690826,0.15817662282198874,16037,6125.787103525898,63.59174687491742,0.07968266611888054
12318119,16046,4577.907756408526,123.96485296406354,0.11796961756260871,16032,1016.4334974671116,252.34147624423505,0.6826077377991566,16033,5341.993271600222,173.96345377394346,0.07657163296260469,16037,5698.204249064634,73.53817401849335,0.12285101167562991
12318118,16046,5263.052220922532,134.17243235281063,0.11549113176072257,16032,1729.7675430413374,214.9317234276972,0.5664165969960684,16037,5466.076063250879,84.69961364559646,0.12307504463688566,16007,5151.936585724146,19.68400794437412,0.1950172266063234
