id,a_km,b,nugget,g1,d1_m,b1_deg,w1,g2,d2_m,b2_deg,w2,g3,d3_m,b3_deg,w3
12391609,44.617,1.713,0,2320,2369.860951,62.36057611,0.63985926,16019,4016.050007,257.2007629,0.364425949,1720,3115.163423,345.0995497,-0.004285209
12391608,44.617,1.713,0,2320,2080.035369,90.28633905,0.593779437,16019,4414.461644,243.0675534,0.270759441,2790,4279.426339,351.1063959,0.135461122
12391607,44.617,1.713,0,2320,2345.388735,118.5295002,0.492894038,16008,3037.455598,263.3061581,0.289019152,2790,3191.688042,347.679948,0.21808681
12367103,44.617,1.713,0,16093,2368.376298,36.22106893,0.097789157,16096,565.7942104,132.567328,0.674422587,16006,1670.570865,269.149662,0.227788255
12367102,44.617,1.713,0,16093,1594.847923,59.8571334,0.326093469,16096,1544.28446,165.1261589,0.453399271,16053,3119.529739,308.6119203,0.22050726
12290104,44.617,1.713,0,16075,4135.238895,42.39739643,0.375753955,16074,3936.620104,297.1164625,0.341607454,16071,5810.630256,178.3275225,0.282638591
12290103,44.617,1.713,0,16075,3380.22307,54.89299551,0.471864922,16074,3592.692688,280.9831714,0.37663666,16069,6931.113862,183.4511614,0.151498419
12290102,44.617,1.713,0,16074,3575.255158,263.1672857,0.477028186,16065,5632.574681,32.16144894,0.281977472,16066,5706.996305,147.7118491,0.240994342
12290101,44.617,1.713,0,16065,4715.545893,39.12028367,0.329137472,16074,3888.703632,246.747679,0.511535857,16061,5991.183674,114.1333129,0.15932667
12290100,44.617,1.713,0,16065,3900.1712,49.19727922,0.381448159,16075,3031.493049,117.1964406,0.226628531,16074,4463.87189,233.6625232,0.39192331
12290099,44.617,1.713,0,16065,3263.55581,63.8415761,0.628267209,16075,3656.999356,133.0277009,-0.005905176,16074,5214.870122,223.9430539,0.377637968
12342625,44.617,1.713,0,16034,5467.17954,76.43826758,0.574649486,16033,5584.986143,285.1969535,0.542158287,16038,7939.727605,8.085219949,-0.116807773
12342624,44.617,1.713,0,16031,1201.664708,282.5996663,0.848105968,16038,6839.36011,9.218323107,-0.030957052,16034,5296.4984,88.13645075,0.182851084
12367114,44.617,1.713,0,16020,2648.498447,355.5192174,0.337225313,16030,2753.945602,246.7033199,0.351569486,16044,3329.32658,116.3792108,0.311205201
12367113,44.617,1.713,0,16019,4102.543667,32.99247319,0.306163836,16042,3494.310807,157.6259127,0.255250583,16026,2576.906878,255.64159,0.438585581
12367112,44.617,1.713,0,16019,3214.797733,43.51926104,0.391587882,16027,3305.019563,295.9849619,0.280166049,16043,3848.030783,184.8862034,0.328246069
12367111,44.617,1.713,0,16019,2510.585766,60.88926157,0.175599081,16020,739.1275101,201.2310312,0.763534934,16015,4947.566534,325.0991342,0.060865985
12367110,44.617,1.713,0,16019,2176.057437,87.06011393,0.552994646,16098,3959.532498,333.1506418,0.205470453,16022,4438.06049,225.245187,0.241534901
12367109,44.617,1.713,0,16019,2373.076456,114.8743777,0.434067264,16013,2887.382582,350.5812934,0.319533975,16027,3567.98502,238.1780902,0.246398761
12367108,44.617,1.713,0,16029,1756.047171,67.01993373,0.46670625,16098,2251.413225,305.6781327,0.355341023,16020,4031.742601,184.6727834,0.177952727
12367107,44.617,1.713,0,16015,2936.728838,262.5365146,0.355931365,16019,3849.19664,146.7160782,0.345397736,16096,4086.903958,6.996573276,0.2986709
12367106,44.617,1.713,0,16011,912.4855381,140.447174,0.730327997,16096,2985.117937,9.205563582,0.181613464,16017,4892.811971,258.776367,0.088058539
12367105,44.617,1.713,0,16013,1684.314951,199.1889122,0.570438313,16006,2733.770669,323.4033405,0.274726679,16095,4761.128659,68.45132228,0.154835008
12367104,44.617,1.713,0,16013,2760.84218,191.997454,0.271120153,16006,1974.860664,303.3266654,0.518627799,16095,4454.132398,81.75279453,0.210252048
12342607,44.617,1.713,0,16028,888.400708,190.7542066,0.830002287,16062,5769.304534,348.1798421,0.111388373,16098,4219.386931,88.77604386,0.05860934
12342606,44.617,1.713,0,16028,1991.394851,185.3853714,0.625696288,16062,4693.915013,345.151077,0.273215486,16098,4319.37933,103.6547512,0.101088226
12342605,44.617,1.713,0,16006,4900.13989,64.86137677,-0.024249997,16017,2507.049833,150.1902365,0.611060237,16062,3639.373318,340.3462663,0.41318976
12342604,44.617,1.713,0,16006,4520.568458,77.58584401,0.165261398,16062,2630.871895,331.7514205,0.522720334,16028,4208.468911,183.1215741,0.312018269
12342603,44.617,1.713,0,16062,1749.913311,313.643178,0.644537172,16017,4556.885226,164.6792713,0.239635969,16053,4686.424828,51.09342303,0.11582686
12342602,44.617,1.713,0,16090,3989.441299,52.89259058,0.257874751,16017,5630.413265,167.8724886,0.231088075,16059,2679.710414,303.9073913,0.511037174
12367125,44.617,1.713,0,16035,4150.161685,45.3546883,0.863528466,16031,7385.357294,281.5990945,0.430749162,16047,5574.288037,346.5886815,-0.294277629
12342601,44.617,1.713,0,16064,1295.716747,24.40214585,0.523832161,16006,4949.078063,118.4490332,0.054734905,16062,1654.220992,232.2868553,0.421432934
12367124,44.617,1.713,0,16035,3444.350587,58.36432617,0.197163587,16034,838.3347733,289.8933853,0.903347721,16048,5365.487003,351.0796979,-0.100511308
12342600,44.617,1.713,0,16064,518.9180241,82.23063782,0.880704099,16062,2503.999233,212.0773365,0.052487323,16060,4912.704033,263.0567743,0.066808578
12367123,44.617,1.713,0,16035,2994.530788,76.54350325,0.249106239,16034,1154.773197,224.4386925,0.695773036,16039,6247.397889,327.1615972,0.055120724
12342599,44.617,1.713,0,16064,1150.632341,154.630466,0.632823926,16059,2932.26174,231.2700578,0.217369257,16054,4603.628378,63.99801271,0.149806817
12367122,44.617,1.713,0,16035,2921.445737,98.12550115,0.264728724,16034,2104.329385,203.1920205,0.368462835,16047,2492.48699,327.1096823,0.366808441
12367121,44.617,1.713,0,16040,3294.980056,66.3851686,0.377231832,16034,3160.20892,195.5826917,0.398253425,16039,4575.005067,311.4674183,0.224514743
12367120,44.617,1.713,0,16035,3880.986413,132.7108691,0.208601144,16047,1399.659407,264.811434,0.660876358,16042,4769.94082,17.97149446,0.130522498
12342623,44.617,1.713,0,16031,1464.107999,234.623067,0.746168978,16038,5742.689399,10.78497938,0.12307887,16034,5355.351072,100.082492,0.130752153
12342622,44.617,1.713,0,16038,4652.331781,13.08839139,0.212454588,16036,2330.640099,99.6018682,0.276097942,16031,2303.767436,211.82481,0.51144747
12342621,44.617,1.713,0,16038,3574.07152,16.79094477,0.1843744,16036,2725.805195,123.3504367,0.358608794,16046,2249.657183,264.379952,0.457016806
12342620,44.617,1.713,0,16046,2622.276418,239.5205728,0.470319672,16037,2903.267221,348.2322496,0.285420102,16047,4690.806113,92.92827982,0.244260226
12342619,44.617,1.713,0,16046,3340.039443,223.0721629,0.256118696,16037,1837.773332,340.5094492,0.560204719,16047,4854.91633,106.1378277,0.183676585
12342618,44.617,1.713,0,16038,973.6618951,84.55817747,0.465652585,16046,4230.78706,212.9644448,0.07250059,16037,888.8178016,314.4724766,0.461846825
12342617,44.617,1.713,0,16037,816.5362541,233.3761356,0.717463156,16039,2984.595728,120.6751307,0.157609284,16024,3981.525763,352.2122769,0.12492756
12342616,44.617,1.713,0,16037,1734.250857,202.9563424,0.581172523,16024,2889.907738,348.8146951,0.272405303,16030,3727.761165,74.16300585,0.146422173
12342615,44.617,1.713,0,16023,777.2435327,96.16564394,0.573080937,16037,2795.119485,194.4503389,0.15221241,16024,1820.643287,341.3678487,0.274706652
12342614,44.617,1.713,0,16021,1559.775978,40.8599832,0.390086467,16023,1410.278152,147.7926938,0.461197376,16007,4457.507204,276.8215646,0.148716157
12342613,44.617,1.713,0,16023,2416.161284,162.4003669,0.405347244,16027,3965.276324,51.9367508,0.3273504,16007,4484.755907,262.56488,0.267302356
12342612,44.617,1.713,0,16021,1427.710684,136.7508198,0.285415878,16025,644.8076543,254.6930696,0.641808793,16028,4676.600494,359.2624481,0.072775329
12342611,44.617,1.713,0,16021,2353.15985,155.9998296,0.337591819,16014,2242.785765,268.7320646,0.427671205,16105,3861.274057,43.19679259,0.234736976
12342610,44.617,1.713,0,16027,3184.038905,106.1318333,0.291773204,16028,2458.74789,357.6127646,0.318010036,16014,2543.032118,242.8756236,0.39021676
12342609,44.617,1.713,0,16027,3633.825067,123.2892361,0.169548988,16014,3219.964374,225.1916383,0.198451377,16028,1352.465083,354.7595166,0.631999634
12342608,44.617,1.713,0,16105,2630.530173,101.2793091,0.071869816,16014,4090.669229,214.306476,0.034262552,16028,277.6616156,328.6038847,0.893867632
12307599,44.617,1.713,0,16063,818.3723183,91.15244126,0.667581554,16075,2921.408435,214.5260324,0.122283556,16065,2071.739639,317.4922344,0.21013489
12307598,44.617,1.713,0,16075,3896.590319,205.510728,-0.066852013,16065,1482.231191,286.3568038,0.825016663,16060,4782.604675,128.5942155,0.241835351
12307609,44.617,1.713,0,16055,2875.366035,62.87021288,0.522192931,16067,5560.902017,163.35147,0.114107177,16071,4054.46631,267.5886725,0.363699892
12307608,44.617,1.713,0,16055,2544.649126,85.46112018,0.46609353,16066,2239.661459,329.1552268,0.35994432,16073,5480.257565,238.3610342,0.17396215
12307607,44.617,1.713,0,16055,2673.408156,109.8651916,0.568189866,16071,4742.017442,239.7316142,0.267808136,16075,6638.128607,347.1449769,0.164001998
12307606,44.617,1.713,0,16055,3206.767511,129.0041851,0.189338895,16066,1229.350249,256.0312632,0.638811325,16061,3423.976802,21.39355573,0.17184978
12307605,44.617,1.713,0,16055,3985.472535,141.7088928,0.301904423,16070,6958.254052,272.1115591,0.175000726,16061,2413.222551,30.55005021,0.523094852
12307604,44.617,1.713,0,16066,2804.31585,206.1904988,0.311117526,16075,3501.10149,333.8331381,0.21411823,16057,1755.773843,83.07954706,0.474764244
12307603,44.617,1.713,0,16061,1190.330301,96.82310843,0.599020413,16066,3838.917195,199.1616742,0.124017977,16075,2565.969168,322.3806113,0.27696161
12307602,44.617,1.713,0,16066,4906.611449,195.1512742,0.163668702,16075,1837.150062,300.1462777,0.578600441,16060,4095.076493,69.17391674,0.257730856
12307601,44.617,1.713,0,16075,1621.878978,263.3722408,0.460926279,16063,2366.180638,21.38960212,0.335283183,16057,3539.779492,151.7420164,0.203790539
12307600,44.617,1.713,0,16075,2085.742801,231.5484355,0.391362186,16065,2975.175567,332.4198676,0.112013736,16058,1675.391971,74.16025113,0.496624077
12356607,44.617,1.713,0,16098,767.1548752,78.31540256,0.322439591,16015,530.4729114,215.9571677,0.639418953,16006,4482.020679,13.0376685,0.038141456
12356606,44.617,1.713,0,16006,3403.966795,16.91626635,0.204790639,16098,1201.97612,142.5660824,0.556719389,16017,2416.024692,245.5428252,0.238489972
12356605,44.617,1.713,0,16006,2355.765069,24.31037119,0.491221075,16016,3010.608605,214.5531875,0.358859611,16013,2621.348999,128.6913911,0.149919313
12356604,44.617,1.713,0,16006,1405.858766,42.4660365,0.755391794,16017,3922.701209,214.8319125,0.258769708,16011,4322.683029,133.4190317,-0.014161502
12356603,44.617,1.713,0,16053,3014.056487,3.454676664,0.187599878,16006,931.3600353,94.47922287,0.701715197,16015,4884.536999,184.6275307,0.110684925
12381112,44.617,1.713,0,16042,4792.683986,206.7838538,0.137603353,16019,2703.183015,332.3163129,0.578504478,2800,4444.126336,130.5918728,0.283892169
12381111,44.617,1.713,0,16045,4161.847264,164.9436489,0.266806624,16019,1809.913999,315.1861367,0.644350538,2320,5760.281608,55.37458105,0.088842838
12381110,44.617,1.713,0,1720,4462.227002,24.06841343,0.177334585,16045,5237.428111,168.3082224,0.154510728,16019,1307.064518,277.6574387,0.668154687
12381109,44.617,1.713,0,16019,1614.031444,234.571932,0.685814508,2320,4817.10427,77.36771817,0.200213031,16010,3998.089205,343.9828472,0.113972461
12381108,44.617,1.713,0,2320,4681.059553,90.68940859,0.09833323,16019,2442.506994,213.1309519,0.19155306,16008,813.0975187,330.8046077,0.71011371
12381107,44.617,1.713,0,1720,1911.588935,67.06548889,0.204157891,16008,577.3941391,226.1518323,0.726368109,16010,1985.179933,324.8559885,0.069474
12381106,44.617,1.713,0,2790,2731.209406,44.06660401,0.241689066,16008,1571.531133,196.114546,0.403528358,16010,1270.884569,293.8317143,0.354782576
12381105,44.617,1.713,0,16096,3558.283187,302.2633991,0.223269362,2790,2064.095322,65.6006676,0.459582236,16008,2658.969367,189.8744071,0.317148402
12381104,44.617,1.713,0,2790,1877.641062,97.87107343,0.409144271,16010,2087.059973,215.16856,0.37943747,5600,3531.113735,339.9971532,0.211418258
12356623,44.617,1.713,0,16047,3401.983948,21.97278299,0.204764245,16034,1998.187162,115.8862288,0.55096328,16031,4733.848295,260.4855222,0.244272476
12356622,44.617,1.713,0,16034,2662.162729,138.1217824,0.197402435,16036,1220.167306,254.6211697,0.619557939,16048,3493.571306,29.747962,0.183039626
12356621,44.617,1.713,0,16036,1867.475465,219.8663913,0.544880406,16039,3093.086518,344.5743242,0.31363868,16035,5698.107398,105.9996117,0.141480915
12356620,44.617,1.713,0,16048,1877.734745,64.32285258,0.505809119,16036,2819.60886,205.584591,0.319377745,16038,3422.332289,313.99375,0.174813136
12356619,44.617,1.713,0,16048,1697.756316,100.0461171,0.355277918,16036,3857.072585,198.7248409,0.077137247,16039,1151.998284,311.4181825,0.567584835
12356618,44.617,1.713,0,16030,3305.752659,2.703097161,0.150099841,16048,2168.62279,130.4142905,0.245925225,16039,950.3525382,248.5406996,0.603974934
12356617,44.617,1.713,0,16023,3450.503061,309.6400858,0.36256924,16043,2903.639026,54.96325794,0.297043126,16047,3687.522146,161.8378848,0.340387634
12356616,44.617,1.713,0,16039,2729.028099,199.8275412,0.384704219,16043,2421.827206,76.69858601,0.402856011,16021,4219.652411,325.1878847,0.212439769
12356615,44.617,1.713,0,16026,1539.699301,5.491957723,0.027951361,16030,97.98685964,106.1653199,0.957280902,16037,4935.015499,237.6387596,0.014767737
12356614,44.617,1.713,0,16026,441.4325673,16.68688334,0.817662371,16023,2943.64806,247.4666697,0.101976734,16043,2850.568035,125.6740746,0.080360895
12356613,44.617,1.713,0,16020,2800.169181,58.02786236,0.087043902,16026,695.0992004,171.2163774,0.35073177,16022,512.8063533,287.7970127,0.562224328
12356612,44.617,1.713,0,16020,2384.13115,81.00106045,0.15127918,16022,1080.403944,208.099825,0.526005971,16027,1447.870248,345.2463379,0.322714849
12356611,44.617,1.713,0,16022,2129.721368,194.3960703,0.122627851,16027,485.6765704,306.7128419,0.813382672,16019,4936.775421,76.24904101,0.063989478
12356610,44.617,1.713,0,16027,916.2837968,206.5781257,0.648448054,16105,1962.367527,334.4400954,0.264187825,16019,4775.079743,89.2358058,0.087364121
12356609,44.617,1.713,0,16027,1976.720312,192.5816127,0.325462709,16105,1090.183119,307.2923573,0.53860291,16011,4142.760054,51.5180498,0.13593438
12356608,44.617,1.713,0,16016,1852.107253,297.3139815,0.49129609,16027,3072.366426,188.4452535,0.250442414,16011,3541.017517,65.50582624,0.258261497
12332111,44.617,1.713,0,16014,373.1330488,105.4723248,0.905904427,16007,3418.181355,213.5158155,0.039733171,16055,5034.824279,316.4748864,0.054362402
12332110,44.617,1.713,0,16028,3469.513768,46.07869842,0.148212451,16014,1255.728052,164.3789207,0.690209777,16055,4315.967567,306.0647906,0.161577771
12332109,44.617,1.713,0,16014,2340.669894,172.2249609,0.471334021,16055,3790.775298,292.1786735,0.299760925,16017,4512.405885,60.61707255,0.228905054
12332108,44.617,1.713,0,16014,3441.640336,175.0800163,0.220867304,16055,3546.360328,275.1964249,0.41742996,16017,4063.347455,74.23211053,0.361702736
12332107,44.617,1.713,0,16062,5774.017301,14.22241201,0.120973191,16028,2603.606208,110.7568718,0.504011033,16055,3639.734988,257.4865994,0.375015776
12332106,44.617,1.713,0,16062,4699.69384,17.29404459,0.286937036,16028,3155.051833,130.1069794,0.376685241,16055,4047.590279,242.0289111,0.336377723
12332105,44.617,1.713,0,16055,4688.564015,230.0878912,0.346496789,16017,4443.331408,120.0534621,0.304527364,16059,4794.531109,5.254483823,0.348975847
12332104,44.617,1.713,0,16062,2641.137822,30.8436131,0.481189944,16028,4868.096,150.8651129,0.246869148,16057,4334.746312,274.3848484,0.271940908
12356627,44.617,1.713,0,16036,5334.435243,348.3885962,-0.21542215,16031,5865.715398,308.5636456,0.744043713,16035,7566.822661,47.74614212,0.471378437
12332103,44.617,1.713,0,16017,5849.739569,139.4503949,0.224485073,16057,4412.76335,259.8399896,0.246795005,16059,2585.272112,8.812545781,0.528719922
12356626,44.617,1.713,0,16034,3081.200498,37.11795156,1.018430553,16036,4258.48234,345.110682,-0.568704374,16031,5264.143447,298.9342615,0.550273822
12332102,44.617,1.713,0,16062,1311.958509,87.90471224,0.536240152,16057,4755.974332,246.6079488,0.174981449,16059,1492.6918,14.53237246,0.288778399
12356625,44.617,1.713,0,16034,2279.49712,53.77257561,0.843555701,16036,3205.800499,339.6508799,-0.224835213,16031,4845.600576,287.2516317,0.381279512
12332101,44.617,1.713,0,16059,486.7634854,46.49203432,0.694920193,16062,1670.48068,129.4687191,0.145787134,16060,2304.926378,281.6639679,0.159292673
12356624,44.617,1.713,0,16034,1833.690692,82.56149938,0.74610558,16031,4659.67224,274.0276163,0.284178797,16039,6356.70421,353.1241243,-0.030284377
12332100,44.617,1.713,0,16059,842.658674,156.832659,0.763917697,16060,2368.055217,254.2237241,0.194921613,16090,5738.76215,88.62921064,0.04116069
12332099,44.617,1.713,0,16059,1909.854907,170.6589467,0.565204774,16058,4502.98778,263.2068942,0.269835231,16090,5797.743756,99.65668477,0.164959995
12332124,44.617,1.713,0,16031,1449.489063,81.57928291,0.704366964,16033,2820.611294,276.195342,0.343549054,16046,3089.363003,8.017863048,-0.047916017
12332123,44.617,1.713,0,16046,1991.927512,11.86330785,0.314019422,16031,1673.48372,122.4332606,0.438931532,16033,2938.093578,254.0905168,0.247049046
12332122,44.617,1.713,0,16031,2442.175056,145.2786289,0.639121322,16032,5357.408584,305.209048,0.264737621,16038,5785.840727,39.23295733,0.096141057
12332121,44.617,1.713,0,16032,4823.431478,294.2241456,0.316737396,16031,3404.709145,156.2799677,0.458373905,16038,4960.242817,47.1744573,0.2248887
12332120,44.617,1.713,0,16037,3442.322748,35.78791993,0.228534475,16046,1422.500456,165.9547549,0.630762091,16032,4504.815023,281.126271,0.140703434
12332119,44.617,1.713,0,16018,5238.431705,328.9986284,0.333901664,16033,5998.375795,209.0348151,0.315193617,16039,5253.885842,82.92578873,0.350904719
12332118,44.617,1.713,0,16037,2051.728766,73.78909869,0.44903567,16046,3612.228989,175.1985813,0.291015449,16018,4338.513447,321.1829144,0.259948881
12332117,44.617,1.713,0,16023,4005.188078,58.60886984,0.297031794,16018,3559.274841,309.6375778,0.396265591,16046,4717.715617,176.5863806,0.306702615
12332116,44.617,1.713,0,16024,3454.137361,36.2626613,0.131237559,16037,2535.011646,130.5130372,0.467278773,16018,2996.396871,292.7921401,0.401483668
12332115,44.617,1.713,0,16037,3351.25631,145.341378,0.313779234,16018,2784.345785,271.0490342,0.418797978,16025,3721.313141,33.32905777,0.267422788
12332114,44.617,1.713,0,16007,1885.028204,284.7379987,0.529493994,16037,4301.134962,154.016877,0.192522606,16025,2844.509175,45.33811838,0.277983399
12332113,44.617,1.713,0,16014,2157.939848,10.75106949,0.366014371,16007,1949.175705,251.1348879,0.447228797,16023,4079.986101,125.2195494,0.186756832
12332112,44.617,1.713,0,16014,1079.745087,20.6670157,0.638450983,16007,2551.370752,226.9994167,0.241378107,16024,2562.56979,130.2012606,0.120170909
12297103,44.617,1.713,0,16075,2232.806162,27.54790847,0.540313621,16074,5308.600861,277.7967188,0.162953868,16066,3915.080253,160.0023426,0.296732512
12297102,44.617,1.713,0,16075,1332.868347,49.26209748,1.008101812,16061,3977.939626,109.1365062,-0.256662767,16066,4966.428971,164.6324555,0.248560955
12297101,44.617,1.713,0,16065,3897.667794,18.59886169,0.405879537,16074,5512.848914,254.2165791,0.311845987,16057,5321.794862,126.5697959,0.282274476
12297100,44.617,1.713,0,16065,2857.93936,25.27823833,0.578705018,16074,5932.407234,243.9060133,0.253988609,16057,6033.019104,135.196149,0.167306373
12297099,44.617,1.713,0,16065,1899.553232,39.08568157,0.738902561,16074,6516.131701,235.1964619,0.193094959,16061,5923.267092,141.4682124,0.06800248
12297098,44.617,1.713,0,16065,1230.155097,72.75921928,0.91286361,16074,7224.338409,228.0534774,0.141587767,16061,6814.280634,147.44187,-0.054451378
12297105,44.617,1.713,0,16066,2011.504139,136.5114453,0.593687253,16070,4358.60239,272.6772111,0.221646814,16075,4335.50082,14.3987217,0.184665933
12297104,44.617,1.713,0,16075,3264.777248,18.86031605,0.3865064,16066,2907.708398,152.0774726,0.405354026,16070,4469.409351,258.3012902,0.208139575
12370607,44.617,1.713,0,16010,2147.098102,42.75603506,0.275392149,16013,1523.000233,295.0416636,0.506766502,16019,3435.738568,158.7434682,0.217841349
12370606,44.617,1.713,0,16096,2987.904883,352.517127,0.213132556,16013,1475.241972,251.6209712,0.485378375,16008,2665.509727,125.7301957,0.30148907
12370605,44.617,1.713,0,16010,1556.380341,114.4056731,0.470097271,16096,1897.327876,347.5428274,0.360112454,16098,3405.689695,234.0270531,0.169790275
12370604,44.617,1.713,0,16096,858.0521292,329.9685055,0.72126544,16095,3601.655216,79.52652355,0.150845143,16098,4169.205307,221.7531428,0.127889417
12370603,44.617,1.713,0,16093,1998.884253,15.47030613,0.449311339,16010,3176.644734,154.3120751,0.286129013,16006,2536.70176,269.7966913,0.264559648
12370602,44.617,1.713,0,16053,3842.681392,300.7113879,0.247612385,16010,4197.815102,161.1423934,0.220680078,5600,1712.127022,52.10164893,0.531707537
12370621,44.617,1.713,0,16035,2506.892159,126.9496567,0.56222442,16036,4867.700892,253.6568961,0.246509624,16042,5696.977402,6.28285423,0.191265956
12370613,44.617,1.713,0,16019,3717.029121,21.56861318,0.312113023,16026,3421.180993,259.5034265,0.341750051,16044,3318.168998,140.8509571,0.346136926
12370612,44.617,1.713,0,16019,2705.699188,29.84020067,0.486707402,16044,4227.232303,150.6062088,0.233661988,16022,4076.661642,257.3990455,0.27963061
12370611,44.617,1.713,0,16019,1813.659204,46.98847403,0.704059753,16027,3874.647642,275.2425834,0.05223551,16026,4435.111766,230.1347706,0.243704737
12370610,44.617,1.713,0,16019,1312.239494,84.42909984,0.570393645,16020,2124.421944,212.9365553,0.307861947,16098,4432.051491,323.1910112,0.121744408
12370609,44.617,1.713,0,16019,1618.226993,127.3791231,0.552029718,16027,4322.064642,244.4287593,0.144099206,16011,2651.192364,355.1282075,0.303871076
12370608,44.617,1.713,0,16029,1026.685597,46.91087315,0.547941936,16019,2445.287349,148.8265236,0.242270513,16098,3005.488915,296.2411994,0.20978755
12346111,44.617,1.713,0,16105,3342.143092,32.09546519,0.268192969,16022,2958.634955,135.5379434,0.353079488,16014,3109.694043,269.3886434,0.378727543
12346110,44.617,1.713,0,16105,2458.257339,45.54805667,0.496312623,16014,3332.636446,249.942345,0.357812054,16022,3819.106572,147.5116692,0.145875323
12346109,44.617,1.713,0,16105,1838.56168,70.5654856,0.400271128,16025,3813.415114,204.0204743,0.199964199,16028,1685.142184,323.9973035,0.399764673
12346108,44.617,1.713,0,16028,1042.833666,284.0665526,0.503999321,16027,3762.3333,145.1572679,0.151312486,16017,1251.499587,20.71986752,0.344688193
12346107,44.617,1.713,0,16017,426.1300892,81.80386429,0.799127832,16028,1341.461025,230.3298191,0.236025387,16027,4706.458839,153.1115909,-0.035153219
12346106,44.617,1.713,0,16006,4814.774987,48.22096685,0.296851833,16028,2230.641876,208.1848569,0.684527639,16015,2768.573872,124.9999656,0.018620528
12346105,44.617,1.713,0,16006,4140.411817,59.55355409,0.125400984,16017,2192.010595,170.0233252,0.588144734,16062,4028.698066,328.7397374,0.286454282
12346104,44.617,1.713,0,16006,3683.497738,74.4370226,0.223611614,16017,3288.300877,173.7367302,0.361271795,16062,3147.452507,317.8637409,0.415116591
12346103,44.617,1.713,0,16053,4060.992244,43.21150117,0.259103061,16062,2459.015937,299.8569328,0.456199132,16017,4391.490026,175.589362,0.284697807
12346102,44.617,1.713,0,16006,3716.325665,109.3498673,0.307725792,16062,2156.693419,273.0399321,0.47685799,16064,2326.947171,352.3511118,0.215416218
12346101,44.617,1.713,0,16006,4198.675507,123.8897313,0.17929487,16062,2391.687855,245.4045479,0.213866802,16064,1241.30426,344.546608,0.606838328
12346100,44.617,1.713,0,16006,4889.879123,134.8893466,0.049452388,16064,362.2902698,283.8314685,0.91909575,16054,4553.128391,46.32008798,0.031451862
12346099,44.617,1.713,0,16064,1089.01294,200.0201113,0.884512731,16053,3075.628347,118.7530137,-0.133676909,16054,3852.903764,58.1230873,0.249164178
12321615,44.617,1.713,0,16032,5106.734063,202.1334624,0.207564454,16024,4901.972975,70.64554731,0.251404897,16067,2236.446067,308.7576978,0.541030649
12321614,44.617,1.713,0,16007,890.0404525,61.19917828,0.52604836,16018,1127.885937,190.3369531,0.285387967,16067,1789.503219,279.3352595,0.188563673
12321613,44.617,1.713,0,16014,3648.674649,55.44916982,0.141912845,16007,1019.076102,131.9331851,0.500614785,16067,1966.530404,245.3712618,0.357472369
12321612,44.617,1.713,0,16067,2645.082844,223.16367,0.504950517,16055,4784.615484,349.8441599,0.26767008,16024,4867.772054,110.5013827,0.227379403
12321611,44.617,1.713,0,16014,2965.278721,92.90560632,0.340996758,16067,3548.238734,211.0719662,0.351159551,16055,3702.423469,346.4812973,0.307843691
12321610,44.617,1.713,0,16014,3198.328063,113.2032059,0.303718031,16067,4543.991471,204.0680593,0.20010694,16055,2643.412046,340.3863623,0.49617503
12321609,44.617,1.713,0,16028,5229.351707,76.21424474,0.154744613,16067,5583.014995,199.6234433,0.176690024,16055,1652.761478,326.6265075,0.668565363
12321608,44.617,1.713,0,16028,5058.699013,88.45603913,0.325746471,16067,6645.043569,196.5857989,0.312353112,16061,5892.455721,338.3490038,0.361900417
12321607,44.617,1.713,0,16062,6849.32398,35.9282858,0.221791694,16066,4720.997176,280.7689192,0.423449276,16014,5415.193115,147.9443386,0.354759029
12321606,44.617,1.713,0,16028,5428.802838,112.5664313,0.387332939,16066,4665.274507,267.2023809,0.437754058,16060,5981.252081,4.317027686,0.174913003
12321605,44.617,1.713,0,16060,4873.329483,5.042913822,0.324349253,16028,5925.290924,122.6088354,0.308097572,16066,4868.895265,254.0554343,0.367553175
12321604,44.617,1.713,0,16055,4291.455784,193.7287668,0.245593462,16062,4532.503481,60.71917968,0.288022893,16061,2488.100648,294.6436316,0.466383645
12321603,44.617,1.713,0,16059,3903.81905,50.10289814,0.473534192,16055,5380.211234,191.1492609,0.30297579,16075,5452.796366,292.6688096,0.223490018
12321602,44.617,1.713,0,16062,3909.647564,90.04158226,0.300861624,16058,3287.918122,326.6353011,0.284713853,16057,2623.049281,222.3345407,0.414424523
12321601,44.617,1.713,0,16058,2454.898314,311.7979059,0.396201945,16059,2964.900978,84.49741049,0.372337426,16057,3534.66249,210.3950987,0.231460629
12321600,44.617,1.713,0,16059,3043.447513,105.7383404,0.457410248,16063,2869.232935,293.9002156,0.481596366,16057,4535.603152,203.5236743,0.060993385
12321624,44.617,1.713,0,16031,4043.689094,87.71043388,0.603391421,16088,6652.366669,274.9108995,0.337700032,16032,5534.358322,341.8077798,0.058908547
12321623,44.617,1.713,0,16033,883.7552106,194.3690665,0.820753153,16032,4501.843688,337.1295208,0.134903935,16036,7557.014817,85.29068156,0.044342912
12321622,44.617,1.713,0,16046,3096.131231,75.23871449,0.212879381,16033,1980.625846,186.9919797,0.519712281,16032,3516.855793,329.7552538,0.267408339
12321621,44.617,1.713,0,16088,7239.968251,247.5919608,0.250295868,16031,5082.968493,128.5518006,0.442205331,16018,6659.177718,359.5720969,0.307498801
12321620,44.617,1.713,0,16037,5370.660781,59.30397173,0.200199316,16033,4195.146755,183.891098,0.225701571,16032,1991.052388,294.2753994,0.574099114
12321619,44.617,1.713,0,16037,4877.447334,70.45370009,0.331444573,16033,5304.130703,183.3124927,0.387250896,16086,6844.066577,322.5916062,0.281304531
12321618,44.617,1.713,0,16037,4604.255817,83.48961252,0.385288695,16033,6413.470442,182.9340637,0.262223375,16086,6015.650797,315.9907624,0.35248793
12321617,44.617,1.713,0,16037,4590.538824,97.3560625,0.2728835,16032,3136.89973,216.8304407,0.411669149,16067,3999.156051,334.8380812,0.315447351
12321616,44.617,1.713,0,16037,4838.50491,110.5387864,0.089118312,16032,4089.901268,207.7168568,0.164450076,16018,1121.314494,351.8612389,0.746431611
12321599,44.617,1.713,0,16065,5118.458123,288.1725683,0.410344768,16059,3492.687923,123.6496777,0.615532409,16061,5096.677015,207.7222138,-0.025877177
12321598,44.617,1.713,0,16060,2927.262832,174.6056948,0.019035703,16064,6096.517036,111.6606092,0.282722804,16063,2868.889847,248.3765565,0.698241493
12346125,44.617,1.713,0,16031,2451.642547,304.4917383,0.762708705,16034,4631.494743,73.71883898,0.411733789,16039,7604.64968,14.20782899,-0.174442493
12346124,44.617,1.713,0,16034,4428.856621,87.55845406,0.580229649,16038,6771.260342,1.91930912,0.020558096,16033,6290.519878,273.3783163,0.399212255
12346123,44.617,1.713,0,16034,4499.204079,101.8134951,0.264658493,16031,2223.711867,248.0500108,0.610483017,16038,5661.428731,2.083781408,0.12485849
12346122,44.617,1.713,0,16031,2847.494522,227.0272618,0.496380479,16038,4551.664605,2.328401338,0.292748099,16034,4830.626749,114.8610151,0.210871422
12346121,44.617,1.713,0,16039,3432.243552,31.29303735,0.226896775,16036,2044.578641,136.4598826,0.454227321,16046,3114.021272,266.2461334,0.318875904
12346120,44.617,1.713,0,16037,3210.152662,332.9378184,0.424221354,16047,3822.827334,93.34714569,0.314144316,16031,4671.965823,207.0592257,0.26163433
12346119,44.617,1.713,0,16038,1224.662563,5.721631787,0.669847468,16046,3973.753679,232.4204679,0.1949207,16047,4022.63446,109.3519619,0.135231831
12346118,44.617,1.713,0,16038,148.5322935,42.91712919,0.928796853,16037,1632.671516,293.044966,0.051030346,16036,4996.06501,164.375579,0.020172801
12346117,44.617,1.713,0,16037,1594.392833,252.8301924,0.488346769,16039,2270.493555,131.5585021,0.359721794,16021,4530.626713,2.728540652,0.151931437
12346116,44.617,1.713,0,16030,2908.298756,69.1790149,0.182828488,16038,2111.630348,178.392827,0.508578372,16024,3189.256117,333.390703,0.30859314
12346115,44.617,1.713,0,16030,2698.479993,91.61469092,0.351571507,16024,2265.897411,320.2321274,0.405392237,16037,3112.475189,210.1920424,0.243036255
12346114,44.617,1.713,0,16023,1182.530255,185.6289622,0.453905986,16024,1600.433575,293.2543315,0.315780095,16022,2458.119345,60.30349211,0.230313919
12346113,44.617,1.713,0,16021,157.5582996,56.77745054,0.903064369,16025,1752.154025,303.0673995,0.050430583,16023,2290.720218,183.4278098,0.046505047
12346112,44.617,1.713,0,16028,4783.460657,348.818454,0.199941054,16024,2192.740144,223.607715,0.411935215,16022,2320.69819,115.5748862,0.388123732
12314607,44.617,1.713,0,16057,3576.551252,1.224541132,0.521820929,16071,6287.092372,247.9968609,0.216721592,16014,6527.71127,135.1006131,0.261457479
12314606,44.617,1.713,0,16055,2123.669157,159.0704229,0.536997168,16066,2938.065554,264.8831184,0.291042932,16060,6319.205683,20.21532601,0.1719599
12314605,44.617,1.713,0,16055,3179.839304,166.6076292,0.573210235,16075,5382.376142,322.7930448,0.313805896,16062,6589.746925,60.02598823,0.112983869
12314604,44.617,1.713,0,16066,3870.796979,230.1239538,0.549988553,16060,4282.907908,29.96789317,0.496948385,16075,4564.086298,314.1140145,-0.046936939
12314603,44.617,1.713,0,16060,3353.400412,39.15172902,0.15196942,16057,863.6292487,180.7967872,0.756210521,16075,3893.096713,302.0721892,0.09182006
12314602,44.617,1.713,0,16060,2571.313701,54.56866906,0.36204861,16075,3456.289895,286.0806915,0.216099819,16057,1973.665242,180.99092,0.42185157
12314601,44.617,1.713,0,16060,2107.698199,79.5902274,0.430540828,16061,2401.223015,194.3463079,0.387406129,16065,4881.793288,320.7727095,0.182053043
12314600,44.617,1.713,0,16060,2176.584258,109.5680283,0.165838981,16058,506.4773269,346.280314,0.760753563,16075,3594.262422,249.4394716,0.073407456
12314599,44.617,1.713,0,16058,633.9703747,192.967267,0.846612786,16065,3499.450926,296.5099555,0.104793437,16059,5039.942851,113.0053918,0.048593777
12314598,44.617,1.713,0,16065,3185.899251,278.159281,0.687637816,16059,5549.762941,123.7034162,0.401561824,16061,5694.3714,186.6698622,-0.089199641
12314597,44.617,1.713,0,16063,2400.702263,203.5119112,0.366740683,16065,3243.179796,258.3000547,0.440758567,16059,6217.9671,132.3572543,0.192500751
12314623,44.617,1.713,0,16033,1760.019671,120.3913406,0.650469333,16088,4945.721643,263.3283428,0.183941729,16032,4113.661664,359.8308582,0.165588938
12314622,44.617,1.713,0,16088,5213.830758,251.1519066,0.291026799,16032,3004.04805,359.3482596,0.458988771,16031,6103.956774,110.0464142,0.24998443
12314621,44.617,1.713,0,16088,5689.656871,240.5872964,0.370622521,16046,4722.543977,94.31367889,0.474908071,16086,7983.800406,342.6779299,0.154469408
12314620,44.617,1.713,0,16088,6326.505117,231.8967116,0.079016808,16046,4910.746863,107.3571429,0.090632457,16032,788.1612922,354.30308,0.830350736
12314619,44.617,1.713,0,16032,340.6221634,197.1214951,0.938061181,16086,5919.885186,335.858374,0.037490768,16037,6531.279989,75.84191688,0.024448051
12314615,44.617,1.713,0,16007,2949.715097,59.33784658,0.514718769,16032,4768.451396,182.2654191,0.290050683,16068,6466.960708,300.6617573,0.195230549
12314614,44.617,1.713,0,16032,5878.300467,182.0527261,0.318568424,16014,5706.913871,56.56101737,0.371840885,16068,5998.255453,291.3950842,0.30959069
12314613,44.617,1.713,0,16018,2713.270684,146.1625972,0.424701157,16086,2846.023126,243.796516,0.355189111,16055,5856.774934,8.970680505,0.220109733
12314612,44.617,1.713,0,16055,4759.50429,10.79171998,0.217602872,16007,3072.047453,126.4492541,0.531316307,16068,5629.130848,269.6797068,0.251080821
12314611,44.617,1.713,0,16066,5990.151515,331.9601103,0.251265324,16014,4699.670573,92.2515411,0.363437173,16086,4339.669954,216.7691907,0.385297502
12314610,44.617,1.713,0,16066,5050.074322,325.8081096,0.376427407,16014,4849.89402,105.4799848,0.367494832,16086,5281.640312,209.7367936,0.256077761
12314609,44.617,1.713,0,16055,1578.582388,31.50453982,0.707111161,16071,5786.564363,268.6544992,0.144426451,16007,5687.958969,154.9887105,0.148462388
12314608,44.617,1.713,0,16055,836.8123632,73.61309462,0.777026657,16066,3484.105121,304.1848137,0.159739838,16067,6404.970096,181.4581723,0.063233505
12311112,44.617,1.713,0,16055,4978.936284,20.68338099,0.30387111,16086,2932.656163,215.62496,0.533316461,16007,3813.169669,118.8931506,0.16281243
12311111,44.617,1.713,0,16055,3950.296467,26.075555,0.368730098,16007,4440.01246,131.6761151,0.302538187,16068,4922.130291,256.3858623,0.328731715
12311110,44.617,1.713,0,16055,2980.636858,35.10678,0.479284748,16067,4266.717236,169.8983346,0.313913411,16071,4988.300372,281.0563876,0.206801842
12311109,44.617,1.713,0,16055,2151.250868,51.85965326,0.647110197,16067,5359.806216,172.2135705,0.148635984,16069,5483.933526,268.3935259,0.204253819
12311108,44.617,1.713,0,16071,5099.032738,255.6589262,0.378862599,16057,4767.031653,11.68481058,0.345644216,16014,6533.325416,122.7189027,0.275493185
12311107,44.617,1.713,0,16055,1873.042409,118.4061678,0.607479954,16071,5500.478261,244.4446152,0.18451987,16061,4334.196764,5.355270742,0.208000176
12311106,44.617,1.713,0,16057,2616.091091,20.61310579,0.297016196,16055,2577.796604,140.9130647,0.310539658,16066,2078.534176,262.2762108,0.392444146
12311105,44.617,1.713,0,16057,1612.498873,33.8750162,0.575850365,16055,3499.451577,152.736004,0.101291121,16066,2502.824632,236.2864537,0.322858514
12311104,44.617,1.713,0,16057,905.9551808,75.36077317,0.740928033,16066,3266.860614,220.0972453,0.17437814,16075,3974.114584,322.6617539,0.084693826
12311121,44.617,1.713,0,16088,4961.279387,235.4808828,0.446774645,16046,5590.096858,93.8208308,0.375435071,16086,7752.613674,348.7789947,0.177790284
12311120,44.617,1.713,0,16088,5680.481981,226.3458356,0.36075214,16086,6672.580546,346.7375484,0.289603308,16046,5749.865311,104.9394063,0.349644552
12311103,44.617,1.713,0,16061,339.0742185,111.4520107,0.900070176,16066,4188.682106,210.5073828,0.015860199,16075,3181.131026,310.1195206,0.084069625
12311102,44.617,1.713,0,16061,1268.22349,166.6263917,0.544011671,16075,2628.69368,290.9534387,0.278454932,16060,3307.597086,63.54835763,0.177533397
12311101,44.617,1.713,0,16058,1760.881999,25.86109036,0.512769196,16075,2482.922951,266.0790517,0.251323451,16057,3204.524117,165.3621573,0.235907353
12311100,44.617,1.713,0,16060,3010.786961,104.352073,0.198545807,16075,2807.887889,242.8887117,0.23452351,16063,1111.075603,358.6920623,0.566930683
12311099,44.617,1.713,0,16058,962.7720097,131.2755776,0.758142586,16075,3473.906531,226.5417591,-0.014484886,16065,2742.13836,304.2849636,0.2563423
12311098,44.617,1.713,0,16075,4326.233349,216.0162549,-0.161252562,16065,2328.900855,280.7611031,0.76544028,16060,4128.815545,135.9192443,0.395812282
12363626,44.617,1.713,0,16031,6849.27028,292.1177284,0.593940646,16035,5553.688805,43.7722658,0.859130209,16047,6528.67266,356.4556368,-0.453070855
12363625,44.617,1.713,0,16035,4797.748696,52.80284194,0.750209096,16031,6532.877519,282.9953249,0.497262999,16047,5423.012722,355.5165374,-0.247472095
12363624,44.617,1.713,0,16035,4202.056143,64.77576629,0.629129919,16031,6395.976836,273.220247,0.393121217,16047,4319.553957,354.0970187,-0.022251136
12363623,44.617,1.713,0,16034,842.5254189,175.9009663,0.750826867,16036,3006.839535,285.789955,0.14764193,16040,5276.984883,48.10783859,0.101531203
12363622,44.617,1.713,0,16036,2928.257512,264.2853994,0.468339492,16035,3785.094601,96.50458666,0.357205524,16048,3065.190361,359.9295753,0.174454984
12363621,44.617,1.713,0,16036,3251.51434,244.469987,0.29621265,16035,4044.471222,112.3591188,0.229698071,16048,1955.562717,359.2939335,0.474089279
12363620,44.617,1.713,0,16035,4566.459508,125.4472894,0.099993387,16048,846.80522,356.9922198,0.781794241,16036,3877.377525,229.6364671,0.118212372
12363619,44.617,1.713,0,16043,3977.496791,9.874938158,0.225479555,16040,3954.307791,103.386465,0.062413832,16047,1366.036196,203.5543821,0.712106613
12388109,44.617,1.713,0,16019,3180.676377,253.4708794,0.49252305,2320,3158.363086,69.92362702,0.499475187,16010,4801.516306,323.7789615,0.008001763
12388108,44.617,1.713,0,1720,1885.984023,1.411424455,0.421421528,2320,2947.023531,90.4979001,0.286453046,16019,3671.017609,236.7144416,0.292125426
12388107,44.617,1.713,0,1720,776.0886808,1.987411331,0.771510524,2320,3139.847153,111.1990878,0.112835149,16019,4393.187755,224.6663664,0.115654327
12388106,44.617,1.713,0,2790,2000.098222,4.767087152,0.512997501,2320,3673.737462,127.672433,0.259742414,16029,3899.721287,248.3188357,0.227260085
12363614,44.617,1.713,0,16020,2706.421922,14.13059528,0.320389686,16030,1995.645954,236.3771179,0.520419535,16044,4130.395286,111.2219371,0.159190779
12363613,44.617,1.713,0,16020,1644.538497,22.91630581,0.494270791,16043,2796.771257,168.4494711,0.274971696,16022,2231.304673,274.8530936,0.230757512
12363612,44.617,1.713,0,16020,740.5231094,56.84899635,0.709997432,16043,3887.557381,172.0209961,0.115450591,16027,2544.776819,304.2488297,0.174551977
12363611,44.617,1.713,0,16020,925.3834846,139.6117596,0.662949641,16027,2148.217825,278.6308666,0.264556656,16029,4740.086591,32.46994957,0.072493703
12363610,44.617,1.713,0,16019,3041.853075,88.19658606,0.366933524,16098,3635.443168,345.3222765,0.296727145,16022,3883.555934,216.0316169,0.336339332
12363609,44.617,1.713,0,16020,2977.344618,169.1813357,0.294759361,16105,2691.97839,284.9081602,0.380345768,16029,3071.897275,54.59991456,0.324894872
12363608,44.617,1.713,0,16013,1762.937348,12.25240277,0.446313048,16019,3675.355715,125.3005884,0.230345603,16105,2654.745012,260.9576837,0.323341349
12363607,44.617,1.713,0,16029,2502.212229,100.1300963,0.442615243,16006,4457.470743,350.6722916,0.287234647,16027,4670.333723,208.1786409,0.27015011
12363606,44.617,1.713,0,16006,3371.588624,347.2714682,0.218966191,16011,1616.6359,116.4249463,0.516514415,16015,2556.874326,233.8821134,0.264519394
12363605,44.617,1.713,0,16098,2275.203696,206.7233148,0.376952573,16006,2308.748024,340.694847,0.409641905,16010,3221.843818,102.0891312,0.213405522
12363604,44.617,1.713,0,16096,1484.808191,61.38161308,0.279948583,16013,2732.12764,173.853527,0.239638283,16006,1325.586797,323.7583468,0.480413134
12363603,44.617,1.713,0,16093,2953.635733,50.09554197,0.194835267,16006,805.1153671,267.1038804,0.7306362,16013,3835.891322,175.9319944,0.074528534
12363602,44.617,1.713,0,16093,2378.623524,70.73040408,0.349051028,16053,2489.454657,320.8598115,0.444405585,16013,4942.447403,177.0808249,0.206543388
12286604,44.617,1.713,0,16075,4751.124067,50.28477734,0.270248812,16074,3179.876588,303.9602354,0.466719801,16069,5845.7926,175.3670405,0.263031387
12286603,44.617,1.713,0,16075,4110.72954,62.06103564,0.342725528,16074,2742.77718,284.0638069,0.526976676,16069,6951.047246,176.2957272,0.130297796
12286602,44.617,1.713,0,16066,6226.977559,141.0475223,0.168354777,16074,2720.035435,260.6196142,0.609191075,16065,6123.660066,39.1291004,0.222454148
12286601,44.617,1.713,0,16065,5292.33806,46.53818784,0.304283746,16074,3120.725148,240.1523591,0.616779333,16061,6797.309546,111.2856591,0.078936921
12339119,44.617,1.713,0,16037,1734.785477,8.455299091,0.589050659,16046,2833.67995,209.9038927,0.355039406,16047,5698.015176,103.8702553,0.055909935
12339118,44.617,1.713,0,16046,3843.682731,201.9043334,0.194267585,16018,5613.165738,307.4566767,0.174944062,16038,1838.969638,87.63756876,0.630788353
12339117,44.617,1.713,0,16046,4897.166299,197.2855609,0.332109725,16024,3941.9801,4.780240213,0.462147303,16039,3764.067852,114.1367209,0.205742972
12339116,44.617,1.713,0,16023,1944.473578,58.71428945,0.338766774,16037,1624.761261,173.2318741,0.500044654,16007,4452.864026,307.8539095,0.161188572
12339115,44.617,1.713,0,16007,3891.555209,294.6441885,0.305485107,16037,2728.549629,176.4221994,0.439436591,16022,4517.857631,59.47656243,0.255078303
12339114,44.617,1.713,0,16023,2021.331962,126.76409,0.447718461,16018,4654.986702,257.2737967,0.166913244,16025,2053.117653,8.061199519,0.385368295
12339113,44.617,1.713,0,16025,960.789594,16.1155958,0.676998835,16007,3628.947077,260.5330709,0.125630241,16023,2816.81598,145.4352507,0.197370924
12339112,44.617,1.713,0,16025,308.441581,127.2654673,0.912036397,16007,3984.737396,244.6399886,0.04772036,16028,4729.07151,9.82792797,0.040243243
12339111,44.617,1.713,0,16028,3635.842196,12.484453,0.416835636,16022,4369.420131,119.3946751,0.250386878,16007,4588.1647,232.1310208,0.332777487
12339110,44.617,1.713,0,16028,2557.103219,17.40157457,0.323111876,16014,1825.444993,229.8934283,0.551411753,16027,4027.942506,102.9289767,0.125476371
12339109,44.617,1.713,0,16028,1523.947062,29.20157096,0.636631977,16014,2689.583659,211.8033046,0.35125227,16027,4392.044764,117.2503641,0.012115753
12339108,44.617,1.713,0,16027,4981.967222,128.7869114,-0.174270389,16017,2455.945474,62.40719549,0.720128524,16014,3687.780508,202.9617586,0.454141864
12339107,44.617,1.713,0,16014,4736.01689,197.9542202,0.321331152,16062,5639.225067,356.797938,0.266293715,16016,2689.514399,97.29948272,0.412375133
12339106,44.617,1.713,0,16055,5626.23089,250.6407402,0.199563335,16062,4533.099936,355.7461749,0.220333927,16017,2392.75911,116.8863504,0.580102738
12339105,44.617,1.713,0,16006,5690.492614,68.72162739,0.049433272,16028,3177.939854,168.0408084,0.590796636,16059,4978.869562,344.9356992,0.359770092
12339104,44.617,1.713,0,16059,3924.902157,340.4206448,0.475698741,16006,5366.999704,79.74737374,0.096440462,16028,4266.634275,171.4102609,0.427860797
12339124,44.617,1.713,0,16038,7015.185619,16.26236627,0.02095931,16033,4554.404889,274.2526981,0.571235662,16034,6164.526032,88.552588,0.407805028
12339123,44.617,1.713,0,16036,3264.703656,77.53796313,0.13903039,16031,923.2825092,200.6123758,0.657182622,16046,2386.365453,326.1865915,0.203786988
12339122,44.617,1.713,0,16031,2004.089169,189.9479166,0.439643302,16046,1606.944969,302.9038042,0.420782833,16039,5349.418156,41.44715451,0.139573865
12339121,44.617,1.713,0,16036,3491.293961,115.7188142,0.239096951,16046,1390.662344,260.1942456,0.639455533,16037,3946.725441,4.322336339,0.121447517
12339120,44.617,1.713,0,16037,2839.189187,5.584038767,0.361337248,16036,4080.529084,130.0354785,0.153108143,16046,1936.42997,225.9395612,0.485554609
12339103,44.617,1.713,0,16017,4873.148616,154.8591089,0.377840456,16060,4792.828753,304.5628476,0.412076376,16053,5379.076212,57.03666318,0.210083168
12339102,44.617,1.713,0,16064,2681.696746,32.03940319,0.092727138,16062,429.0749489,280.9305612,0.85940609,16017,5889.273594,159.6391188,0.047866772
12339101,44.617,1.713,0,16064,1821.366408,50.30071379,0.328251222,16062,1119.636258,203.2831132,0.4576267,16059,1427.475411,284.9606637,0.214122079
12339100,44.617,1.713,0,16064,1381.135163,87.77612408,0.703705434,16062,2188.006079,192.2391748,0.086192647,16060,4056.923752,261.3460185,0.210101919
12339099,44.617,1.713,0,16064,1721.042067,127.8585021,0.974360065,16062,3284.124418,188.4947121,-0.322313375,16060,4383.656551,246.8945722,0.34795331
12384611,44.617,1.713,0,16045,4009.280585,176.9424846,0.517243495,16020,4644.385709,262.4403854,-0.006017718,16008,4229.718238,343.4539304,0.488774224
12384610,44.617,1.713,0,16045,5117.045629,177.8250162,0.329937004,2320,4426.41363,60.51505051,0.274219456,16029,4009.190987,318.0795483,0.39584354
12384609,44.617,1.713,0,16019,2368.299888,247.1352708,0.589918895,2320,3979.698953,74.42016721,0.347899842,16010,4332.209256,332.9492558,0.062181262
12384608,44.617,1.713,0,2320,3814.035527,90.61470685,0.34480256,16019,2994.854824,227.3255415,0.373431935,16010,3393.191812,324.0961782,0.281765504
12384607,44.617,1.713,0,1720,1173.357111,49.61056692,0.702127797,16010,2592.97387,309.1962176,0.102357125,16019,3846.236374,215.2808818,0.195515078
12384606,44.617,1.713,0,1720,941.3112248,111.794027,0.666431844,16095,2938.772514,2.24890144,0.151524161,16029,3118.01525,242.1619965,0.182043995
12384605,44.617,1.713,0,1720,1690.981532,149.6523721,0.412735342,16010,2129.609222,254.1710813,0.200433541,16095,1829.216836,2.997340711,0.386831117
12360111,44.617,1.713,0,16019,4104.171387,73.15167913,0.262591067,16022,2477.96201,214.3106112,0.491119909,16105,3354.880672,329.6862326,0.246289024
12360110,44.617,1.713,0,16019,3908.314082,88.83071312,0.280284243,16105,2475.55768,316.1875946,0.458653558,16022,3460.150715,204.1796869,0.2610622
12360109,44.617,1.713,0,16027,2311.729512,214.1471951,0.329064199,16015,2134.469448,327.8050865,0.452165573,16019,4021.157911,104.8420537,0.218770228
12360108,44.617,1.713,0,16015,1351.104481,301.0300099,0.597263801,16027,3297.860905,203.5589936,0.160554647,16029,3413.687077,78.95961462,0.242181552
12360107,44.617,1.713,0,16029,3361.080358,97.79870063,0.036897174,16098,206.7342323,326.0241762,0.936816478,16027,4344.174172,197.9476318,0.026286349
12360106,44.617,1.713,0,16006,3275.094317,2.166282561,0.175579681,16013,1304.978755,113.1383337,0.578417993,16016,2890.159772,242.0715479,0.246002325
12360105,44.617,1.713,0,16006,2165.414919,2.733620082,0.511844099,16010,4075.893624,99.75697816,0.105948487,16015,2901.556973,204.8489773,0.382207414
12360104,44.617,1.713,0,16006,1056.391864,4.492526748,0.773332338,16015,3942.74645,198.3283278,0.182040358,16010,4383.292086,114.2534946,0.044627303
12360103,44.617,1.713,0,16098,4272.349563,182.6513987,0.24737304,16053,3101.18166,347.2451702,0.414041828,16096,2188.921883,100.9183312,0.338585132
12360102,44.617,1.713,0,16006,1167.212661,177.9537491,0.68161589,16064,4457.429876,302.137242,0.170735229,5600,4075.197265,75.73680482,0.147648881
12360127,44.617,1.713,0,16031,6576.711804,303.9473419,0.753283882,16035,6959.835808,42.83070129,0.860246495,16047,7625.495408,3.65351672,-0.613530377
12360126,44.617,1.713,0,16031,6046.198313,295.079887,0.665630357,16035,6176.508573,49.70686192,0.756816919,16047,6516.877012,4.096010169,-0.422447276
12360125,44.617,1.713,0,16031,5685.413926,284.8082211,0.569727321,16047,5408.804531,4.719810895,-0.212389034,16035,5506.645734,58.41019275,0.642661712
12360124,44.617,1.713,0,16034,982.6485277,75.05335593,0.883490072,16031,5527.694157,273.5610227,0.151257654,16039,6533.596577,345.5544106,-0.034747726
12360123,44.617,1.713,0,16034,1263.432347,132.6702988,0.72384545,16031,5590.253993,262.1197848,0.125172573,16048,4252.18173,12.01673715,0.150981976
12335599,44.617,1.713,0,16052,5302.893026,82.69672332,0.362370078,16062,3286.869879,173.3489123,0.278868339,16058,5362.070377,264.4790265,0.358761583
12360122,44.617,1.713,0,16047,2096.563231,10.54601862,0.379625035,16034,2165.858924,155.1989137,0.360620267,16036,2068.085332,261.4481101,0.259754698
12360121,44.617,1.713,0,16036,2505.042379,235.543335,0.423228864,16039,3441.877575,330.5696837,0.307325823,16035,4863.990178,108.6385889,0.269445313
12360120,44.617,1.713,0,16048,1169.289318,44.80109162,0.671457408,16034,4274.625343,168.2895558,0.181788904,16038,4101.099213,305.699635,0.146753689
12360119,44.617,1.713,0,16048,850.899638,109.2191265,0.756723954,16036,4202.852154,210.0792913,0.113731549,16030,4481.623519,351.1205981,0.129544497
12360118,44.617,1.713,0,16043,3184.418269,28.71403676,0.232959181,16048,1595.266366,150.6046037,0.547907288,16038,3375.842416,272.9473566,0.219133531
12360115,44.617,1.713,0,16020,4028.03436,22.61380397,0.131527177,16030,773.7319713,269.1692374,0.775934625,16048,4774.080156,171.3066044,0.092538197
12360114,44.617,1.713,0,16020,3023.326529,30.36621244,0.329369922,16043,2192.505313,138.6668437,0.399004415,16023,3754.994042,252.7740924,0.271625664
12360113,44.617,1.713,0,16020,2126.034252,45.17353094,0.288363483,16043,3103.855276,152.6181138,0.178022135,16022,1366.754012,277.2634672,0.533614382
12360112,44.617,1.713,0,16020,1537.409497,75.34420216,0.445045379,16027,1879.789624,318.8841753,0.364977786,16030,3443.388686,194.0357238,0.189976835
12335615,44.617,1.713,0,16007,3115.246755,301.0344347,0.376941363,16037,2929.912426,159.2500121,0.400060891,16021,3578.115619,50.90687156,0.222997745
12335614,44.617,1.713,0,16025,2323.867799,29.81864007,0.443381399,16037,3981.655066,165.2058158,0.253890142,16007,2736.0433,280.4504863,0.30272846
12335613,44.617,1.713,0,16024,1230.0526,115.3963609,0.596473389,16014,2186.798018,347.7234584,0.279371127,16018,4275.354794,239.7798257,0.124155483
12335612,44.617,1.713,0,16025,1131.308983,100.3576684,0.487379799,16007,3231.250847,237.7693812,0.124819258,16014,1136.320571,334.6604861,0.387800943
12335611,44.617,1.713,0,16028,3900.898244,25.07568376,0.074750065,16025,1707.608216,140.2668622,0.171991501,16014,514.3821737,260.7358258,0.753258433
12335610,44.617,1.713,0,16028,2921.666224,33.95579622,0.317273896,16014,1304.680578,203.9214306,0.709615016,16027,4880.08207,100.840966,-0.026888911
12335609,44.617,1.713,0,16028,2078.335212,50.79795631,0.516203808,16025,3685.20706,163.4650101,0.260314132,16055,4610.537143,288.3008476,0.22348206
12335608,44.617,1.713,0,16025,4754.948447,167.5210936,0.157536417,16055,4411.664726,274.3931442,0.35843017,16017,3243.379352,69.78152005,0.484033413
12335607,44.617,1.713,0,16017,3022.180361,89.78943424,0.600762882,16055,4486.960588,260.0943396,0.393751412,16014,4560.761609,187.4723317,0.005485706
12335606,44.617,1.713,0,16062,4535.0948,6.716758474,0.273715971,16055,4823.603821,247.0393076,0.33078833,16016,3807.582001,112.6804583,0.395495699
12335605,44.617,1.713,0,16062,3432.118031,8.529608252,0.477480768,16055,5372.691437,236.1654407,0.295696937,16015,5571.108746,119.548468,0.226822296
12335604,44.617,1.713,0,16057,5200.156741,273.8388903,0.271639338,16028,4494.427572,160.4537991,0.387882918,16064,5047.06626,27.51450165,0.340477744
12335603,44.617,1.713,0,16062,1263.700591,21.65299183,0.736913564,16017,5313.409695,146.4485713,0.135081074,16057,5265.256105,261.6825572,0.128005362
12335602,44.617,1.713,0,16062,449.5765505,81.72415235,0.863569897,16057,5555.948343,250.3154292,0.059958417,16059,1542.14318,341.4098442,0.076471687
12335601,44.617,1.713,0,16064,2540.931297,63.17186715,0.073111406,16062,1127.652444,157.9411644,0.300765426,16059,622.0938955,304.4444508,0.626123169
12335600,44.617,1.713,0,16062,2192.12093,169.4304251,0.276370336,16060,3206.70657,258.7229134,0.448485722,16090,4873.612168,88.1888419,0.275143942
12335624,44.617,1.713,0,16046,3106.901962,351.8965036,0.226806915,16033,3687.012146,274.9963863,0.505651964,16034,7032.797694,88.86675999,0.267541121
12335623,44.617,1.713,0,16031,1035.096222,148.3135346,0.767371252,16033,3777.540818,257.9492443,0.126388523,16037,6256.281729,11.13809689,0.106240225
12335622,44.617,1.713,0,16033,4172.498518,242.935634,0.113737278,16046,981.9380662,330.6998944,0.710668442,16036,4057.224808,95.96890518,0.17559428
12335621,44.617,1.713,0,16031,3140.601105,170.8188043,0.475395741,16032,5632.655638,290.7522887,0.259038759,16039,5250.751796,56.69275907,0.265565499
12335620,44.617,1.713,0,16031,4237.402755,173.4984913,0.287148721,16032,5362.229322,279.5108456,0.331693116,16039,4713.353249,67.89640922,0.381158163
12335619,44.617,1.713,0,16018,5747.240818,321.6448908,0.163931364,16038,2966.85434,66.79590154,0.349623212,16046,2532.265516,192.4161974,0.486445424
12335618,44.617,1.713,0,16037,1249.787885,61.85591356,0.667409428,16046,3627.226453,188.973759,0.210966722,16018,4940.805121,313.4369767,0.121623849
12335617,44.617,1.713,0,16023,3306.001696,50.49860631,0.436718673,16046,4729.203827,187.1313394,0.305332818,16018,4272.766259,302.3655129,0.257948509
12335616,44.617,1.713,0,16037,1944.067109,146.9804366,0.570109467,16018,3816.505977,287.9705321,0.275049362,16021,4377.388898,39.73828048,0.154841171
12304107,44.617,1.713,0,16055,3505.626747,105.3153413,0.150934342,16066,851.6126871,339.0970248,0.76875672,16073,5533.411582,223.6760942,0.080308938
12304106,44.617,1.713,0,16055,3927.461468,121.2210838,0.402557663,16075,5381.73337,353.2500724,0.320747312,16069,5189.587552,227.3190947,0.276695026
12304105,44.617,1.713,0,16055,4585.289877,133.315701,0.450404644,16070,6091.654346,272.2473603,0.328620831,16058,6525.045792,23.38814943,0.220974525
12304104,44.617,1.713,0,16066,2560.959163,188.335631,0.442870035,16075,3197.385445,347.7667329,0.342610743,16057,2616.625829,85.74698,0.214519222
12304103,44.617,1.713,0,16061,2054.372539,94.43669947,0.294340766,16066,3664.944303,186.1675819,0.234386447,16075,2133.079169,340.8430417,0.471272787
12304102,44.617,1.713,0,16058,3665.619353,43.4886254,-0.036718594,16075,1158.112555,321.4030972,0.775085397,16057,3267.944311,128.3044615,0.261633197
12304101,44.617,1.713,0,16063,2786.903845,38.34644674,0.175853815,16075,772.5798207,254.635464,0.751991145,16057,4036.393305,140.967672,0.072155039
12304100,44.617,1.713,0,16075,1522.170638,210.2777197,0.57913767,16065,2669.055185,348.9509533,0.308215565,16060,4713.910202,99.53962879,0.112646765
12304099,44.617,1.713,0,16063,1684.377623,91.15559086,0.300844805,16075,2549.825162,198.0479717,0.259321461,16065,1601.411565,340.5203583,0.439833734
12304098,44.617,1.713,0,16075,3626.390263,192.9467773,0.025556488,16065,685.31711,305.7000995,0.881284045,16060,5495.414053,123.0980977,0.093159466
12300607,44.617,1.713,0,16066,960.2928518,35.89057994,0.84799227,16070,5721.977667,295.2512142,0.001650256,16073,4988.641844,216.3159677,0.150357474
12300606,44.617,1.713,0,16066,634.1343135,121.5549819,0.843719829,16075,5331.977378,2.516752811,0.082871669,16069,4603.710756,219.8245153,0.073408502
12300605,44.617,1.713,0,16061,3596.45031,55.38237366,0.242964914,16066,1531.836754,160.2443996,0.582158387,16070,5225.09515,272.427164,0.174876699
12300604,44.617,1.713,0,16070,5317.76769,260.3813202,0.231194762,16075,3112.922768,3.479693687,0.499303158,16055,5977.648566,135.6294252,0.26950208
12300603,44.617,1.713,0,16075,2004.269643,4.760394538,0.501572899,16070,5632.068484,249.2175417,0.20451011,16057,3577.170905,105.1249823,0.293916991
12300602,44.617,1.713,0,16075,899.0877529,9.198345264,0.861706647,16061,3165.109569,113.9798907,-0.011586129,16066,4792.33117,174.6125079,0.149879482
12300601,44.617,1.713,0,16075,253.152434,151.419612,0.966986096,16065,3730.910512,5.800271419,0.056088306,16060,5546.020843,86.78544577,-0.023074402
12300600,44.617,1.713,0,16065,2626.004513,7.756823091,0.337990398,16075,1335.773538,175.7717985,0.69410832,16060,5572.232243,98.24236293,-0.032098718
12300599,44.617,1.713,0,16065,1528.587473,12.536731,0.6453864,16075,2443.15067,178.2206792,0.391554738,16063,2550.385872,91.15874047,-0.036941138
12300598,44.617,1.713,0,16065,491.6758843,38.96274402,0.943847806,16074,7878.653316,232.3615426,0.051295587,16060,6247.07432,118.8938116,0.004856608
12353127,44.617,1.713,0,16036,5213.13568,357.7523286,0.396943857,16035,8221.00666,51.90656058,0.306816168,16033,8787.410417,295.1357614,0.296239975
12353126,44.617,1.713,0,16036,4105.53309,356.8566023,-0.001323981,16031,4514.044099,304.098934,0.675632935,16035,7569.158345,58.43541767,0.325691046
12353125,44.617,1.713,0,16034,3017.248009,63.82355802,0.681049296,16036,2999.673426,355.2997022,-0.175382277,16031,4018.238813,290.7085771,0.49433298
12353124,44.617,1.713,0,16034,2696.210041,85.29309886,0.604701794,16031,3792.092028,274.7063418,0.422250896,16039,6295.763383,0.981473888,-0.026952691
12353123,44.617,1.713,0,16034,2810.575607,108.4294678,0.509427649,16031,3883.009477,258.1309932,0.351115862,16039,5185.798076,0.962984354,0.139456489
12353122,44.617,1.713,0,16034,3315.593106,127.0634042,0.056341085,16036,458.4759509,222.1821939,0.858000274,16039,4075.831795,0.934361137,0.085658641
12353121,44.617,1.713,0,16034,4068.295456,139.8159831,0.367068133,16046,4847.357905,267.9749114,0.1963002,16039,2965.865486,0.884226721,0.436631667
12377612,44.617,1.713,0,16008,5162.824257,6.113849771,0.190130198,16045,3525.321834,146.059916,0.417679335,16020,2887.746441,279.3244024,0.392190467
12353120,44.617,1.713,0,16036,2583.014506,187.7709272,0.398008966,16048,2681.985103,72.70188444,0.369147938,16037,4310.652382,312.1232004,0.232843096
12377611,44.617,1.713,0,16008,4058.425451,7.503484343,0.347946853,16045,4480.309656,154.2224492,0.298823316,16020,2940.398452,257.3905385,0.353229831
12377610,44.617,1.713,0,16020,3378.887513,238.7735285,0.624720435,16011,4250.843339,332.8565831,-0.060530324,1720,4867.595175,33.50509222,0.435809889
12377609,44.617,1.713,0,16019,1051.415793,205.2292279,0.754979105,16011,3314.045201,323.7588565,0.082049638,1720,3976.154212,42.12622647,0.162971257
12377608,44.617,1.713,0,16019,2113.395088,192.795494,0.314316511,16029,1226.824497,306.6690645,0.494510177,1720,3223.375828,55.20922471,0.191173312
12377607,44.617,1.713,0,16008,612.7595541,132.6925809,0.594359802,16029,1072.441633,249.4106237,0.218288634,16010,1631.305728,350.2609909,0.187351564
12377606,44.617,1.713,0,16029,1805.340232,214.5498068,0.163809673,16010,579.2576442,329.2854716,0.706164347,1720,2634.955206,98.30040451,0.13002598
12377605,44.617,1.713,0,1720,2985.883639,119.9389901,0.454434402,16013,3510.803768,243.9161081,0.290275095,16093,4335.312255,344.486123,0.255290503
12377604,44.617,1.713,0,16093,3286.506131,338.9679975,0.289636625,16013,4136.387031,230.0969587,0.265868761,2790,2739.967324,95.71059271,0.444494615
12353119,44.617,1.713,0,16039,745.9648022,0.335329058,0.813487256,16036,3687.679405,185.7577973,0.149765905,16048,2559.104895,97.00978567,0.036746839
12353118,44.617,1.713,0,16030,3441.789268,17.30921042,0.182665624,16038,1641.219399,274.9413642,0.53280626,16047,3156.418593,139.7807135,0.284528116
12353117,44.617,1.713,0,16030,2396.291773,24.75226137,0.412181141,16048,3557.130757,135.379535,0.266030265,16037,3288.663556,262.344973,0.321788594
12353116,44.617,1.713,0,16030,1450.035801,42.65933091,0.477457085,16039,2584.047343,181.2811122,0.279544096,16023,2105.198976,300.7176491,0.242998818
12353115,44.617,1.713,0,16030,962.8572981,92.58568434,0.670510533,16021,2812.08032,326.262898,0.197635559,16038,3611.650001,208.0306479,0.131853908
12353114,44.617,1.713,0,16026,1074.344458,67.75659515,0.632875374,16021,2003.519112,307.8271594,0.251722637,16038,4628.437486,201.7886192,0.115401989
12353113,44.617,1.713,0,16026,1200.992354,125.8339554,0.607768237,16027,2547.284665,11.76565448,0.196530212,16024,3257.022503,262.1416164,0.195701551
12353112,44.617,1.713,0,16027,1471.074732,19.81533224,0.491652519,16026,2048.091926,152.2718766,0.344376777,16025,3226.413014,267.8477338,0.163970704
12353111,44.617,1.713,0,16021,2667.93071,218.0592561,0.444355707,16016,4224.297592,350.235351,0.26175198,16020,3288.816577,103.2364179,0.293892313
12353110,44.617,1.713,0,16027,952.5154303,151.3155063,0.761403131,16014,4989.928443,257.1428137,0.113204043,16013,4925.748752,37.76083253,0.125392825
12353109,44.617,1.713,0,16027,1993.773556,167.3553359,0.509205435,16028,3061.391337,297.1268202,0.331214696,16011,4843.000979,58.06494243,0.159579869
12353108,44.617,1.713,0,16015,879.2419191,40.93361371,0.69671674,16027,3083.367178,172.2519476,0.148802142,16028,2760.255171,275.9488967,0.154481119
12353107,44.617,1.713,0,16015,711.962845,128.742508,0.489028415,16016,845.7869783,250.9472139,0.449033258,16006,4738.327097,23.34835985,0.061938327
12353106,44.617,1.713,0,16006,3734.951864,29.81696923,0.203312918,16098,1869.061154,121.285305,0.267957794,16017,1675.970553,232.6649586,0.528729288
12353105,44.617,1.713,0,16006,2812.855026,40.75666156,0.468362146,16017,2520.399134,212.476462,0.526679089,16013,3349.863065,119.6040071,0.004958765
12353104,44.617,1.713,0,16006,2082.935366,60.65116393,0.551049566,16062,4514.513053,301.6161495,0.180146596,16016,3707.06799,193.4421093,0.268803837
12328623,44.617,1.713,0,16031,2457.60781,111.8415308,0.363946471,16033,2122.524862,247.2091715,0.53665759,16037,6778.575402,25.7605085,0.09939594
12328622,44.617,1.713,0,16031,3033.655415,131.8528499,0.230941249,16033,2765.21718,225.6793526,0.523842437,16037,5788.262067,30.34771544,0.245216314
12328621,44.617,1.713,0,16037,4850.051825,36.76545782,0.168254915,16032,4038.927458,299.0675489,0.397056249,16031,3851.033149,144.467107,0.434688836
12328620,44.617,1.713,0,16037,4000.771351,46.07198708,0.31046711,16032,3652.638028,283.4966863,0.417006425,16031,4787.694816,152.4211217,0.272526465
12328619,44.617,1.713,0,16018,4833.114969,337.752698,0.337810552,16033,5644.078981,201.2213684,0.342261011,16038,4605.525755,75.72744409,0.319928437
12328618,44.617,1.713,0,16032,3846.050566,249.1787043,0.457597315,16038,4441.885725,89.66938592,0.390206818,16007,4978.353844,349.9463233,0.152195866
12328617,44.617,1.713,0,16037,2870.655114,101.1235847,0.460195371,16032,4383.336622,235.5928965,0.280219078,16007,3895.302555,346.7827275,0.25958555
12328616,44.617,1.713,0,16024,4017.117598,46.43909461,0.028695658,16037,3252.771939,120.7602271,0.383298225,16018,2213.11571,301.1242426,0.588006117
12328615,44.617,1.713,0,16037,3922.319971,134.9982755,0.269533807,16018,1916.412262,271.0211381,0.567698754,16014,4517.907459,16.89828783,0.162767438
12328614,44.617,1.713,0,16037,4759.504057,144.6750907,0.291913525,16014,3462.943916,21.90039805,0.344455652,16067,3516.084624,275.2906499,0.363630823
12328613,44.617,1.713,0,16014,2456.967836,31.12640108,0.228889122,16024,2901.017526,101.1521089,0.118495237,16007,1171.803296,236.4816418,0.652615641
12328612,44.617,1.713,0,16014,1595.503383,51.49038694,0.619778421,16007,2020.811436,209.6119762,0.464043401,16024,3281.852777,120.6061135,-0.083821823
12328611,44.617,1.713,0,16014,1232.401291,95.41825032,0.640659381,16007,3042.779516,199.5883656,0.190307398,16055,4468.188265,324.4153684,0.169033221
12328610,44.617,1.713,0,16028,4128.313019,54.62701728,0.325856458,16007,4110.671481,194.6798946,0.368927916,16055,3639.170303,313.9125007,0.305215626
12328609,44.617,1.713,0,16028,3581.213531,69.05709628,0.379883229,16007,5196.251482,191.8079888,0.196757252,16055,2997.783127,298.1472603,0.423359519
12328608,44.617,1.713,0,16014,3636.472235,161.36338,0.188631554,16055,2682.190894,276.5157108,0.555075495,16017,4899.544026,77.17770328,0.25629295
12328624,44.617,1.713,0,16031,2311.007821,85.14843143,0.487000264,16033,1956.524263,278.4523932,0.546428055,16037,7801.17368,22.35853442,-0.033428319
12328607,44.617,1.713,0,16055,2804.622174,253.3104602,0.65970496,16014,4696.189977,165.9450854,-0.040047894,16017,4755.806199,90.27064646,0.380342934
12328606,44.617,1.713,0,16062,5010.900293,26.85736934,0.281823714,16028,3867.425016,121.9991088,0.236681803,16055,3316.924539,234.7306958,0.481494484
12328605,44.617,1.713,0,16062,4039.897916,33.71098156,0.202365472,16028,4538.298344,134.1162845,0.355415445,16057,3717.696115,292.5282367,0.442219083
12328604,44.617,1.713,0,16028,5357.202733,142.8323764,0.280727178,16057,3469.916156,275.2014924,0.399904499,16059,3867.121097,19.39217111,0.319368323
12328603,44.617,1.713,0,16062,2477.284051,62.5765208,0.479674616,16060,2989.902276,333.2019206,0.29368496,16055,5932.647785,207.8662013,0.226640424
12328602,44.617,1.713,0,16059,1891.79838,40.98445704,0.657734145,16057,3983.904648,241.4328125,0.29126364,16060,2075.153352,318.699249,0.051002215
12328601,44.617,1.713,0,16059,1259.965997,75.36826773,0.749077917,16057,4635.045287,229.4242173,0.128958416,16058,3934.358113,295.1195826,0.121963667
12328600,44.617,1.713,0,16059,1435.430459,123.4656129,0.789583173,16063,4516.444139,285.3612666,0.259963826,16061,5291.136045,230.4680928,-0.049546999
12328599,44.617,1.713,0,16059,2235.565271,148.2673004,0.718283953,16060,2278.731598,219.016353,-0.021505891,16063,4377.598414,271.133544,0.303221937
12374113,44.617,1.713,0,16019,3508.098727,8.176299736,0.3619532,16044,2836.838272,154.363743,0.459543484,16026,4274.843544,261.8289901,0.178503316
12374112,44.617,1.713,0,16019,2410.703388,11.45871342,0.518298706,16026,4585.212516,248.0039014,0.223071022,16045,4084.879908,136.0375205,0.258630272
12374111,44.617,1.713,0,16019,1334.266267,20.1169751,0.724227047,16044,4922.498489,166.0419746,0.174663025,16027,4740.152738,274.4735134,0.101109928
12374110,44.617,1.713,0,16019,461.6230006,71.94424793,0.846452949,16020,2685.640284,228.8487602,0.129165763,16013,4549.604304,331.27518,0.024381288
12374109,44.617,1.713,0,16008,2245.165302,37.19326105,0.185836976,16019,1053.561089,156.573188,0.684201459,16098,4309.770455,304.7145313,0.129961565
12374108,44.617,1.713,0,16008,1499.575366,63.08936813,0.409804914,16019,2114.465457,169.1272269,0.332720672,16013,2844.489244,308.4845826,0.257474414
12374107,44.617,1.713,0,16010,1698.288584,20.35883952,0.512768519,16013,2341.660155,286.3794621,0.206143044,16019,3208.742365,173.219889,0.281088437
12374106,44.617,1.713,0,16008,2014.168235,139.9089462,0.389647483,16011,1333.946243,239.7463473,0.377109534,16096,3232.083939,337.1366205,0.233242983
12374105,44.617,1.713,0,16010,834.8445262,138.721386,0.724033858,5600,4430.44618,7.0659985,0.131576708,16013,2767.711382,235.7106596,0.144389434
12374104,44.617,1.713,0,16095,2757.950558,75.93155623,0.303160855,16011,3127.857117,202.4081223,0.180473998,16096,1501.546672,300.3434086,0.516365146
12374103,44.617,1.713,0,16095,2691.295524,99.39651194,0.275900275,16013,4437.749982,211.6221099,0.213189208,16093,1970.519253,350.2673686,0.510910517
12325103,44.617,1.713,0,16062,3264.80351,69.86202586,0.450115226,16055,5596.446134,199.9189812,0.279935778,16058,4694.237624,325.5913116,0.269948996
12325102,44.617,1.713,0,16057,3259.630328,233.8688454,0.26306935,16060,1622.134979,341.919411,0.454357464,16062,3043.490239,89.73281223,0.282573186
12325101,44.617,1.713,0,16059,2106.832317,81.77684612,0.230622833,16060,680.1775133,309.4527623,0.697778663,16057,4029.652032,221.2033224,0.071598504
12325100,44.617,1.713,0,16059,2216.142754,111.3963064,0.273588638,16060,870.8193463,218.9103193,0.616498036,16063,3683.116816,288.6775507,0.109913326
12325099,44.617,1.713,0,16060,1875.736823,197.6502881,0.406556691,16063,3511.610498,271.1366935,0.335613855,16064,4951.227596,103.1143504,0.257829454
12325119,44.617,1.713,0,16046,3257.742148,140.7700736,0.423401542,16032,2718.924233,264.2115956,0.400720816,16007,5994.823928,0.198256224,0.175877642
12325118,44.617,1.713,0,16032,3057.875856,243.0890585,0.479710341,16018,3488.079624,343.626802,0.248755671,16038,5309.955992,89.90594617,0.271533988
12325117,44.617,1.713,0,16037,3728.680224,98.80472769,0.304893502,16032,3711.187955,227.7807568,0.269404075,16018,2452.209022,335.806841,0.425702423
12325116,44.617,1.713,0,16037,4030.15329,114.6447313,0.222395335,16032,4545.27171,217.5497829,0.264721157,16007,2665.772388,359.0475094,0.512883508
12325115,44.617,1.713,0,16037,4587.529508,127.4625857,0.142521239,16018,1048.477369,270.9418604,0.770933033,16014,4826.770489,26.86287109,0.086545728
12325114,44.617,1.713,0,16037,5320.990757,137.1360723,0.222604246,16067,2651.322712,276.6556175,0.526032645,16014,3857.171746,34.04311274,0.251363109
12325113,44.617,1.713,0,16014,2986.981767,45.69568099,0.174253761,16007,672.9497662,189.3571869,0.794273114,16086,5295.149467,256.8421648,0.031473125
12325112,44.617,1.713,0,16055,5026.838451,340.0996623,0.186709448,16067,3289.76715,234.4585858,0.426454014,16025,3723.756905,93.90939557,0.386836537
12325111,44.617,1.713,0,16014,2098.417939,93.64193155,0.537200921,16055,4010.510703,334.4017338,0.221052184,16067,4051.61048,221.7630805,0.241746895
12325110,44.617,1.713,0,16028,4853.08934,60.72808029,0.185747443,16007,3997.223645,182.5028726,0.372214234,16055,3059.995526,325.014795,0.442038323
12325109,44.617,1.713,0,16007,5106.992142,182.2026283,0.222765447,16055,2259.921778,308.1900539,0.605842346,16017,6071.004687,68.9537415,0.171392207
12325108,44.617,1.713,0,16014,4013.389982,149.6314707,0.146252796,16055,1820.777211,279.0829672,0.696181422,16017,5744.888321,79.26158439,0.157565782
12325107,44.617,1.713,0,16028,4276.544233,102.9240431,0.297905872,16055,1996.881151,245.6801496,0.550058598,16057,4418.845952,325.1672804,0.15203553
12325106,44.617,1.713,0,16028,4632.798364,116.4883549,0.237195842,16055,2669.114564,223.6220435,0.532325584,16060,5995.786448,356.017309,0.230478574
12325105,44.617,1.713,0,16028,5205.871709,127.5969393,0.389782267,16060,4891.158786,354.8601951,0.3426066,16066,5703.112901,256.6122911,0.267611133
12325104,44.617,1.713,0,16028,5933.269029,136.2493637,0.21235558,16057,2606.246812,276.5577443,0.555815533,16059,4219.846181,30.63731024,0.231828887
12349615,44.617,1.713,0,16026,2407.474456,51.45334139,0.432544537,16024,2908.621974,307.1866933,0.247745532,16038,3309.872051,194.5139728,0.319709931
12349614,44.617,1.713,0,16022,1769.159381,45.76751288,0.514573975,16024,2426.256483,285.4958923,0.329211286,16039,4880.110126,170.9405144,0.156214739
12349613,44.617,1.713,0,16030,2896.864141,141.8881378,0.275633824,16024,2403.647947,258.9287495,0.401663077,16027,2839.305138,29.24056393,0.322703098
12349612,44.617,1.713,0,16022,1572.905901,128.7945366,0.540628665,16105,4065.152843,13.21574214,0.130807451,16025,2360.740073,266.6627729,0.328563884
12349611,44.617,1.713,0,16027,1369.719931,79.14632257,0.511382586,16021,2255.158508,200.1657563,0.333490843,16028,4031.340665,333.2282885,0.155126571
12349610,44.617,1.713,0,16027,1574.67476,122.7508104,0.538854243,16025,3362.762874,225.4993465,0.202988439,16017,3427.906222,353.595244,0.258157317
12349609,44.617,1.713,0,16027,2355.257299,146.3970706,0.409503148,16028,2313.877122,306.6007989,0.396343632,16015,2287.501066,39.78704013,0.194153221
12349608,44.617,1.713,0,16028,1897.755968,278.1737907,0.526950239,16027,3328.521272,157.3353039,0.169528165,16098,2792.539779,63.80415216,0.303521596
12349607,44.617,1.713,0,16016,300.0148135,167.0295319,0.540425519,16017,451.6454525,279.830012,0.422604405,16013,3860.063992,81.83076345,0.036970076
12349606,44.617,1.713,0,16006,4220.768106,40.19068394,0.292569566,16028,2736.607404,224.5625212,0.443389922,16015,2105.567929,138.2808314,0.264040512
12349605,44.617,1.713,0,16006,3431.70642,51.96454798,0.284637193,16062,4551.644847,319.4819658,0.160770321,16017,2197.108601,192.8006021,0.554592486
12349604,44.617,1.713,0,16006,2864.004287,69.46499984,0.390983623,16062,3793.79877,308.2815675,0.28198085,16017,3291.698066,188.8722089,0.327035527
12349603,44.617,1.713,0,16053,3538.599647,32.74880737,0.403795082,16017,4394.030959,186.9091386,0.328281029,16062,3245.395558,292.473056,0.267923889
12349602,44.617,1.713,0,16006,2906.363787,114.7111556,0.435024598,16062,3022.669782,272.4789433,0.445776891,16052,4474.231636,24.55492721,0.119198511
12349601,44.617,1.713,0,16006,3502.212592,131.5910433,0.260737409,16062,3194.486201,252.1522049,0.410446366,16052,3484.269917,31.84590986,0.328816225
12349600,44.617,1.713,0,16006,4306.770278,142.8913067,0.152537573,16064,1222.069936,274.8337545,0.700984933,16054,3985.120441,37.51701473,0.146477493
12349626,44.617,1.713,0,16036,4133.588131,8.962654037,-0.531920546,16031,3814.799079,311.2334057,0.794427986,16034,4338.318954,56.02239114,0.737492561
12349625,44.617,1.713,0,16036,3037.948697,11.8371417,-0.169479948,16031,3212.964433,295.9245951,0.629379582,16034,3810.773265,69.81719833,0.540100366
12349624,44.617,1.713,0,16031,2925.34898,275.7856415,0.562911934,16034,3561.880624,86.70048676,0.462884742,16039,6354.11229,8.842072624,-0.025796676
12349623,44.617,1.713,0,16034,3649.112984,104.3557794,0.403272139,16031,3042.413966,254.4642334,0.4714768,16038,5712.612877,353.3364591,0.125251062
12349622,44.617,1.713,0,16036,664.2040876,122.4083841,0.781708803,16031,3524.060274,236.8968835,0.121682677,16039,4165.360951,12.9728714,0.09660852
12349621,44.617,1.713,0,16039,3087.726858,17.22327961,0.279435131,16036,1562.044341,159.7778615,0.587952719,16046,3980.256319,267.299413,0.132612151
12349620,44.617,1.713,0,16036,2627.334536,168.6043492,0.450429248,16038,2454.314909,342.810432,0.486182893,16048,3516.919218,77.16564109,0.063387859
12349619,44.617,1.713,0,16039,1137.510471,50.09678471,0.610650471,16036,3718.856264,172.299759,0.18866963,16037,2938.892007,306.9163939,0.200679899
12349618,44.617,1.713,0,16030,3777.701163,30.05797474,0.134460397,16038,777.1279592,279.2651069,0.767369275,16036,4818.81833,174.3136588,0.098170328
12349617,44.617,1.713,0,16030,2857.790782,40.90565049,0.281866987,16039,1705.925032,150.8499827,0.386597995,16037,2434.122461,259.2426972,0.331535018
12349616,44.617,1.713,0,16030,2127.676349,60.42630159,0.29659263,16038,2245.144022,201.111455,0.312282121,16023,1417.374138,318.3507771,0.39112525
12349599,44.617,1.713,0,16064,1596.23138,230.8937614,0.620709886,16053,2343.454075,128.6339235,0.090830266,16054,3161.609736,49.55313025,0.288459848
12325124,44.617,1.713,0,16031,3176.615566,86.77790979,0.69451764,16032,5879.258504,333.7891435,0.045096115,16088,7519.719014,274.4732254,0.260386245
12325123,44.617,1.713,0,16031,3284.707639,106.4696339,0.268935146,16033,1374.039034,232.3608961,0.601492293,16032,4919.617845,327.8435326,0.129572561
12325122,44.617,1.713,0,16046,2272.977439,69.23437986,0.422230892,16033,2242.693383,209.6577947,0.427487201,16032,4037.7957,319.1687421,0.150281907
12325121,44.617,1.713,0,16033,3261.222763,200.2992318,0.441103203,16032,3296.840265,306.1619162,0.336815826,16038,6327.182074,58.15795736,0.222080971
12325120,44.617,1.713,0,16037,4655.208929,53.65883963,0.320968307,16033,4325.008236,195.4622919,0.268465322,16032,2810.469118,287.2959721,0.410566372
12293605,44.617,1.713,0,16071,4728.722945,188.1945574,0.349205077,16061,5104.278792,66.83831174,0.337941644,16074,5238.234806,303.905634,0.312853279
12293604,44.617,1.713,0,16075,3623.359786,32.03230083,0.341501273,16066,3414.195499,139.2631614,0.297366219,16070,3629.71344,255.2516647,0.361132508
12293603,44.617,1.713,0,16075,2730.388598,44.06663835,0.441974449,16066,4304.57773,149.1833078,0.260007715,16074,4448.998176,279.0833461,0.298017836
12293602,44.617,1.713,0,16074,4434.819582,264.7283198,0.34637143,16065,5239.553946,24.01126035,0.340665695,16066,5278.876249,155.5806493,0.312962875
12293601,44.617,1.713,0,16065,4238.400128,29.84401853,0.350388721,16074,4691.078096,251.1287062,0.406319937,16061,5204.464132,117.8545383,0.243291341
12293600,44.617,1.713,0,16065,3307.510256,39.10821788,0.532232323,16074,5177.775945,239.5100963,0.349948527,16061,5788.419397,127.7216995,0.11781915
12293599,44.617,1.713,0,16065,2525.80738,54.78090128,0.625960014,16075,3066.755232,143.8861135,0.120472934,16074,5837.558295,230.1962518,0.253567052
12293598,44.617,1.713,0,16065,2069.85124,80.35453423,0.880926677,16075,4006.712482,153.5501536,-0.131496358,16074,6618.866599,222.9228038,0.250569682
12318124,44.617,1.713,0,16033,711.7946287,70.58723496,0.935484681,16032,5310.555856,350.6914154,-0.042679626,16088,5785.50877,275.4788333,0.107194945
12318123,44.617,1.713,0,16033,1088.231077,143.3608085,0.806162157,16088,5807.787954,264.4926037,0.126113626,16037,8214.469305,42.5251853,0.067724217
12318122,44.617,1.713,0,16088,6037.629089,253.9704734,0.378737752,16031,5289.562981,113.0980656,0.428783347,16018,7797.135113,6.189619445,0.1924789
12318121,44.617,1.713,0,16018,6692.167657,7.02761462,0.30609128,16088,6452.89207,244.5104709,0.332973108,16031,5796.921531,123.3269172,0.360935612
12318120,44.617,1.713,0,16032,1240.338029,310.2532299,0.735123717,16033,4242.91964,172.0927441,0.181212289,16037,6125.787104,63.59174687,0.083663994
12318119,44.617,1.713,0,16018,4489.689634,9.939241652,0.116496166,16046,4577.907756,123.964853,0.131906715,16032,1016.433497,252.3414762,0.751597119
12318118,44.617,1.713,0,16032,1729.767543,214.9317234,0.662127144,16086,5434.813105,322.4617716,0.146854517,16037,5466.076063,84.69961365,0.191018339
12318117,44.617,1.713,0,16037,5454.415395,96.36678975,0.139345208,16032,2723.109726,201.8253448,0.499156374,16067,3697.470677,346.9906966,0.361498418
12318115,44.617,1.713,0,16032,4863.604923,192.5433138,0.207513163,16067,1637.17591,327.6429088,0.672051505,16024,5723.101616,73.68773097,0.120435332
12318114,44.617,1.713,0,16018,1308.438563,149.439726,0.361303205,16067,938.7731392,286.9168452,0.576802345,16014,5016.592618,50.92724574,0.06189445
12318113,44.617,1.713,0,16007,1769.209456,113.2407634,0.325158562,16067,1243.60068,227.7200639,0.570324898,16055,5802.522684,0.451351571,0.10451654
12318112,44.617,1.713,0,16055,4692.596908,0.290062448,0.317323727,16024,5693.512812,107.604279,0.259202006,16086,4168.164872,235.6929897,0.423474267
12318111,44.617,1.713,0,16055,3582.729639,0.028764616,0.443415924,16086,4896.067488,225.0487044,0.340842007,16025,5605.04745,104.441166,0.21574207
12318110,44.617,1.713,0,16014,4015.344341,108.5473662,0.225043861,16055,2473.002088,359.5328287,0.556093342,16086,5747.49636,217.3505278,0.218862798
12318109,44.617,1.713,0,16028,6071.445627,78.32135137,0.292745285,16067,5371.289459,190.8158542,0.308557155,16066,4837.994566,309.6117659,0.39869756
12318108,44.617,1.713,0,16028,5924.983221,88.84739203,0.010775386,16067,6468.204313,189.1620179,0.031562695,16055,261.2817343,345.7979974,0.957661919
12318107,44.617,1.713,0,16060,7182.867862,10.74286765,0.331704782,16014,5934.272087,140.9214781,0.387382195,16071,7092.497619,250.75033,0.280913023
12318106,44.617,1.713,0,16060,6091.223733,12.48588843,0.277741098,16066,3800.929034,266.3069273,0.448761985,16014,6819.708207,146.9537635,0.273496917
12318105,44.617,1.713,0,16055,3078.900147,182.4208074,0.565953498,16062,5864.815977,55.64647421,0.209003953,16075,5958.990618,316.2428419,0.225042549
12318104,44.617,1.713,0,16055,4188.732225,182.0801338,0.217471815,16062,5298.05585,65.46893364,0.157825966,16061,1728.371257,306.1820234,0.624702219
12318103,44.617,1.713,0,16057,1219.721283,226.0628598,0.777151201,16059,4592.825951,57.21697318,0.1789474,16063,4783.737607,339.296039,0.043901399
12318102,44.617,1.713,0,16062,4775.878641,90.23949175,0.185836074,16057,2153.393618,204.7143974,0.531624545,16063,3776.013418,333.0175938,0.282539382
12318101,44.617,1.713,0,16060,1270.884025,71.74713223,0.585365581,16061,2732.527231,212.3227539,0.252077883,16063,2845.487738,322.423226,0.162556537
12318100,44.617,1.713,0,16061,3726.7503,203.4500773,0.129272169,16063,2097.552614,303.0951086,0.573825118,16059,3887.71497,102.5179794,0.296902713
12318099,44.617,1.713,0,16059,4248.5067,117.3591894,0.480385275,16061,4772.322186,198.3835015,0.040665875,16065,4297.975342,291.5573607,0.478948851
12318098,44.617,1.713,0,16065,4046.667611,276.6609152,0.613634755,16059,4842.486135,129.2261365,0.528809701,16061,5841.736974,195.153807,-0.142444456
