time_local,12391609,12391608,12391607,12367103,12367102,12342625,12342624,12367114,12367113,12367112,12367111,12367110,12367109,12367108,12367107,12367106,12367105,12367104,12342607,12342606,12342605,12342604,12342603,12342602,12367125,12342601,12367124,12342600,12367123,12342599,12367122,12367121,12367120,12342623,12342622,12342621,12342620,12342619,12342618,12342617,12342616,12342615,12342614,12342613,12342610,12342609,12342608,12307599,12307598,12307601,12307600,12356607,12356606,12356605,12356604,12356603,12381112,12381111,12381110,12381109,12381108,12381107,12381106,12381105,12381104,12356623,12356622,12356621,12356620,12356619,12356618,12356617,12356616,12356615,12356614,12356613,12356612,12356611,12356610,12356609,12356608,12332110,12332108,12332107,12332106,12332105,12332104,12356627,12332103,12356626,12332102,12356625,12332101,12356624,12332100,12332099,12332124,12332123,12332122,12332121,12332120,12332119,12332118,12332117,12332116,12370607,12370606,12370605,12370604,12370603,12370602,12370621,12370613,12370612,12370611,12370610,12370609,12370608,12346111,12346110,12346109,12346108,12346107,12346106,12346105,12346104,12346103,12346102,12346101,12346100,12346099,12321606,12321605,12321603,12321602,12321601,12321600,12321624,12321623,12321622,12321621,12321620,12321619,12321618,12321617,12321616,12321599,12321598,12346125,12346124,12346123,12346122,12346121,12346120,12346119,12346118,12346117,12346116,12346115,12346114,12346113,12314605,12314604,12314603,12314602,12314601,12314600,12314599,12314598,12314597,12314623,12314622,12314621,12314620,12314619,12311104,12311121,12311120,12311103,12311102,12311101,12311100,12311099,12311098,12363626,12363625,12363624,12363623,12363622,12363621,12363620,12363619,12388109,12388108,12388107,12388106,12363614,12363613,12363612,12363611,12363610,12363609,12363608,12363607,12363606,12363605,12363604,12363603,12363602,12339119,12339118,12339117,12339116,12339115,12339114,12339113,12339112,12339110,12339109,12339108,12339107,12339106,12339105,12339104,12339124,12339123,12339122,12339121,12339120,12339103,12339102,12339101,12339100,12339099,12384611,12384610,12384609,12384608,12384607,12384606,12384605,12360111,12360110,12360109,12360108,12360107,12360106,12360105,12360104,12360103,12360102,12360127,12360126,12360125,12360124,12360123,12335599,12360122,12360121,12360120,12360119,12360118,12360115,12360114,12360113,12360112,12335615,12335614,12335610,12335609,12335608,12335607,12335606,12335605,12335604,12335603,12335602,12335601,12335600,12335624,12335623,12335622,12335621,12335620,12335619,12335618,12335617,12335616,12353127,12353126,12353125,12353124,12353123,12353122,12353121,12377612,12353120,12377611,12377610,12377609,12377608,12377607,12377606,12377605,12377604,12353119,12353118,12353117,12353116,12353115,12353114,12353113,12353112,12353111,12353110,12353109,12353108,12353107,12353106,12353105,12353104,12328623,12328622,12328621,12328620,12328619,12328618,12328617,12328616,12328609,12328624,12328606,12328605,12328604,12328603,12328602,12328601,12328600,12328599,12374113,12374112,12374111,12374110,12374109,12374108,12374107,12374106,12374105,12374104,12374103,12325103,12325102,12325101,12325100,12325099,12325119,12325118,12325117,12325106,12325105,12325104,12349615,12349614,12349613,12349612,12349611,12349610,12349609,12349608,12349607,12349606,12349605,12349604,12349603,12349602,12349601,12349600,12349626,12349625,12349624,12349623,12349622,12349621,12349620,12349619,12349618,12349617,12349616,12349599,12325124,12325123,12325122,12325121,12325120,12318124,12318123,12318122,12318121,12318120,12318119,12318118,12318117,12318106,12318105,12318104,12318103,12318102,12318101,12318100,12318099,12318098
2018-07-17 21:00:00,0.0,0.0,0.0,0.0,0.0,0.0,0.0,0.0,0.0,0.0,0.0,0.0,0.0,0.0,0.0,0.0,0.0,0.0,0.0,0.0,0.0,0.0,0.0,0.0,0.0,0.0,0.0,0.0,0.0,0.0,0.0,0.0,0.0,0.0,0.0,0.0,0.0,0.0,0.0,0.0,0.0,0.0,0.0,0.0,0.0,0.0,0.0,0.0,0.0,0.0,0.0,0.0,0.0,0.0,0.0,0.0,0.0,0.0,0.0,0.0,0.0,0.0,0.0,0.0,0.0,0.0,0.0,0.0,0.0,0.0,0.0,0.0,0.0,0.0,0.0,0.0,0.0,0.0,0.0,0.0,0.0,0.0,0.0,0.0,0.0,0.0,0.0,0.0,0.0,0.0,0.0,0.0,0.0,0.0,0.0,0.0,0.0,0.0,0.0,0.0,0.0,0.0,0.0,0.0,0.0,0.0,0.0,0.0,0.0,0.0,0.0,0.0,0.0,0.0,0.0,0.0,0.0,0.0,0.0,0.0,0.0,0.0,0.0,0.0,0.0,0.0,0.0,0.0,0.0,0.0,0.0,0.0,0.0,0.0,0.0,0.0,0.0,0.0,0.0,0.0,0.0,0.0,0.0,0.0,0.0,0.0,0.0,0.0,0.0,0.0,0.0,0.0,0.0,0.0,0.0,0.0,0.0,0.0,0.0,0.0,0.0,0.0,0.0,0.0,0.0,0.0,0.0,0.0,0.0,0.0,0.0,0.0,0.0,0.0,0.0,0.0,0.0,0.0,0.0,0.0,0.0,0.0,0.0,0.0,0.0,0.0,0.0,0.0,0.0,0.0,0.0,0.0,0.0,0.0,0.0,0.0,0.0,0.0,0.0,0.0,0.0,0.0,0.0,0.0,0.0,0.0,0.0,0.0,0.0,0.0,0.0,0.0,0.0,0.0,0.0,0.0,0.0,0.0,0.0,0.0,0.0,0.0,0.0,0.0,0.0,0.0,0.0,0.0,0.0,0.0,0.0,0.0,0.0,0.0,0.0,0.0,0.0,0.0,0.0,0.0,0.0,0.0,0.0,0.0,0.0,0.0,0.0,0.0,0.0,0.0,0.0,0.0,0.0,0.0,0.0,0.0,0.0,0.0,0.0,0.0,0.0,0.0,0.0,0.0,0.0,0.0,0.0,0.0,0.0,0.0,0.0,0.0,0.0,0.0,0.0,0.0,0.0,0.0,0.0,0.0,0.0,0.0,0.0,0.0,0.0,0.0,0.0,0.0,0.0,0.0,0.0,0.0,0.0,0.0,0.0,0.0,0.0,0.0,0.0,0.0,0.0,0.0,0.0,0.0,0.0,0.0,0.0,0.0,0.0,0.0,0.0,0.0,0.0,0.0,0.0,0.0,0.0,0.0,0.0,0.0,0.0,0.0,0.0,0.0,0.0,0.0,0.0,0.0,0.0,0.0,0.0,0.0,0.0,0.0,0.0,0.0,0.0,0.0,0.0,0.0,0.0,0.0,0.0,0.0,0.0,0.0,0.0,0.0,0.0,0.0,0.0,0.0,0.0,0.0,0.0,0.0,0.0,0.0,0.0,0.0,0.0,0.0,0.0,0.0,0.0,0.0,0.0,0.0,0.0,0.0,0.0,0.0,0.0,0.0,0.0,0.0,0.0,0.0,0.0,0.0,0.0,0.0,0.0,0.0,0.0,0.0,0.0,0.0,0.0,0.0,0.0,0.0,0.0,0.0,0.0,0.0,0.0,0.0,0.0,0.0,0.0,0.0,0.0,0.0,0.0,0.0,0.0,0.0,0.0,0.0,0.0
2018-07-17 22:00:00,0.0,0.0,0.0,0.0,0.0,0.2850412550267457,0.2425101715181705,0.0,0.0,0.0,0.0,0.0,0.0,0.0,0.0,0.0,0.0,0.0,0.22532258645842618,0.24153398876850515,0.3381722986335914,0.0,0.4909217387126293,0.5450254904892311,0.0,0.3886368533166732,0.0,0.4152645912012547,0.0,0.3075545435712861,0.0,0.0,0.0,0.0,0.0,0.0,0.0,0.0,0.0,0.0,0.0,0.0,0.0,0.0,0.0,0.0,0.0,5.032139154206934,4.368660011360889,4.117679024914242,4.426653927988092,0.0,0.0,0.0,0.0,0.0,0.0,0.0,0.0,0.0,0.0,0.0,0.0,0.0,0.0,0.0,0.0,0.0,0.0,0.0,0.0,0.0,0.0,0.0,0.0,0.0,0.0,0.0,0.0,0.0,0.0,0.0,0.29250949555953,0.3694762187980549,0.2902366206935293,3.1550605787703008,4.836167905950807,0.2088117908350444,5.666846790411387,0.0,3.12829621889219,0.0,5.634888468770179,0.0,5.965469491516396,5.839599214460823,0.28740753974096583,0.2886933359668866,0.14622204744459594,0.07798946613469614,0.1594118232779644,0.11444440361100343,0.0,0.0,0.0,0.0,0.0,0.0,0.0,0.0,0.0,0.0,0.0,0.0,0.0,0.0,0.0,0.0,0.0,0.0,0.0,0.0,0.0,0.164960794183136,0.2690164562126278,0.341026469089818,0.4111908756568444,0.37691024216120245,0.25193205580305705,0.07197324593481973,0.0,4.496246616990278,4.434696941187325,6.075744648905687,7.281444948457363,10.345153858716698,9.8280747497724,0.852523020717618,0.6854495150870228,0.47716827308260473,0.32160352292033717,0.16637495408747674,0.1587402796729328,0.0,0.0,0.0,7.753518867238926,6.201111052623981,0.24155603602131032,0.0,0.0,0.0,0.0,0.0,0.0,0.0,0.0,0.0,0.0,0.0,0.0,4.0997542730059084,4.810879476637982,5.204389848062904,6.030861459271665,7.049612656913611,2.030726840684034,6.093601425783467,5.786928993495534,4.76859560923909,0.602138402246302,0.458156671797576,0.3098987276783119,0.14809870367150718,0.0,4.427645601849433,0.3024049499270225,0.1760156657754557,4.578267695834728,5.232441753818569,5.662489158943341,5.925384846367541,5.262093275445856,5.451336482986141,0.0,0.0,0.0,0.0,0.0,0.0,0.0,0.0,0.0,0.0,0.0,0.0,0.0,0.0,0.0,0.0,0.0,0.0,0.0,0.0,0.0,0.0,0.0,0.0,0.0,0.0,0.0,0.0,0.0,0.0,0.0,0.0,0.0,0.0,0.0,0.0,0.28599928877960806,0.34471231359562543,1.3119425990491598,0.0,0.2918478357408335,0.0,0.0,0.0,0.0,3.5001570335002916,0.0,0.402233998750339,3.559089913193718,2.8417456662420535,0.0,0.0,0.0,0.0,0.0,0.0,0.0,0.0,0.0,0.0,0.0,0.0,0.0,0.0,0.0,0.0,0.09327929367181943,0.0,0.0,0.0,0.0,0.0,4.43037220013994,0.0,0.0,0.0,0.0,0.0,0.0,0.0,0.0,0.0,0.0,0.0,0.0,0.0,0.19620230493520882,0.3250229286021021,0.30255243176642993,2.5252314217825003,4.066267613397862,2.8325902676651333,1.623948585195651,3.1555416231986664,2.8030146343768094,0.35669107157999025,0.11946512001155878,0.08035034804885703,0.0,0.13145720609311257,0.0,0.0,0.0,0.0,0.2334804466258599,0.20414020243453757,0.0,0.0,0.0,0.0,0.0,0.0,0.0,0.0,0.0,0.0,0.0,0.0,0.0,0.0,0.0,0.0,0.0,0.0,0.0,0.0,0.0,0.0,0.0,0.0,0.0,0.0,0.0,0.0,0.0,0.0,0.19773419806604106,0.3706116588132104,0.3457557774242491,0.2588953915034257,0.11340709280836436,0.0,0.0,0.0,0.0,0.0,0.44264690222735675,3.9293528772337676,4.357888763370154,4.823644752662849,6.070689947353947,6.17426292589575,7.477673975969295,7.617412310249485,7.306710762723042,0.0,0.0,0.0,0.0,0.0,0.0,0.0,0.0,0.0,0.0,0.0,5.208024911264222,7.2920289236688385,9.580928534895332,9.18025279272122,7.296746857001701,0.0,0.0,0.0,4.050556894570113,5.000230756345103,5.6321642652948,0.0,0.0,0.0,0.0,0.0,0.0,0.0,0.0,0.0,0.1107589457732444,0.19782831180323387,0.28279521700926863,0.3301144593145718,0.3427774678669541,0.1685259757434748,0.0,0.23612559087412036,0.0,0.0,0.0,0.0,0.0,0.0,0.0,0.0,0.0,0.0,0.0,0.6248202437479711,0.5663920399821809,0.4239234814754451,0.2996163685309557,0.27923888377923234,0.7846653700068805,0.6747361163167572,0.48462965905005584,0.3215884703027371,0.16079606572635302,0.11215757592173954,0.0,0.0,3.830101933442468,4.196179324422614,4.758633511279546,5.94612588921485,6.912161216637745,8.305130231321577,8.115077189283959,7.320124176239833,6.205364889222218
2018-07-17 23:00:00,9.589050442794868,5.28304542502229,3.889839191252815,5.232988156991989,3.4535441077438422,27.634017397328943,26.439514153818102,48.75028818131672,32.816800965370206,26.06256606681309,24.77255784821308,29.292816234608637,18.36043277982069,8.928616815005153,11.18862742137444,8.40895259773703,9.501521416245442,3.7022220658546905,39.269686923596105,31.239939702335242,27.4624684263216,18.589536629591734,16.34749319097752,18.60838735620241,47.97037586111495,18.352587149982373,30.236520911996095,12.717964721690496,29.549264094636566,9.311894351146359,29.839381263566697,30.62691124444323,33.58139876162278,35.402751318352536,35.258115151786185,32.718582970753396,44.388589230129085,42.51566590365808,44.63875027477841,46.70764010435291,46.19424112410238,34.08674344435893,30.188334047454234,25.367711022500522,43.4053180475453,42.051783549741515,41.19736893350873,6.877392944526488,6.3772641434606605,6.318982896807109,6.4812549864046485,23.96607971501661,17.811574009746288,6.065383427799888,14.11118744465998,8.966762336128978,27.637616321248604,16.48446353525428,20.081270204352165,10.54792761525505,7.812509955090556,4.11717410392649,4.532983758603418,2.0590444571983557,1.384658795072245,39.38292680501103,44.10103230383881,49.99342041168416,68.16183050320873,83.00696127208688,78.75037133146043,56.61362943327098,49.273987072650144,46.94656213316758,48.16439478307814,49.022833639574046,32.06912132295213,12.547040404950241,39.92702492962072,37.71306204820219,26.742734193002875,25.652512418287515,34.297411909063946,30.982523712265664,29.63941835189339,26.627006709513537,22.00631951585167,26.021231499945635,19.704767301335774,27.248260614649283,17.198337668695576,35.4009975001393,18.674612344759375,35.502022258736986,15.317154124040618,11.30231570905927,42.50254534979381,39.67721758474242,31.810763067116547,27.220513463440504,30.043715779799268,33.75058052461159,32.2370511968231,30.907302515791816,10.072296448360259,8.51639875078477,3.1362659339704044,6.400626415449416,3.697690553491847,1.7141135511782928,1.5886477399489027,40.81992904458123,31.30667946010296,33.063334026931216,29.089234612146072,20.696813386642155,18.605618569264514,11.246242789883095,39.24507629009933,41.20026547061107,41.26391682669759,40.62533908909721,36.772915686972766,30.430510344546658,26.851262416790245,24.224298256325348,13.558605763208105,20.070063509139096,13.54472642061619,11.735325888352774,8.064491427997659,24.78648529649346,14.116005264623274,7.995999694215825,11.7496427471663,12.742127174322379,11.587121972868985,42.69313683183505,38.33245855458972,32.251867898208744,26.92564092445656,20.04715818044219,15.75565331190067,19.71185601882864,18.858576107637457,18.442965046704114,10.244020487949207,11.213540075926886,26.52154231010145,42.05530877711877,31.955689678064278,36.989327672994854,38.82284489254488,50.99447892328939,48.277680872024185,40.77553824248793,52.33784474323347,46.73623109039457,45.8176053928214,45.43525268964953,39.860114222135834,10.80670790110741,6.428234373147761,9.962479271702621,9.527950061707612,8.402982289403816,9.14486854732433,7.6901604238565575,8.062053648578205,7.239497453551915,32.41902009519358,29.59854144782639,24.89260488150453,11.0451563327379,14.446645679229215,5.972442004380146,22.878759518350186,18.670234832464477,8.827588073324911,6.590604084357579,7.042099177139575,7.519815882545251,6.8991137002121485,7.334379552166863,31.485949304902334,29.656916973825755,26.285650812134396,24.8579923241413,28.33605963161848,27.72453832094415,36.71125123743185,76.36981237465564,7.5901734495211945,7.162193151553874,4.264352437739485,3.355782912250638,44.886499053194164,43.49849513669062,44.38270773463165,33.147222574018585,31.63774855441008,29.036277490401844,15.955323971852048,19.266311061497976,9.5700844305218,8.014412685579263,6.273226075993937,4.996465052399039,4.332565266191493,46.55960481209212,51.047980042187554,37.899033437310976,38.856631079245716,31.979837697461946,29.768491108591768,29.539671573619454,28.832898503881577,43.041358941655716,42.09627175337825,41.172210982750144,28.98210223248056,28.75279547736984,24.929277221659046,18.62340746150545,27.969330158761288,38.63649748940021,35.35483292163716,32.561221638167986,38.43270055839159,17.927390159144213,4.187184550225403,14.529151452644411,16.477624049246465,13.130752274570224,18.42883100886108,18.576642884199604,9.566963601763362,7.4500992448426455,5.114570789150693,3.168173142306564,2.2567818337594736,45.87436059860974,36.22295346281837,25.964086504840342,29.862740966428262,13.459496995080062,9.023587349863451,6.9587761418425105,3.1361513150436333,6.7470203896942955,6.777922443352947,33.05532562902109,31.935246106268075,48.44460600342767,32.32078967041525,34.65286107262354,13.234924054778709,41.090496781144424,49.500715104195976,36.773426392553915,81.15067976526869,72.84781251546156,56.79106796580719,51.97675085896827,48.9649244737096,33.650171393940695,27.810364884704835,27.693615874059134,29.51987713803141,27.4906566609823,17.1222761925833,31.93792865993991,31.01559733872014,28.157901837218354,18.89372199414956,25.118020528474297,24.38656656275985,20.153609696411515,15.621895807681002,29.804266270848984,39.954881185871194,32.16398725196156,37.40018307873726,42.06467717914075,32.78085908205248,38.27438554775144,37.349671655577616,32.25780251984709,26.52688765486678,25.951871356290788,37.365380837512944,38.599305275460544,40.48492623050065,43.21857108154759,30.299411515482703,27.233067929419228,30.325720732194593,16.683896264392516,21.305760183237258,13.638173776334158,8.700726105721136,6.565497015639174,4.210076435893194,3.2059031309967665,2.5455747115146137,56.631903910038346,74.24067128497865,63.24570796494776,37.95889115597148,54.95505822435862,52.55882553158014,44.76339680330871,50.32413862521996,48.13418759885537,25.527022832943373,44.0657347933881,41.81624761988905,31.284241230139365,28.154114067640393,22.5297240131031,17.96104281104142,37.24861742093668,33.77481219974015,27.08549663808492,27.103948814387667,29.325360311156857,27.213441466543813,25.65534786023087,10.888809402272875,25.275794673515776,41.18165267710195,22.63585593735946,13.174331277752774,14.932040531011092,18.7705811460101,17.672285236737693,16.744007010124143,14.491227686797801,13.735469407190424,25.273431826918248,24.85835657238717,24.659215560112745,19.14955736199326,14.233650998507585,8.069542052872077,5.016696484813785,5.614673896008262,3.153120347904472,3.8756236607431864,1.9465359746347077,13.242558433987053,9.925182214270468,14.06466531985859,13.701221494828902,12.781316823601598,19.00070204865237,23.08163764419754,21.48918273380217,25.68496533740213,13.04356944546829,14.29159752040038,46.255798620758156,52.865102215900805,55.280041201954205,43.243604487759114,49.39857784458716,41.74191421158479,41.95234289419449,36.34335144493365,38.55652964475164,5.805072792821647,8.788640287839282,10.558240829206442,19.867741297156368,17.16063611289014,7.3894780253856815,8.274349202156994,26.572057237689457,27.442995027713213,35.56868625412195,41.20677604324329,33.24891925395435,41.25238078745684,54.60982362466579,50.64667782457602,61.388415361401016,61.30550094262714,53.90519379978927,6.977538657433259,41.20052039285639,38.49766919338299,33.00884057033481,27.317864028944665,19.299851803553164,39.61342667066428,36.528748537036606,31.038131187393265,25.92193887493929,19.342923727842084,15.210583312646861,17.04205016345344,16.099951975522234,11.824558792660172,11.683255613880062,11.429965969980296,7.607840170359844,10.757284157560175,10.530241058575113,9.154671412967113,9.495421611101794,8.653698213061888
2018-07-18 00:00:00,31.133948185410716,24.754255115209293,24.282368727192736,8.32579346251852,3.8609955665993354,5.861738523783529,5.852984734149697,12.645614464197875,13.43821922164149,19.091269543100832,18.142934275136188,21.29721871413456,18.85101381433219,20.926423489105836,25.08119306270593,26.29619246720428,6.550988906584965,10.895650631791185,5.307607878093888,6.143368003393277,4.965735017887453,5.13037691814449,1.9694280332533147,2.510006212700249,4.689328279456591,2.7602756850505705,4.129963888867033,1.3637253528091011,4.096987327656897,1.5627433607492103,6.015654430403538,7.34923876966969,7.82079295709296,5.013932454532318,5.7689086063817765,5.748475340619534,7.237704727371531,6.981459967509365,6.694844481896657,6.3305552930844,6.489621644803953,4.71673327796352,3.576282020504297,4.278342089493786,8.542260870825647,8.202140620124547,8.08657279804625,0.10012275038541629,0.5054619296166181,0.0601080157676687,0.05608535959454816,10.067327515473728,13.009087776520758,7.239217219014208,12.745490144828128,4.701883656439649,21.716928683196382,28.430343580635757,26.390692063405808,37.58736453939958,28.937586001516706,26.858089622693125,32.28650254090613,21.829171510485168,19.66623949269294,4.818678943401242,5.132208614410283,5.270853378938568,6.922912325739737,8.359246623683665,8.283909058772448,6.515075005240789,7.56442372107746,5.292176278052219,8.35076732078192,7.027586399149348,6.804001723655076,4.57330079051404,11.5916714577172,10.360808911218385,7.898736403726949,4.874417906237186,5.936564767906505,4.47871526925029,4.462807041356125,3.760343457157696,3.3314786319354512,5.024108105011408,2.38821298775309,4.4603272048221285,1.1188602734812472,4.434268899280236,0.8299726518565721,4.446497143088386,1.1589100050683538,0.512958477955869,6.212195802625799,5.410697870720104,6.981576846469217,7.421596494730714,5.105078951033993,5.543638302259709,5.917755880406481,5.241830457123574,2.3083513872908936,20.769096613054288,14.621164443034404,17.736079806764117,12.364273211771478,9.803690476201156,7.328206997651215,4.485675431746142,19.21556914325585,22.359391862764117,26.569109164019032,26.75185755680059,24.574626932618507,18.9452082989805,6.348828248795637,7.7581028560173415,7.895459825543094,7.65317378291725,7.79540079665461,6.374623354224396,4.971321761974907,4.505661424480578,2.074668558897323,3.060451597844571,2.7780895800501524,3.4891549706136544,3.2089517808214945,3.532743833256613,0.4315460156940773,0.1285559188012634,0.16434984023711563,0.08767470204984326,0.06247150403425202,7.573803673060035,6.867010537734375,6.016905908579044,5.6108261621498405,4.1666487033964525,4.159269743297816,4.899422719057641,3.6053571006004503,3.204723656275223,0.08808221921299018,0.929312446659888,5.543129293346835,4.644397424699338,4.644265293687731,4.41884551239155,6.5187453629108045,7.095541034215117,6.758767711413549,6.29434824268908,7.46903229100573,6.716171254975363,6.196948815716937,6.038275575175358,5.843440943134511,0.24217976792049856,0.09282296133440027,0.16735311239744688,0.11929081415496702,0.07498986700874041,0.394176378399695,0.4116441869183913,0.636865577211931,0.7034271843534035,6.940171451112958,6.1046331538033245,5.7841425255246275,2.1677451923439954,4.9850727054027,0.08207852417489359,5.9575324250833095,5.512491616194832,0.14436452214392012,0.06532539434534106,0.06724956311473543,0.08540926188284677,0.39501908076461784,0.11185049742010696,4.022572507955743,4.023429417208189,4.026541849687285,3.560676236097913,6.23827860216692,6.903105296056054,5.380302038239869,7.7426918147690635,30.468283432702798,33.81975136131491,37.27362803668972,36.886651877101606,12.176075081434979,10.5066855370588,17.83319615656628,19.51307462245514,16.20099002141772,14.432897377703387,11.519370539322411,11.403052002445278,23.089243201885587,19.2711026581619,9.05448551831048,6.6630891436247675,5.765554438790513,6.01921627702259,7.218929272392396,6.350023296945141,4.776155559601294,3.9190313010825015,3.550303565053354,4.395066585212016,4.462745045104606,8.519221806621886,8.31539438499514,8.191300793021883,3.897250222357561,3.4919372870061958,5.322074163558664,5.072652263058767,6.25966678512406,5.406812121164996,6.295581372939897,6.460755207804701,5.143616911798545,3.650198492752345,1.2954741271873975,1.745096240075658,1.027030369476541,2.1503169795067922,26.50162386346256,26.689951564178266,34.21826612998365,31.688659429766307,39.135135869118294,33.86199342346482,32.06283950805326,14.417192079910489,14.619598183081079,18.33630109520724,15.180421314659732,13.029332390221107,14.92779109688912,9.77208586472388,9.818172785015111,4.965192245463588,3.745951468133679,4.046314068684074,4.043888874791447,4.752683670720929,4.360998909223149,4.514556235089466,1.6483823801403878,5.262600493571454,6.026055931376651,5.404889163704185,8.025716417923409,7.620040786576876,9.219468289360275,9.14451190305231,10.907492547915494,11.436018644156475,3.567209808647817,3.224580046358725,5.775868096305832,5.452556278756436,2.3074528942398214,4.885956065751224,4.141734481112239,4.163317774756576,3.8077770645685094,2.05430309850896,1.3522415226287672,1.3301713330084204,1.6810273439672696,6.642020998098147,6.077692089947682,6.67972163281601,4.897641437389887,5.440592082167386,6.404669528851704,6.357102089055665,5.750263036630139,4.55042791053138,5.19657360690346,5.109399923213518,4.4854907733210805,4.5743411101831235,4.656906303100665,4.7631358255202265,4.046209543745524,23.608588356922724,4.124362438557951,11.306692224211115,24.726122003111136,33.62029262187513,30.494513104546783,29.337402047335228,28.687993209294397,21.559928148895338,19.0260257701676,7.15866163973158,7.744882621925337,8.114759921092547,5.3095386241033005,7.459891431703228,6.909612042218826,5.2241919283292635,10.138044879689168,9.606295873859716,11.47235916855158,8.847361673911394,8.514485903792888,8.044264401428041,7.418941997803215,6.52985312325231,4.525584752765549,6.679180432264497,5.407190366134633,5.0037617629790665,5.971656789398134,4.963501907815177,5.519983953497783,4.8113728241713964,2.50596912823446,4.852384398694869,6.616185697212504,2.8397882701964328,0.39344563147886535,0.4551219081995477,0.5821735440444423,0.5817206867731552,0.562508474382089,0.8585394105227981,0.9794408186118333,24.14253837970694,24.05424517082683,24.26818789121448,30.003397644620332,30.113207209406443,27.42622283427608,21.69984671574459,25.596983593774834,19.603379021956002,10.047104794606405,8.837845688918005,0.3017076124288386,0.19252803464528537,0.16991502072589712,0.5876543093476775,0.9010677358799888,4.0902955059552015,5.176608268665897,4.473661025317186,3.7552915367419746,0.36561906866356303,0.3987704223759139,6.4298394338371,6.551464891537574,8.500574208887357,7.858987680930259,8.477920653062142,8.00211351161542,7.928830737096867,6.519480245905905,6.696723925555642,2.7142721783626955,3.21195363536836,6.962907075511308,3.259769882218135,2.7887290336101027,2.018610150895026,3.495414180701,5.335697806022019,4.669108349778893,4.334262416530337,4.601523590720735,4.097255549426893,6.205552258452569,6.960427755338581,6.58964831281792,6.931275981830222,7.405629246135544,6.075693727503988,2.7985958499327275,7.024516614029423,6.40316641024244,5.716583421094195,5.352985803118472,4.504608010715045,7.221357842411083,6.856334682588795,6.138855513553969,5.744842404079582,5.727508877330269,4.476685096667244,4.69141794914871,4.098864601119493,0.29328774589532725,0.2741248124265469,0.24330124696436156,0.10299766207280397,0.13680228565672775,0.07596785562070513,0.2643134045660888,0.07303531367349717,0.7163470452734968
2018-07-18 01:00:00,1.862194709195406,3.6503596420798696,3.924773865049473,4.802386019390088,3.154172177476579,0.2850412550267457,0.2425101715181705,1.60739717518512,0.47362907558689643,0.8147987489805677,1.3860085592848117,1.680284714446053,1.1495213936275026,6.201517949497,8.157512296770467,8.283635020947212,3.227095622052004,6.070531522569449,0.0,0.4965935231649805,0.7341664781468151,1.0531672484665584,0.8393203986784534,1.0137939512100673,0.7509456087733886,0.0,0.2041423923067973,0.9484607616078464,0.2608281463615157,0.24726714245628842,0.318939052068955,0.32312932585632004,0.34384481429716185,0.5380549529146416,0.3615085575592784,0.24711423592568837,0.0,0.0,0.0,0.0,0.0,0.0,0.0,0.0,0.0,0.0,0.0,0.9505398139230743,0.7904061638738382,0.901501273257564,0.8867037750687076,2.6999978809757526,4.951723232874629,5.506933686771841,4.725254826399905,3.455582532037605,1.180370612559507,1.5055076669349292,2.0424530673172407,2.4364201417805513,2.083724428375456,2.728235989424115,3.28456870861333,5.022819189841506,5.319275514955921,0.23373743110649473,0.21067263078937096,0.16577702410830114,0.0,0.0,0.0,0.0,0.6915823701233981,0.0,0.26792149963375034,0.23602362116779418,0.49500276215318423,0.8859317375692758,1.7774587614539343,0.22500009867542814,3.63706519562788,0.0,0.0,0.0,0.0,0.21857572378709636,0.5420206617899397,0.2088117908350444,0.6821671564108328,0.0,0.2081734751610247,0.2909044146062445,0.8243786465704852,0.2535419307354273,0.8204179373362864,0.8070255665267467,0.8156079955165416,0.9089235725638889,0.3624053139750206,0.07798946613469614,0.39947735457660155,0.3689456422811589,0.1802979189141716,0.15963242895484198,0.16402627807407125,4.657564056192237,2.8727835179128034,6.969100833108767,3.7580279355343222,3.9055582009851157,4.795358929781066,0.4076200873662445,1.4382614844735162,2.3287631277398995,2.291291844754476,2.149391589183093,3.2820259278351216,1.4298975276729995,0.0,0.0,0.0,0.0,0.2785872870872787,0.5327511783661503,0.0,1.1473045948002938,1.3445192733988889,0.0,0.20897791470190913,0.2871855787024132,0.35221010583089085,0.3294882826767842,0.3898873064668802,0.7763484007723341,0.727562964519033,0.8974347618756877,0.8756200510931175,0.9372290270063878,0.9621323984946613,0.9170802178662459,0.7330304853570414,0.16637495408747674,0.7066388882149869,0.46801560214713467,0.38335728735660163,0.29646370194946225,0.7746002847766446,0.46956877099340577,0.24155603602131032,0.564153626672562,0.43872075943274963,0.4340793609575622,0.0,0.0,0.0,0.0,0.0,0.0,0.0,0.0,0.0,0.6754561885467607,0.8062569197895454,0.763072211641435,0.8198384506152587,0.9378113791924995,0.7946102398073783,0.8025475902768062,0.7816356980660057,0.6996953157131129,0.8724794811850247,0.9460326276821192,0.863709459124228,0.14809870367150718,0.8647490972875539,0.8321216041795181,0.8678233722693406,0.9000534249670871,0.7987705226669185,0.9124793351674002,0.9434518489474855,0.9552297324491336,0.8219731896242406,0.8841522842291518,0.40810370159507225,0.30695698192532894,0.11856532325172181,0.1967446210537038,0.22788434323232368,0.24292748656614477,0.29176919456350153,0.1843581609442507,2.8788581541525144,2.3862464946941793,2.8290177729769392,3.7260206063654553,1.4348816705004266,0.1887797680773206,1.8599669920561377,2.0365869182607583,1.526588821998582,1.2839331154343618,4.377284300645008,3.151094382055616,9.116231023883486,6.972136718237068,5.366028441621662,5.375494224548906,4.20320354594544,0.12931168524217374,0.0,0.0,0.0,0.0,0.0,0.0,0.0,0.0,0.0,0.0,0.8423202275495442,0.6124865384364432,1.0116903798176649,0.8497254432605117,0.2918478357408335,0.6246849119469109,0.36068952264751314,0.2042823130530033,0.44785759700696337,0.26924284873079163,0.26882869551646277,0.22484577349418558,0.7982121368360382,0.20575951389217204,1.272339582964824,1.959242004706292,2.5279722012747694,2.2476808044414804,3.0543593923424717,3.726355043789961,4.446813722004157,1.0862091172491937,1.1198265720483231,3.0478044830619737,4.364088262122332,3.93812692931671,8.62992459427582,6.527903703132996,4.627017797196912,4.9496579381876735,3.4669418418460376,0.48217790465773247,0.4208805571459847,0.7265019513848427,0.15700698900441545,0.14548520459365516,0.5782996901164634,0.1548315310129248,0.20037124921796948,0.22239602969083494,0.0,0.0,0.5821131311248969,0.3917725232546773,0.9729442892390062,1.2757775938888796,0.0,0.0,0.0,0.0,0.0,0.0,0.4506215106375904,0.16880791953891572,1.0012567199179618,0.1709459807772053,0.18395534673575495,0.5673324119941118,0.5399384518977546,0.35669107157999025,0.6795327192494635,0.3728807012019132,0.5350698518406212,0.4051802292458671,0.1338877906364628,0.10908513427425168,0.09796277992712728,0.0,0.2334804466258599,0.20414020243453757,0.3748473840654054,0.3491419758999575,0.316176731673071,0.27346027011727575,0.21498232687491567,1.7826655791170425,0.1551165809068272,0.7755299124245674,2.040083292000821,2.063846134388887,2.6571126578106052,3.122024265489718,3.882788941712932,5.165374331931174,6.074512273275416,0.0,0.0,0.35560770721180623,0.48281834016878505,0.0,0.0,0.0,0.3081013125268759,0.12020305189272808,2.1008371670195625,0.8555235133434546,1.3837164545436016,1.6154668581762976,1.8632160685450991,2.302961637623265,2.1720455116297623,0.6502987615146076,0.8739846067723771,0.5207863774626138,0.11340709280836436,0.5728809081426025,0.2641277795696782,0.22808566890796259,0.20437674516027504,0.0,0.8050673136428803,0.2805422131047094,0.380213348231939,0.4278920798318514,0.551954448293004,0.6233342545321574,0.8173203385718869,0.8504592327871863,0.7768507472021959,0.8617706069096722,1.5438456711269022,1.45142076339477,1.6251156890996274,2.0135847966768385,2.109122792636886,2.1712911549189116,5.791778649740287,5.06773844728139,4.484527260907428,4.387020619352133,0.5529188072085951,0.7996707141066258,0.7847975744037403,0.6969491921689747,0.551985989806285,0.4662592271064058,0.360881758459005,0.30379402540295225,0.2939373604404413,0.4344068982545862,0.4935591686269773,0.0,0.0,0.0,0.16086913322960122,0.0,0.0,0.640458256041977,0.5915331543604538,0.13979315255653882,2.6535335499798833,3.0606614430735126,2.066538038700217,0.24792478473568216,0.35583016407179374,1.2271870874023252,0.8090567079266207,0.23612559087412036,0.0,0.45094311388334657,0.41294231803222403,0.3525626540110114,0.0,0.0,0.0,0.0,0.0,0.0,0.5671639658849227,0.8458635798619185,0.9407980580591795,0.8889625953335718,0.6313847628589759,0.7069609177798539,0.9734723464780883,0.9664252667277047,0.9369933072807601,0.8142253251103537,0.7743834038656727,0.8049675618773654,0.5754792625480055,0.4576986223334895,0.6126553676013463,0.6338483468002161,0.6662563627571843,0.8186956366292147,0.7872708536270089,0.8637324114679481,0.8519173314694335,0.8125877088291342,0.7536054727271058
2018-07-18 02:00:00,0.37690901959769335,0.2497916195202634,0.24143433211219917,0.0,0.0,0.0,0.0,0.0,0.0,0.0,0.0,0.0,0.0,1.6167489305370406,0.4537912652851714,0.3261858308891464,0.0,0.0,0.0,0.0,0.0,0.0,0.0,0.481552126824782,0.0,0.0,0.0,0.0,0.0,0.0,0.0,0.0,0.0,0.0,0.0,0.0,0.0,0.0,0.0,0.06623175897695291,0.0,0.21865124519943663,0.2654922423549292,0.3294932144087703,0.0,0.0,0.0,0.0,0.0,0.0,0.0,0.24846550150270144,0.0,1.5572286825717576,0.0,0.0,0.0,0.13787259129544135,0.3086748871209471,0.16130483264039777,0.2953095857954276,0.35412256345607696,0.2613438759031647,0.3015511280663524,0.17304054782827344,0.0,0.0,0.0,0.0,0.0,0.0,0.0,0.0,0.0,0.0,0.0,0.0,0.21826483002460575,0.6259826288835152,0.0,0.9925504983687495,0.43966483333778134,0.0,0.0,0.0,0.0,0.0,0.0,0.0,0.0,0.0,0.0,0.0,0.0,0.0,0.0,0.0,0.0,0.0,0.0,0.0,0.0,0.0,0.0,0.4176847419708765,1.8714664929326075,0.0,0.0,0.0,0.16517082813989134,0.0,0.0,0.0,0.0,0.0,0.0,0.0,0.0,0.0,0.0,0.0,0.0,0.0,0.0,0.0,0.0,0.0,0.0,0.0,0.0,0.0,0.0,0.0,0.0,0.0,0.0,0.0,0.0,0.0,0.0,0.0,0.0,0.14985446320408383,0.0,0.31792810090362633,0.45146190348118376,0.0,0.0,0.0,0.0,0.0,0.0,0.0,0.0,0.0,0.0,0.0,0.0,0.0,0.0,0.0,0.0,0.0,0.0,0.0,0.0,0.0,0.0,0.0,0.0,0.0,0.0,0.0,0.0,0.0,0.0,0.0,0.0,0.0,0.0,0.0,0.0,0.0,0.0,0.0,0.0,0.0,0.0,0.0,0.0,0.0,0.0,0.6146961552683452,0.5308683656100702,0.6731183872247761,0.8116651367097251,0.0,0.0,0.0,0.0,0.0,0.0,1.9265804124992316,0.0,1.0940721946432117,0.0,0.940399299420931,0.0,0.0,0.0,0.0,0.0,0.23136010546001365,0.2963183177955107,0.35923885394675437,0.3715047014483817,0.42074832913347754,0.0,0.0,0.0,0.4001021080860335,0.0,0.0,0.0,0.0,0.0,0.0,0.0,0.0,0.0,0.0,0.0,0.0,0.0,0.0,0.33248264080119855,0.35101147598368077,0.4301897829700168,0.4673998005052448,0.527831350343358,0.2921331165848145,0.0,0.0,0.0,0.0,0.39630503108862125,2.132727712894959,1.667729079848162,0.1868185157067787,0.11901074854834416,0.0,0.0,0.0,0.0,0.0,0.0,0.0,0.0,0.0,0.0,0.0,0.0,0.0,0.0,0.0,0.0,0.38875477260274627,0.4572436273254802,0.0,0.3257559951221368,0.23978241388373417,0.0,0.0,0.0,0.0,0.0,0.0,0.0,0.0,0.0,0.0,0.0,0.0,0.0,0.0,0.0,0.0,0.32195398657215435,0.0,0.0,0.0,0.0,0.0,0.0,0.0,0.0,0.0,0.0,0.2564333173728569,0.0,0.21754399340209066,0.23349396050409882,0.0,0.0,0.0,0.0,0.0,0.0,0.0,0.0,0.0,0.0,0.0,0.0,0.0,0.0,0.0,0.13305380094336938,0.0,0.0,0.0,0.0,0.0,0.0,0.0,0.0,0.0,0.0,0.45639934382043307,0.42619469677671734,0.0,0.0,0.0,0.0,0.0,0.0,0.0,0.0,0.0,0.0,0.0,0.0,0.0,0.0,0.0,0.0,0.4488550333296057,0.0,0.294976363237762,0.0,0.0,0.0,0.0,0.0,0.0,0.1694034477834933,0.0,0.0,0.0,0.0,0.0,0.0,0.0,0.0,0.0,0.0,0.0,0.0,0.0,0.0,0.9503860304182213,0.8841862706593363,0.0,0.0,0.0,0.0,0.0,0.0,0.0,0.0,0.0,0.0,0.0,0.0,0.0,0.0,0.0,0.0,0.0,0.0,0.0,0.0,0.0,0.1320867704780782,0.0,0.0,0.0,0.0,0.0,0.11537455951519855,0.0,0.0,0.0,0.0,0.0,0.0,0.0,0.0,0.0,0.0,0.0
2018-07-18 03:00:00,0.0,0.0,0.0,0.0,0.0,0.0,0.0,0.25260074394883897,0.0,0.0,0.0,0.356953450902447,0.0,0.06425862953762854,0.0,0.0,0.0,0.0,0.0,0.0,0.0,0.0,0.0,0.025344848780251682,0.0,0.0,0.0,0.0,0.0,0.0,0.0,0.0,0.0,0.0,0.0,0.0,0.0,0.0,0.0,0.0,0.0,0.0,0.0,0.0,0.0,0.0,0.0,0.0,0.0,0.0,0.0,0.0,0.0,0.08195940434588198,0.0,0.0,0.29766586502758086,0.0,0.2878692152512597,0.0,0.0,0.0,0.0,0.0,0.0,0.0,0.0,0.0,0.0,0.0,0.0,0.0,0.0,0.0,0.08930716654458344,0.07867454038926472,0.1650009207177281,0.15362990005097943,0.18614665261288935,0.0,0.052239499914144706,0.0,0.0,0.0,0.0,0.0,0.0,0.0,0.0,0.0,0.0,0.0,0.0,0.0,0.0,0.0,0.0,0.0,0.0,0.0,0.0,0.0,0.0,0.0,0.0,0.08862465469284717,0.0,0.0,0.0,0.0,0.0,0.0,0.0,0.5387924371137979,0.4887461602731633,0.3097219684941437,0.0,0.0,0.0,0.0,0.0,0.0,0.0,0.0,0.0,0.0,0.0,0.0,0.0,0.0,0.0,0.0,0.0,0.0,0.0,0.0,0.0,0.0,0.0,0.0,0.0,0.0,0.0,0.0,0.0,0.0,0.0,0.0,0.0,0.0,0.0,0.0,0.0,0.0,0.0,0.0,0.0,0.0,0.0,0.0,0.0,0.0,0.0,0.0,0.0,0.0,0.0,0.0,0.0,0.0,0.0,0.0,0.0,0.0,0.0,0.0,0.0,0.0,0.0,0.0,0.0,0.0,0.0,0.0,0.0,0.0,0.0,0.0,0.0,0.0,0.0,0.0,0.0,0.0,0.0,0.0,0.2357907927866359,0.0,0.6199889973520458,0.594492826612498,0.38654182826970074,0.0,0.10139896907890691,0.0,0.057582747086484816,0.0,0.04949469996952268,0.0,0.0,0.0,0.0,0.0,0.0,0.0,0.0,0.0,0.0,0.0,0.0,0.0,0.021058005688738606,0.0,0.0,0.0,0.0,0.0,0.0,0.0,0.0,0.0,0.0,0.0,0.0,0.0,0.0,0.22649608650602934,0.0,0.0,0.0,0.0,0.0,0.36206970574973124,0.2774551952793946,0.0,0.0,0.0,0.11224882699447152,0.07806105328185431,0.0,0.006263723607807587,0.0,0.0,0.0,0.0,0.0,0.0,0.0,0.0,0.0,0.0,0.0,0.0,0.0,0.13059084108489244,0.24361924071755459,0.37168590528975437,0.0,0.0,0.0,0.0,0.0,0.0,0.0,0.0,0.0,0.0,0.0,0.0,0.0,0.0,0.0,0.0,0.0,0.0,0.0,0.0,0.0,0.0,0.0,0.0,0.0,0.0,0.0,0.0,0.0,0.3825954678872277,0.0,0.20195556966168782,0.3526104243157324,0.0,0.0,0.0,0.0,0.0,0.0,0.0,0.0,0.0,0.0,0.0,0.0,0.0,0.10270043750895863,0.04006768396424269,0.21359095721951843,0.0,0.0,0.0,0.0,0.0,0.0,0.0,0.0,0.0,0.0,0.0,0.0,0.0,0.0,0.0,0.0,0.0,0.0,0.0,0.0,0.0,0.0,0.0,0.0,0.0,0.0,0.0,0.0,0.1088832590570813,0.0,0.0,0.0,0.0,0.0,0.0,0.0,0.0,0.0,0.0,0.0,0.0,0.0,0.0,0.0,0.0,0.0,0.0,0.0,0.0,0.05362304440986707,0.0,0.0,0.0,0.0,0.0,0.0500203173904327,0.04653611950838612,0.0,0.0,0.0,0.0,0.0,0.0,0.0,0.0,0.0,0.0,0.0,0.0,0.0,0.0,0.0,0.0,0.0,0.0,0.0,0.0,0.0,0.0,0.0,0.0,0.0,0.0,0.0,0.0,0.0,0.0,0.0,0.0,0.0,0.0,0.0,0.0,0.0,0.0,0.0
2018-07-18 04:00:00,0.0,0.0,0.0,0.0,0.0,0.0,0.0,0.0,0.0,0.0,0.0,0.0,0.0,0.0,0.0,0.0,0.0,0.0,0.0,0.0,0.0,0.0,0.0,0.0,0.0,0.0,0.0,0.0,0.0,0.0,0.0,0.0,0.0,0.0,0.0,0.0,0.0,0.0,0.0,0.0,0.0,0.0,0.0,0.0,0.0,0.0,0.0,0.0,0.0,0.0,0.0,0.0,0.0,0.0,0.0,0.0,0.0,0.0,0.0,0.0,0.0,0.0,0.0,0.0,0.0,0.0,0.0,0.0,0.0,0.0,0.0,0.0,0.0,0.0,0.0,0.0,0.0,0.0,0.0,0.0,0.0,0.0,0.0,0.0,0.0,0.0,0.0,0.0,0.0,0.0,0.0,0.0,0.0,0.0,0.0,0.0,0.0,0.0,0.0,0.0,0.0,0.0,0.0,0.0,0.0,0.0,0.0,0.0,0.0,0.0,0.0,0.0,0.0,0.0,0.0,0.0,0.0,0.0,0.0,0.0,0.0,0.0,0.0,0.0,0.0,0.0,0.0,0.0,0.0,0.0,0.0,0.0,0.0,0.0,0.0,0.0,0.0,0.0,0.0,0.0,0.0,0.0,0.0,0.0,0.0,0.0,0.0,0.0,0.0,0.0,0.0,0.0,0.0,0.0,0.0,0.0,0.0,0.0,0.0,0.0,0.0,0.0,0.0,0.0,0.0,0.0,0.0,0.0,0.0,0.0,0.0,0.0,0.0,0.0,0.0,0.0,0.0,0.0,0.0,0.0,0.0,0.0,0.0,0.0,0.0,0.0,0.0,0.0,0.0,0.0,0.0,0.0,0.0,0.0,0.0,0.0,0.0,0.0,0.0,0.0,0.0,0.0,0.0,0.0,0.0,0.0,0.0,0.0,0.0,0.0,0.0,0.0,0.0,0.0,0.0,0.0,0.0,0.0,0.0,0.0,0.0,0.0,0.0,0.0,0.0,0.0,0.0,0.0,0.0,0.0,0.0,0.0,0.0,0.0,0.0,0.0,0.0,0.0,0.0,0.0,0.0,0.0,0.0,0.0,0.0,0.0,0.0,0.0,0.0,0.0,0.0,0.0,0.0,0.0,0.0,0.0,0.0,0.0,0.0,0.0,0.0,0.0,0.0,0.0,0.0,0.0,0.0,0.0,0.0,0.0,0.0,0.0,0.0,0.0,0.0,0.0,0.0,0.0,0.0,0.0,0.0,0.0,0.0,0.0,0.0,0.0,0.0,0.0,0.0,0.0,0.0,0.0,0.0,0.0,0.0,0.0,0.0,0.0,0.0,0.0,0.0,0.0,0.0,0.0,0.0,0.0,0.0,0.0,0.0,0.0,0.0,0.0,0.0,0.0,0.0,0.0,0.0,0.0,0.0,0.0,0.0,0.0,0.0,0.0,0.0,0.0,0.0,0.0,0.0,0.0,0.0,0.0,0.0,0.0,0.0,0.0,0.0,0.0,0.0,0.0,0.0,0.0,0.0,0.0,0.0,0.0,0.0,0.0,0.0,0.0,0.0,0.0,0.0,0.0,0.0,0.0,0.0,0.0,0.0,0.0,0.0,0.0,0.0,0.0,0.0,0.0,0.0,0.0,0.0,0.0,0.0,0.0,0.0,0.0,0.0,0.0,0.0,0.0,0.0,0.0,0.0,0.0,0.0,0.0,0.0,0.0,0.0,0.0,0.0,0.0,0.0,0.0,0.0,0.0,0.0,0.0,0.0,0.0,0.0,0.0,0.0,0.0,0.0,0.0,0.0,0.0,0.0,0.0,0.0,0.0,0.0
2018-07-18 05:00:00,0.0,0.0,0.0,0.0,0.0,0.0,0.0,0.0,0.0,0.0,0.0,0.0,0.0,0.0,0.0,0.0,0.0,0.0,0.0,0.0,0.0,0.0,0.0,0.0,0.0,0.0,0.0,0.0,0.0,0.0,0.0,0.0,0.0,0.0,0.0,0.0,0.0,0.0,0.0,0.0,0.0,0.0,0.0,0.0,0.0,0.0,0.0,0.0,0.0,0.0,0.0,0.0,0.0,0.0,0.0,0.0,0.0,0.0,0.0,0.0,0.0,0.0,0.0,0.0,0.0,0.17228119867371952,0.26585716092511613,0.0,0.3522956706458179,0.5335796394874062,0.5662407117352235,0.0,0.0,0.0,0.0,0.0,0.0,0.0,0.0,0.0,0.0,0.0,0.0,0.0,0.0,0.0,0.0,0.0,0.0,0.10708919403700161,0.0,0.0,0.0,0.0,0.0,0.0,0.0,0.0,0.0,0.0,0.0,0.0,0.0,0.0,0.0,0.0,0.0,0.0,0.0,0.0,0.0,0.19932385625366353,0.0,0.0,0.0,0.0,0.0,0.0,0.0,0.0,0.0,0.0,0.0,0.0,0.0,0.0,0.0,0.0,0.0,0.0,0.0,0.0,0.0,0.0,0.0,0.0,0.0,0.0,0.0,0.0,0.0,0.0,0.0,0.0,0.0,0.0,0.0,0.0,0.0,0.0,0.0,0.0,0.0,0.3580417529864911,0.0,0.0,0.0,0.0,0.0,0.0,0.0,0.0,0.0,0.0,0.0,0.0,0.0,0.0,0.0,0.0,0.0,0.0,0.0,0.0,0.0,0.0,0.0,0.0,0.0,0.0,0.0,0.0,0.0,0.0,0.0,0.0,0.0,0.0,0.0,0.0,0.0,0.0,0.0,0.0,0.0,0.0,0.0,0.0,0.0,0.0,0.0,0.0,0.0,0.0,0.0,0.0,0.0,0.0,0.0,0.2013630427026425,0.0985929214501097,0.0,0.09114746825213065,0.0,0.0,0.0,0.0,0.0,0.0,0.0,0.0,0.0,0.0,0.0,0.0,0.0,0.0,0.0,0.0,0.0,0.0,0.0,0.0,0.0,0.0,0.0,0.0,0.0,0.0,0.0,0.0,0.0,0.0,0.0,0.0,0.0,0.0,0.0,0.0,0.0,0.0,0.0,0.0,0.0,0.0,0.13718013642306565,0.0,0.2320402868742679,0.32974395065640977,0.0,0.2952187258057987,0.3419586691481149,0.0,0.0,0.0,0.0,0.0,0.0,0.0,0.0,0.0,0.0,0.0,0.0,0.0,0.0,0.0,0.0,0.0,0.0,0.0,0.0,0.0,0.0,0.0,0.0,0.0,0.0,0.0,0.0,0.0,0.0,0.0,0.0,0.0,0.0,0.0,0.0,0.0,0.0,0.0,0.0,0.0,0.0,0.0,0.0,0.7156618235444632,0.4147008893213634,0.0,0.10792147468544729,0.0,0.0,0.0,0.0,0.0,0.0,0.0,0.0,0.0,0.0,0.0,0.0,0.0,0.0,0.0,0.0,0.0,0.0,0.0,0.0,0.0,0.0,0.0,0.0,0.0,0.0,0.0,0.0,0.0,0.0,0.0,0.0,0.0,0.0,0.0,0.0,0.0,0.0,0.0,0.0,0.0,0.0,0.0,0.0,0.0,0.0,0.0,0.0,0.0,0.0,0.0,0.0,0.15987627542539143,0.0,0.0,0.0,0.0,0.0,0.0,0.0,0.0,0.0,0.0,0.0,0.0,0.0,0.0,0.0,0.0,0.0,0.0,0.0,0.0,0.45493651196566826,0.0,0.5999172065024289,0.2930819883235997,0.29326668572554865,0.0,0.0,0.0,0.0,0.0,0.0,0.0,0.0,0.0,0.0,0.0,0.0,0.0,0.0,0.0,0.0,0.0,0.0,0.0,0.0,0.0,0.0,0.0
2018-07-18 06:00:00,0.0,0.0,0.0,1.3242199740833402,1.5298977391936024,0.33915657956497797,0.3079342261526143,0.4244648426840346,1.2081943289832873,1.194206419254502,1.2897112992541484,0.7510580225630415,0.8727911366730677,0.5140690363010283,0.5309966719522227,0.0,2.33630544870816,0.6178720472385144,5.368056955529128,3.5424014868118223,2.941670097247817,2.68424523187927,1.1543104518852594,0.9919171856765451,1.5976744676378785,1.1390317875489087,1.3870915160309383,2.289496130207283,1.4081438674953213,2.5580962988731915,1.5301650391469162,1.4903353962993204,0.7503173039965362,0.15448942125329393,0.0,0.0,0.19109497178212517,0.0,0.09573711377879493,0.0,0.16614854725572742,0.21317037828641686,0.3080715485786724,1.0178550543595137,4.590202873045838,4.831071248868986,5.083760183621199,0.0,0.12636548240415452,0.0601080157676687,0.05608535959454816,4.287298464638285,2.670845262923932,1.7701526548567994,1.3161117314869872,3.1829358036259845,0.19575532099235451,0.1411343926604642,0.0,0.0,0.0,0.0,0.0,0.0,0.0,0.524865249951323,0.4215327530343458,0.6991802624372381,0.5517382798827443,0.4372660507120518,0.3806205251630349,0.7347464523604826,0.1617389448341641,1.0800252634607401,0.8656640716719681,1.2551143925170907,0.6448352114599671,0.2346747510224766,2.674464354207347,4.087933008482077,4.450368944372896,2.0068489617188723,2.884957863124553,3.3909894159322853,3.485558420993533,2.2284468848822967,1.6973422470948059,0.5524756213842734,1.1044706707705059,0.5904942097893617,0.809162837177968,0.6566069706990308,0.1730830309118275,0.6864335556978514,0.14285363583410948,0.548065326739932,0.0,0.0,0.0,0.0,0.0,0.0,0.0,0.0,0.0,0.7089972375427773,0.0,0.7162306585446919,0.7874304285740267,0.0,0.0,1.4881803560982814,0.0,0.0,0.0,0.0,0.6484501729885654,0.35962142608023095,2.043584392437416,3.140258452013593,4.7845856212634885,5.343247762540404,5.144076573633079,3.638451157688998,3.177512039605049,2.705703870742475,1.7601317364268807,1.4376319645647708,1.5626496596460355,1.026783629650373,2.1388251530848477,2.057257215005711,0.3131700091856112,0.0,0.16434984023711563,0.08767470204984326,0.06247150403425202,0.0,0.0,0.0,0.0,0.0,0.0,0.0,0.0,0.0,0.08808221921299018,0.3048658839472516,0.40084335512936436,0.3621233952086166,0.24348306862800895,0.20753883182904634,0.16918266772145807,0.0,0.23561046629386984,0.1682528091999824,0.17122603660839494,0.244610182636504,0.5552815438310136,0.7594932169296957,1.74460642327753,0.24217976792049856,0.0,0.16735311239744688,0.11929081415496702,0.0,0.11352963757404141,0.10291104672959782,0.15921639430298276,0.17585679608835086,0.0,0.0,0.0,0.0,0.0,0.0,0.0,0.0,0.14436452214392012,0.0,0.0,0.0,0.09875477019115446,0.0,1.1511296188451494,1.1354046791529018,1.063733628486717,1.0410842329654932,1.336080699008006,1.2780004971597172,0.5873979486251751,0.8720634789122226,0.0,0.0,0.0,0.0,0.23911558907917835,1.50036322773217,0.9736366571483763,0.16316982226961216,1.1166804008928601,2.6876788811585994,1.5172331487011617,3.172156196761061,0.4606619766918785,0.9999209324498,1.9689532383252926,1.9431583607710967,2.1581297584500403,0.0,0.0,0.1396986516503089,0.0,0.18077130595537588,0.2318323263518506,1.3505919229631091,1.2953314856072988,4.608481282809779,4.77483429357043,4.898879909779328,4.174448283245713,4.091855483289661,2.844238773638588,2.5735501477713645,0.2489358761889362,0.07750875430708284,0.0,0.0,0.0,1.6479922024430045,0.5725695155427086,0.8166455798046337,0.8028961341865033,0.6627332341095609,0.0,0.0,0.0,0.0,0.0,0.0,0.0,2.0181027817652915,1.7972120513342342,1.488380031675125,3.4123751908876585,1.1725083361134496,1.3673658496343644,1.7818338454040648,0.871660771023569,2.8303387295969826,1.8391298000709622,1.032756965166793,1.0127003306786468,1.2640247767011188,0.8082703579693903,0.6381272460783998,0.31561047717965685,0.6387279469128361,0.5642188446492713,0.5236734159314627,0.6640814044250705,0.5488707066670127,0.8478701900433754,1.268849308720277,1.0308889623360369,0.3102475298169341,0.0,0.23957443211179974,3.3558710287466895,2.3849686439486035,0.8767361869064374,3.6373542681391555,4.319942582668955,2.4599447494321405,2.1460302315826274,1.412520618087851,0.9620131428369517,0.4298694026746577,0.3627640041834061,0.19746263406717057,0.0,0.0,0.0,0.0,0.0,0.0,0.0,0.0,0.5088231867306199,0.5309854565210725,0.5628043848608438,0.5850075084204929,0.5923534852349541,0.5937150782956782,0.24230621639297859,0.20486008767060684,0.15717602540485223,0.07226354074861553,0.0,0.1860073014777383,0.0,0.0,0.0,0.0,0.0,0.36601806335101,0.15228706430493893,0.0,0.4012633918599978,1.015367373931531,1.2417959421883984,1.0595855130969927,2.621566073609252,2.9797568072705927,2.7982885692802797,5.4097018693421735,6.239745565519165,5.709060705405732,4.303195687819391,3.790145127319188,2.698630973415979,0.0,0.0,0.0,0.0,0.0,0.0,0.0,0.0,2.0807708704463224,0.0,1.703128642052483,0.2847422542428746,0.32244699782724023,0.3947411635444926,0.3027425679069941,0.1502863743990531,0.1071799240062015,0.1575992999371613,0.2551149870561457,0.0,0.5800853228677163,0.36270450743901317,0.0,0.0,0.0,0.0,0.0,0.6676226239969669,0.5445967705288733,0.3017076124288386,0.0,0.16991502072589712,0.23684854823033186,0.31596367610999493,0.0,0.0,0.0,2.1882158354541534,0.25309929203822057,0.267339828016823,0.6565882567053101,1.000900460833836,2.346737246059959,2.0363920759977536,2.8205782000065303,3.14195040041189,5.546513358684623,5.446980667741041,6.208628009542476,0.9025539975142514,1.2896472655131634,1.1739483327808424,2.536191969755365,2.531909831669555,1.9637632773585545,2.2655515433928564,0.47057524932716194,0.5804694814176601,0.36156061773080084,0.4787508256451303,0.27072718988190386,0.2305582161055199,0.0,0.3268962210397289,0.11110711592540988,0.3024038613289276,0.25015305849766756,2.968135337196564,0.0,0.0,0.0,0.0,0.0,0.0,0.0,0.0,0.0,0.0,0.0,0.0,0.0,0.29328774589532725,0.2741248124265469,0.24330124696436156,0.0,0.13680228565672775,0.07596785562070513,0.0660783511415222,0.07303531367349717,0.1790867613183742
2018-07-18 07:00:00,0.18580609676545723,2.496662783487454,2.504565317921405,1.3389632206708735,1.2502579836130256,0.0,0.0,0.0,0.0,0.0,0.1732520277050863,0.0,0.0,0.3855517772257713,0.4759252488265508,0.5003041586696843,0.9128560953301461,0.9968564134934654,0.0,0.1986374092659922,0.2936665912587261,0.4212668993866233,0.33572815947138135,0.1520690926815101,0.0,0.0,0.0,0.8539861526581641,0.0,0.7480857956676927,0.0,0.0,0.0,0.0,0.0,0.0,0.0,0.0,0.0,0.0,0.0,0.0,0.0,0.0,0.0,0.0,0.0,0.30675902822851625,0.2981878206239209,0.2630058113240842,0.290322066110403,0.2849095475816564,1.001681964681279,1.2553577698084721,0.5044509945921729,1.5251778270654175,0.28737301747676436,0.0,0.0,0.0,0.0,0.062078947217985646,0.09387913068472765,0.5147707257053062,0.6924966037591513,0.0,0.0,0.0,0.0,0.0,0.0,0.0,0.0,0.0,0.0,0.0,0.0,0.06892573579724391,0.19767872491058372,0.0,0.8292653991722322,0.0,0.0,0.0,0.0,0.21857572378709636,0.2657580746251387,0.0,0.2820013760446528,0.0,0.2081734751610247,0.0,0.16748902562574067,0.0,0.23292247560437052,0.5132932192668505,0.0,0.0,0.0,0.0,0.0,0.0,0.0,0.0,0.0,0.531747928157083,0.20236759261286058,1.0579688600612653,0.8651054040277852,0.5579177541990534,0.9211712152628128,0.0,0.0,0.0,0.0,0.0,0.21585087090476435,0.0,0.0,0.0,0.0,0.0,0.11143491483491148,0.21310047134646012,0.12690160579620957,0.45892183792011754,0.6334952323120325,0.0,0.20897791470190913,0.11487423148096527,0.5057335969741537,0.3294882826767842,0.2715112999584141,0.3987643810773583,0.5324610119751011,0.7800036995659305,0.7408319328870859,0.0,0.0,0.0,0.0,0.0,0.0,0.0,0.0,0.0,0.5742363636041076,0.46956877099340577,0.0,0.0,0.0,0.0,0.0,0.0,0.0,0.0,0.0,0.0,0.0,0.0,0.0,0.2651765263782208,0.30277755929256966,0.3561637103353351,0.42431101620845335,0.4843201508071791,0.0,0.4409211529588884,0.41710777461912735,0.33907502446049803,0.0,0.0,0.0,0.0,0.0,0.2722674917475284,0.0,0.0,0.30292772091865744,0.3382217367724837,0.3708365881280762,0.385709838865585,0.37001000715180127,0.34331518408971345,0.0,0.0,0.0,0.0,0.0,0.0,0.0,0.0,0.23250139254841892,0.0,0.012693354834628483,0.3413702948241685,0.0,0.0,0.0,0.0,0.0,0.26147540789125584,0.6083938144734415,0.8120044283550991,0.9527025027439837,1.1231945669758814,1.3881086835979641,1.4888754873080998,1.3122734519044776,0.0,0.0,0.0,0.0,0.0,0.0,0.0,0.0,0.0,0.0,0.0,0.12634803413243162,0.24499461537457728,0.29972074400313314,0.3398901773042047,0.0,0.0,0.0,0.0,0.0,0.26924284873079163,0.10753147820658511,0.08993830939767423,0.4620107839009816,0.20575951389217204,0.22437587711243123,0.0,0.02863452353355257,0.0,0.024402735658640217,0.23280847044824007,0.46703972469806404,0.0,0.0,0.24357210246407413,0.7262464583520023,0.3070746722430959,1.2916533715434033,1.2399299324572794,0.6094739016987276,1.912866333020249,1.3496306702152505,0.0,0.0,0.0,0.0,0.0,0.19235921869470288,0.0,0.0,0.0,0.0,0.0,0.0,0.0,0.0,0.0,0.0,0.0,0.0,0.0,0.0,0.0,0.1502071702125301,0.16880791953891572,0.5881765778163168,0.1709459807772053,0.0,0.0,0.0,0.0,0.0,0.0,0.0,0.0,0.0,0.0,0.0,0.0,0.0,0.0,0.0,0.0,0.0,0.0,0.0,0.0,0.0,0.0,0.0,0.0,0.0646086243206448,0.10819541652123303,0.2285282862695232,0.45097223560253075,0.6490002217696564,0.0,0.0,0.0,0.0,0.0,0.0,0.0,0.0,0.0,0.13273311776009156,0.2851745044478182,0.4612388181812005,0.22041458025173707,0.6818032292794394,0.8825520925806036,0.8688182046519048,0.0,0.0,0.0,0.0,0.0,0.0,0.0,0.0,0.0,0.0,0.2805422131047094,0.27150997099594815,0.29521716945954396,0.36452206779305435,0.34435613566599615,0.405098238588851,0.42063951828919405,0.42780712833900775,0.0,0.16419647017350827,0.0,0.0,0.0,0.0,0.03282325628258984,0.16996814241746863,0.45612679707365406,0.4450817493313113,1.0388746904199189,0.36278320763556576,0.4768538392484226,0.7188513283138078,0.6969491921689747,0.551985989806285,0.0,0.0,0.0,0.2939373604404413,0.32188712162924377,0.36212857426788636,0.0,0.0,0.0,0.0,0.0,0.0,0.2134860853473257,0.19717771812015128,0.05591726102261552,0.5612102460876264,0.7589033821455438,0.4106553733701859,0.24792478473568216,0.35583016407179374,0.6777439612856979,0.5529733349865011,0.0,0.0,0.0,0.0,0.0,0.0,0.0,0.0,0.0,0.0,0.0,0.8506329562765119,0.0,0.0,0.0,0.0,0.0,0.0,0.0,0.0,0.0,0.0,0.0,0.0,0.0,0.24367990166214956,0.27401718043298756,0.32075632512983343,0.3929533003578683,0.49900733977950074,0.6137858303527436,0.6052633214845436,0.5362084294781001,0.454313284707926
2018-07-18 08:00:00,0.0,0.0,0.0,0.0,0.0,0.6783131591299559,0.6158684523052286,0.0,0.0,0.0,0.0,0.0,0.0,0.19277588861288564,0.0,0.0,0.0,0.0,0.0,0.0,0.0,0.0,0.0,0.07603454634075504,0.0,0.0,1.441960196622263,0.0,1.2690942448398626,0.0,0.9242860667557827,0.6807192200677238,0.49984093540618785,0.30897884250658786,0.0433572100592001,0.0,0.0,0.09620165469893993,0.0,0.07752299250724973,0.058249409312565704,0.0,0.0,0.0,0.0,0.0,0.0,0.0,0.0,0.0,0.0,0.0,0.0,0.2458782130376459,0.0,0.0,0.0,0.0,0.0,0.0,0.0,0.0,0.0,0.0,0.0,1.049730499902646,0.8430655060686916,0.5757369205504206,0.33082747456728906,0.0,0.0,0.08644269008752035,0.06841993360205673,0.0,0.0,0.0,0.0,0.034462867898621956,0.09883936245529186,0.0,0.15671849974243413,0.0,0.0,0.0,0.0,0.0,0.0,1.1049512427685468,0.0,1.1809884195787235,0.0,1.1365544696716166,0.0,1.156340478085781,0.0,0.0,0.0,0.0,0.0,0.0,0.0,0.0,0.0,0.0,0.0,0.2658739640785415,0.0,0.0,0.0,0.0,0.0,0.5306401879990957,0.0,0.0,0.0,0.0,0.0,0.0,0.0,0.0,0.0,0.0,0.0,0.0,0.0,0.0,0.0,0.0,0.0,0.0,0.0,0.0,0.0,0.0,0.0,0.0,0.0,0.0,0.0,0.0,0.0,0.0,0.0,0.0,0.0,0.0,0.0,0.0,0.8016867102587287,0.5366789351662026,0.4869661372560179,0.4150776636580927,0.0696814738313631,0.0,0.0,0.0,0.12319211729171418,0.07422797431515196,0.0,0.0,0.0,0.0,0.0,0.0,0.0,0.0,0.0,0.0,0.0,0.0,0.0,0.0,0.0,0.0,0.0,0.0,0.0,0.0,0.0,0.0,0.0,0.0,0.0,0.0,1.0918910182748147,1.3232828002919284,1.7484429736573452,1.3495297885313347,1.0578525611681173,0.7589339658365345,0.6513747166873847,0.0,0.0,0.0,0.0,0.04644958588248607,0.0,0.0,0.0,0.0,0.0,0.0,0.30419690723672077,0.0,0.17274824125945445,0.0,0.14848409990856806,0.0,0.0,0.0,0.0,0.11770335419059597,0.0,0.0,0.0,0.0,0.0,0.0,0.0,0.0,0.06317401706621581,0.0,0.0,0.0,0.4978717523778724,0.1550175086141657,0.030582399268325133,0.0,0.0,0.0,0.0,0.0,0.0,0.0,0.0,0.0,0.0,0.0,0.0,0.0,0.0,0.0,0.0,0.0,0.0,0.0,0.33674648098341453,0.23418315984556295,0.0,0.01879117082342276,0.0,0.9136970155927737,1.0509474765943414,0.0,1.4450994497770255,1.2762544921567995,0.0,0.9677928317998226,0.7276951908626037,0.6806390105849649,0.0,0.0,0.0,0.0,0.0,0.0,0.028394505403559665,0.0,0.0,0.0,0.0,0.0,0.0,0.0,0.0,0.0,0.0,0.0,0.0,0.39492526813434115,0.0,0.0,0.0,0.0,0.0,0.0,0.0,0.0,1.0176463734612398,1.061970913042145,0.945590612946349,0.9257144183403038,0.8314026185721616,0.6769430757157892,0.5491954341988292,0.0,0.4020964195969434,0.0,0.0,0.0,0.0,0.0,0.0,0.0,0.0,0.10325290648324502,0.0,0.07254211851385292,0.0,0.0,0.028012696130952,0.0,0.0,0.0,0.0,0.0,0.0,0.0,0.0,0.0,0.0,0.0,0.0,0.0,0.0,0.0677128182936182,0.0,0.0,0.0,0.0,0.0,0.0,0.0,0.0,0.0,0.0,0.0,0.0,0.0,0.0,0.0,0.0,0.0,0.0,0.0,0.0,0.0,0.0,0.0,0.0,0.0,0.0,0.0,0.0,0.0,0.051277287827086425,0.0,0.0,0.0,0.0,0.0,0.0,0.0,0.0,0.0,0.0,0.0,0.0,0.0,0.0,0.1500609521712981,0.13960835852515835,0.0,0.0,0.0,0.0,0.0,0.9411504986543239,0.9062324721816672,0.7231212354616017,0.6465973023007134,0.5414543797638077,0.06737911448865792,0.0,0.0,0.0,0.1196605753732871,0.0,0.0,0.0,0.0,0.0,0.0,0.0,0.0,0.0,0.0,0.0,0.0,0.0,0.0,0.0,0.0,0.0,0.0,0.0,0.0,0.0,0.0,0.0,0.0
2018-07-18 09:00:00,0.0,0.0,0.0,0.0,0.0,3.114623352205085,2.945518793668067,0.0,0.0,0.0,0.0,0.0,0.0,0.0,0.0,0.0,0.0,0.0,0.0,0.0,0.0,0.0,0.0,0.0,2.5582452594044147,0.0,0.7303902294100828,0.0,0.6105332328146018,0.0,0.7490829537000697,0.8268464604091386,2.2196209077792517,1.7157474076840087,1.9212877804458754,2.055901670630717,3.080495199151552,1.7951978429218785,1.7667119114971979,1.5570212261939749,1.2022621982236485,0.9556651389669599,0.771329966713788,0.3294932144087703,0.0,0.0,0.0,0.0,0.0,0.0,0.0,0.0,0.0,0.0,0.0,0.0,0.19575532099235451,0.1411343926604642,0.0,0.0,0.0,0.0,0.0,0.0,0.0,0.8120372595604285,0.9530595834289741,2.799424861188769,3.0225385968862337,3.337346807643551,2.559533863341709,2.117198822792227,1.3125333370152683,0.909191800192625,0.0,0.0,0.0,0.0,0.0,0.0,0.0,0.43966483333778134,0.0,0.0,0.0,0.0,0.0,2.0993860614780893,0.0,0.6396337453233785,0.0,1.1117872443918242,0.0,1.1566637614006199,0.0,0.0,3.8326361816614507,5.163387812260015,3.3762244629652387,3.121917008951559,6.5878130261312755,6.709815015055525,5.021271438892908,4.399278966805396,3.935634745984353,0.0,0.0,0.0,0.0,0.0,0.0,1.213887887239816,0.0,0.0,0.0,0.0,0.0,0.0,0.0,0.0,0.0,0.0,0.0,0.0,0.0,0.0,0.0,0.0,0.0,0.0,0.0,0.0,0.0,0.0,0.0,0.0,0.0,7.113379731771699,8.579775324612308,9.560691296478476,10.670187088689683,2.316752434719764,11.829850262886575,9.739004502050639,7.993328721511576,6.447398881391459,0.0,0.0,2.6851886324175687,1.6910108190982158,1.4312149771199791,1.2733854019972826,2.4904377501231454,2.0274537811225466,2.979925439331878,1.466274345532057,1.2185441080262953,1.0036005594263644,0.6605195394212616,0.5939545952986729,0.0,0.0,0.0,0.0,0.0,0.0,0.0,0.0,0.0,0.0,10.242847282224496,11.472301317909768,13.154707732289914,1.5241393864322315,16.655373931976463,0.0,13.42888989165355,15.346409311107026,0.0,0.0,0.0,0.0,0.0,0.0,0.8162074031901445,0.6139139638506579,0.23713064650344362,0.3934892421074076,0.5792700751916239,0.6556060276753052,2.0512012102011967,5.2323808734733355,0.0,0.0,0.0,0.0,0.0,0.0,0.0,0.0,0.0,0.0,0.0,0.0,0.0,0.0,0.0,0.0,0.0,3.8769025240031394,2.119987387408551,1.1299910655219367,1.477788824784876,1.0731344473698283,0.9397825909031391,0.3715047014483817,0.42074832913347754,0.0,0.0,0.0,0.0,0.0,0.0,0.0,3.4332104088422857,1.9893770279696128,2.2033208100307466,2.336803644354888,4.323803794966753,0.0,0.0,0.0,0.0,0.0,0.0,0.0,0.0,0.0,0.0,0.0,0.0,0.0,0.0,0.0,0.0,0.0,0.0,0.0,0.0,0.0,0.0,0.9643558093154649,0.8417611142919694,2.5628950671115884,0.828337776494096,0.5653306820334416,0.0,1.3930697598260846,1.8617153966206366,1.7247973686635572,4.238345976538079,3.0684589128518596,0.0,0.0,0.0,0.0,1.1873631192018932,0.9056619868895505,0.0,0.3257559951221368,0.23978241388373417,0.0,0.0,0.0,0.0,0.0,0.0,0.0,0.0,3.9780192810860004,2.946468583692913,2.9432136466944208,4.370381009588648,2.4620520715243277,4.431171410562959,3.8765988183460003,3.4396389164056833,1.5963399880733136,2.352882555622167,2.1402477985961483,1.2897492384568268,1.431185747301961,1.6922665190393817,2.0783817828612534,0.7528796608141912,0.20486008767060684,0.7489550057498491,0.07226354074861553,0.0,0.0,0.0,0.0,0.0,0.0,0.0,3.098501799500875,1.8312678594046181,1.1921123712119914,0.8126232475812033,0.21584294937089457,0.14006348065476,0.0,0.0,0.0,0.0,0.0,0.0,0.0,0.0,0.0,0.0,4.392711844002913,7.279951904888756,7.510847208439328,2.6801459852838008,7.798774240177945,6.379189696984904,5.484960148840469,4.724939773845403,0.42619469677671734,4.739606699018413,0.0,0.0,0.0,0.0,0.0,0.0,0.0,0.0,0.2551149870561457,0.0,0.0,0.0,0.0,0.0,0.0,0.0,0.0,0.0,0.0,0.0,0.0,0.0,0.0,0.0,9.284715201940637,7.9636564990876515,6.713299357745029,0.0,0.0,0.0,0.4542895386304724,0.31975255085078286,0.0,0.0,0.0,0.0,0.0,0.0,0.0,0.0,0.0,0.0,0.0,0.0,0.0,0.0,2.475651757638116,1.453301013011314,1.0828303352496649,1.7585976830330896,1.0627063136918,2.5723701117489144,1.880923372505546,3.24216313414807,1.3993558179972356,1.184466853513635,1.2109700181613006,0.0,5.785925366015133,7.532200652603117,8.3026343098465,9.071162692831663,10.492716486723747,8.6209828786744,9.50046034712349,10.661588839971108,12.135365251657925,13.459479323266466,14.176024900046002,11.536211448720936,9.284953113189065,0.0,0.0,0.0,0.0,0.0,0.0,0.0,0.0,0.0
2018-07-18 10:00:00,0.2728307768184344,0.3301903390638931,0.24311494945330095,0.0,0.0,0.0,0.0,0.849594943338603,0.23681453779344822,0.3259139122275988,0.43312623808477635,0.30471218086935603,0.312918825385177,0.29650513624516484,0.0,0.0,0.0,0.0,0.0,0.0,0.0,0.0,0.0,0.025344848780251682,0.1760590069762729,0.0,0.053684240799414716,0.0,0.0,0.0,0.0,0.0,0.34384481429716185,0.0,0.0,0.0,0.19109497178212517,0.0,0.0,0.0,0.0,0.0,0.0,0.0,0.0,0.0,0.0,0.0,0.0,0.0,0.0,0.0,0.0,0.08195940434588198,0.0,0.0,0.0,0.5459449465243026,0.0,0.47178192197249613,0.30378845989413267,0.0,0.0,0.0,0.0,0.0,0.0,0.41131180216202773,0.3863245425990997,0.37836458811145646,0.23784207331187696,0.2808308953924375,0.8533213149575621,0.10121717846876119,0.0,0.0,0.0,0.011487622632873985,0.03294645415176395,0.11250004933771407,0.052239499914144706,0.0,0.0,0.0,0.0,0.0,0.0,0.0,0.0,0.0,0.0,0.08832973586322254,0.0,0.10826331665496086,0.0,0.0,0.0,0.0,0.0,0.0,0.0,0.0,0.0,0.0,0.0,0.3635165082792555,0.0,0.0,0.0,0.0,0.0,0.0,0.9593317619234284,0.48829631754450853,0.36799696545628613,0.46472575957744233,0.4538331739413568,0.21016609547809786,0.0,0.0,0.0,0.0,0.0,0.0,0.0,0.0,0.0,0.0,0.0,0.0,0.0,0.0,0.0,0.0,0.0,0.0,0.0,0.0,0.0,0.0,0.0,0.0,0.0,0.0,0.0,0.0,0.0,0.0,0.0,0.09378392762551531,0.0,0.0,0.16918266772145807,0.0,0.23561046629386984,0.0,0.0,0.0,0.0,0.0,0.0,0.0,0.0,0.0,0.0,0.0,0.0,0.0,0.0,0.0,0.0,0.0,0.0,0.0,0.0,0.0,0.0,0.0,0.0,0.0,0.0,0.0,0.0,0.0,0.0,0.0,0.0,0.0,0.0,0.0,0.29176919456350153,0.9997608094907697,0.0,0.2657795495521687,0.0,0.0,0.7275092921405187,0.0,0.0,0.12655421921163204,0.0,0.2497534458802972,0.2620617378232726,0.0,0.057582747086484816,0.0,0.04949469996952268,0.0,0.0,0.0,0.0,0.0,0.0,0.0,0.0,0.0,0.0,0.0,0.0,0.0,0.021058005688738606,0.0,0.0,0.0,0.0,0.0,0.0,0.0,0.0,0.0,0.0,0.0,0.0,0.0,0.4397757344444796,0.0,0.47975817485989036,0.2858005746368288,0.0,0.0,0.0,0.0,0.0,0.1842556779785792,0.0,0.0,0.11224882699447152,0.07806105328185431,0.0,0.006263723607807587,0.0,0.0,0.0,0.1849818607236505,0.08572063308087752,0.0,0.0,0.1548315310129248,0.20037124921796948,0.22239602969083494,0.6079847541544134,0.3974235957592716,0.5821131311248969,0.0,0.2420865670863425,0.16071987801961632,0.0,0.0,0.0,0.0,0.0,0.0,0.0,0.0,0.0,0.0,0.0,0.0,0.0,0.0,0.0,0.0,0.0,0.0,0.0,0.0,0.0,0.0,0.0,0.0,0.09000907838766932,0.12215029925034099,0.1766521759488733,0.25524354043778363,0.0,0.0,0.0,0.0,0.0,0.556891255247996,0.4207627199163632,0.23701244329761356,0.0,0.0,0.0,0.36601806335101,0.06665736871928193,0.35560770721180623,0.6182555480989855,0.0,0.0,0.0,0.0,0.0,0.0,0.0,0.0,0.0,0.0,0.0,0.0,0.0,0.0,0.0,0.0,0.0,0.0,0.0,0.0,0.0,0.0,0.0,0.0,0.0,0.0,0.0,0.0,0.0,0.0,0.30306619317442096,0.9293071814151026,0.8442716906573945,0.7827454398172051,0.5243063756509951,0.21395709290373338,0.0,0.0,0.0,0.0,0.0,0.0,0.0,0.0,0.0,0.0,0.0,0.0,0.0,0.0,0.0,0.0,0.0,0.0,0.0,0.0,0.0,0.0,0.0,0.0,0.0,0.0500203173904327,0.04653611950838612,0.0,0.0,0.0,0.0,0.0,0.0,0.1273532453268264,0.0,0.15545217449477355,0.0,0.2305582161055199,0.0,0.3268962210397289,0.0,0.0,0.0,0.0,0.0,0.0,0.0,0.0,0.0,0.0,0.0,0.0,0.0,0.0,0.0,0.0,0.0,0.0,0.0,0.0,0.0,0.0,0.0,0.0,0.0,0.0
2018-07-18 11:00:00,0.0,0.0,0.0,0.0,0.0,0.0,0.0,0.0,0.0,0.0,0.25019913302363067,0.0,0.0,0.0,0.0,0.0,0.0,0.0,0.0,0.0,0.0,0.0,0.0,0.0,0.2770737885528534,0.0,0.0,0.0,0.0,0.0,0.0,0.0,0.0,0.5380549529146416,0.3615085575592784,0.24711423592568837,0.0,0.0,0.0,0.0,0.0,0.0,0.3080715485786724,0.0,0.0,0.0,0.0,0.0,0.0,0.0,0.0,0.0,0.0,0.0,0.0,0.0,0.0,0.0,0.0,0.0,0.0,0.0,0.0,0.0,0.0,0.23373743110649473,0.21067263078937096,0.16577702410830114,0.0,0.0,0.0,0.0,0.0,0.0,0.39589533033394897,0.4976647039981174,0.3913709242131446,0.1427737699594847,0.0,0.0,0.0,0.0,0.0,0.0,0.0,0.0,0.0,0.0,0.0,0.0,0.0,0.2909044146062445,0.0,0.2535419307354273,0.0,0.0,0.5282004557755758,0.525325492401066,0.21618326653042472,0.0,0.0,0.0,0.0,0.0,0.0,0.0,0.0,0.0,0.0,0.0,0.0,0.0,0.0,0.0,0.0,0.0,0.0,0.0,0.25488763325252983,0.2104433577559203,0.0,0.0,0.0,0.0,0.0,0.0,0.0,0.0,0.0,0.0,0.0,0.0,0.0,0.0,0.0,0.0,0.0,0.08470600628876976,0.12710562240170606,0.15382246112185552,0.0,0.0,0.0,0.0,0.0,0.0,0.0,0.0,0.0,0.564153626672562,0.43872075943274963,0.4340793609575622,0.0,0.0,0.0,0.0,0.0,0.0,0.2781008666841504,0.0,0.38540233356862974,0.0,0.0,0.0,0.0,0.0,0.0,0.0,0.0,0.0,0.0,0.08603501283983286,0.0,0.0,0.0,0.0,0.0,0.0,0.0,0.0,0.0,0.0,0.0,0.0,0.20637566502582486,0.14903588892301642,0.05539460936570706,0.07463817482042846,0.0,0.0,0.0,0.0,0.0,0.0,0.0,0.0,0.0,0.0,0.0,0.16316982226961216,0.0,0.0,0.0,0.0,0.0,0.0,0.0,0.0,0.0,0.0,0.0,0.0,0.0,0.18077130595537588,0.2318323263518506,0.0,0.2132600580226918,0.0,0.0,0.0,0.0,0.0,0.0,0.0,0.0,0.6246849119469109,0.36068952264751314,0.2042823130530033,0.2950175772326581,0.0,0.0,0.0,0.0,0.0,0.0,0.0,0.0,0.0,0.0,0.0,0.0,0.0,0.0,0.0,0.0,0.0,0.0,0.0,0.0,0.0,0.0,0.2902084188675971,0.258471693018826,0.36682097939235336,0.15700698900441545,0.14548520459365516,0.0,0.0,0.0,0.0,0.0,0.0,0.0,0.0,0.0,0.3102475298169341,0.0,0.23957443211179974,0.0,0.0,0.0,0.0,0.0,0.0,0.0,0.0,0.0,0.0,0.0,0.0,0.5600675992379047,0.29253035315305614,0.3782874586895431,0.27372302315275454,0.0,0.0,0.0,0.0,0.0,0.0,0.3748473840654054,0.3491419758999575,0.316176731673071,0.27346027011727575,0.21498232687491567,0.0,0.1551165809068272,0.0,0.0,0.0,0.0,0.0,0.0,0.0,0.0,0.0,0.0,0.0,0.2658261839297973,0.0,0.0,0.687701157642793,0.0,0.20015121721056053,0.0,0.0,0.0,0.0,0.0,0.0,0.0,0.27968710270139724,0.324849533654098,0.0,0.0,0.20144277094115257,0.0,0.0,0.0,0.0,0.3624204114155235,0.0,0.0,0.0,0.0,0.0,0.0,0.0,0.0,0.0,0.0,0.0,0.0,0.0,0.0,0.0,0.0,0.0,0.25300299541926335,0.0,0.0,0.0,0.0,0.0,0.0,0.0,0.0,0.0,0.0,0.0,0.0,0.2673670654293358,0.0,0.0,0.43198062493316697,0.2623940599935841,0.16351453607225572,0.0,0.0,0.0,0.0,0.0,0.0,0.0,0.0,0.0,0.0,0.0,0.0,0.45094311388334657,0.41294231803222403,0.3525626540110114,0.0,0.0,0.0,0.0,0.0,0.25015305849766756,0.0,0.22104333611394747,0.24192058886572362,0.23085274736832162,0.0,0.0,0.07315721378432893,0.08467779065991578,0.10649163228310134,0.0,0.0,0.0,0.0,0.0,0.0,0.0,0.0,0.0,0.0,0.0,0.0,0.0,0.0
2018-07-18 12:00:00,0.0,0.0,0.0,0.0,0.0,0.0,0.0,0.0,0.0,0.0,0.0,0.0,0.0,0.0,0.0,0.0,0.0,0.0,0.0,0.0,0.0,0.0,0.0,0.0,0.0,0.0,0.0,0.0,0.0,0.0,0.0,0.0,0.0,0.0,0.0,0.0,0.0,0.0,0.0,0.0,0.0,0.0,0.0,0.0,0.0,0.0,0.0,0.0,0.0,0.0,0.0,0.0,0.0,0.0,0.0,0.0,0.0,0.0,0.0,0.0,0.0,0.0,0.0,0.0,0.0,0.0,0.0,0.0,0.0,0.0,0.0,0.0,0.0,0.0,0.0,0.0,0.0,0.0,0.0,0.0,0.0,0.0,0.0,0.0,0.0,0.0,0.0,0.0,0.0,0.0,0.0,0.0,0.0,0.0,0.0,0.0,0.0,0.0,0.0,0.0,0.0,0.0,0.0,0.0,0.0,0.0,0.0,0.0,0.0,0.0,0.0,0.0,0.0,0.0,0.0,0.0,0.0,0.0,0.0,0.0,0.0,0.0,0.0,0.0,0.0,0.0,0.0,0.0,0.0,0.0,0.0,0.0,0.0,0.0,0.0,0.0,0.0,0.0,0.0,0.0,0.0,0.0,0.0,0.0,0.0,0.0,0.0,0.0,0.0,0.0,0.0,0.0,0.0,0.0,0.0,0.0,0.0,0.0,0.0,0.0,0.0,0.0,0.0,0.0,0.0,0.0,0.0,0.0,0.0,0.0,0.0,0.0,0.0,0.0,0.0,0.0,0.0,0.0,0.0,0.0,0.0,0.0,0.0,0.0,0.0,0.0,0.0,0.0,0.0,0.0,0.0,0.0,0.0,0.0,0.0,0.0,0.0,0.0,0.0,0.0,0.0,0.0,0.0,0.0,0.0,0.0,0.0,0.0,0.0,0.0,0.0,0.0,0.0,0.0,0.0,0.0,0.0,0.0,0.0,0.0,0.0,0.0,0.0,0.0,0.0,0.0,0.0,0.0,0.0,0.0,0.0,0.0,0.0,0.0,0.0,0.0,0.0,0.0,0.0,0.0,0.0,0.0,0.0,0.0,0.0,0.0,0.0,0.0,0.0,0.0,0.0,0.0,0.0,0.0,0.0,0.0,0.0,0.0,0.0,0.0,0.0,0.0,0.0,0.0,0.0,0.0,0.0,0.0,0.0,0.0,0.0,0.0,0.0,0.0,0.0,0.0,0.0,0.0,0.0,0.0,0.0,0.0,0.0,0.0,0.0,0.0,0.0,0.0,0.0,0.0,0.0,0.0,0.0,0.0,0.0,0.0,0.0,0.0,0.0,0.0,0.0,0.0,0.0,0.0,0.0,0.0,0.0,0.0,0.0,0.0,0.0,0.0,0.0,0.0,0.0,0.0,0.0,0.0,0.0,0.0,0.0,0.0,0.0,0.0,0.0,0.0,0.0,0.0,0.0,0.0,0.0,0.0,0.0,0.0,0.0,0.0,0.0,0.0,0.0,0.0,0.0,0.0,0.0,0.0,0.0,0.0,0.0,0.0,0.0,0.0,0.0,0.0,0.0,0.0,0.0,0.0,0.0,0.0,0.0,0.0,0.0,0.0,0.0,0.0,0.0,0.0,0.0,0.0,0.0,0.0,0.0,0.0,0.0,0.0,0.0,0.0,0.0,0.0,0.0,0.0,0.0,0.0,0.0,0.0,0.0,0.0,0.0,0.0,0.0,0.0,0.0,0.0,0.0,0.0,0.0,0.0,0.0,0.0,0.0,0.0,0.0,0.0,0.0,0.0,0.0,0.0,0.0,0.0,0.0,0.0,0.0
2018-07-18 13:00:00,0.0,0.0,0.0,0.0,0.0,0.0,0.0,0.0,0.0,0.0,0.0,0.0,0.0,0.0,0.0,0.0,0.0,0.0,0.0,0.0,0.0,0.0,0.0,0.0,0.0,0.0,0.0,0.0,0.0,0.0,0.0,0.0,0.0,0.0,0.0,0.0,0.0,0.0,0.0,0.0,0.0,0.0,0.0,0.0,0.0,0.0,0.0,0.0,0.0,0.0,0.0,0.0,0.0,0.0,0.0,0.0,0.0,0.0,0.0,0.0,0.0,0.0,0.0,0.0,0.0,0.0,0.0,0.0,0.0,0.0,0.0,0.0,0.0,0.0,0.0,0.0,0.0,0.0,0.0,0.0,0.0,0.0,0.0,0.0,0.0,0.0,0.0,0.0,0.0,0.0,0.0,0.0,0.0,0.0,0.0,0.0,0.0,0.0,0.0,0.0,0.0,0.0,0.0,0.0,0.0,0.0,0.0,0.0,0.0,0.0,0.0,0.0,0.0,0.0,0.0,0.0,0.0,0.0,0.0,0.0,0.0,0.0,0.0,0.0,0.0,0.0,0.0,0.0,0.0,0.0,0.0,0.0,0.0,0.0,0.0,0.0,0.0,0.0,0.0,0.0,0.0,0.0,0.0,0.0,0.0,0.0,0.0,0.0,0.0,0.0,0.0,0.0,0.0,0.0,0.0,0.0,0.0,0.0,0.0,0.0,0.0,0.0,0.0,0.0,0.0,0.0,0.0,0.0,0.0,0.0,0.0,0.0,0.0,0.0,0.0,0.0,0.0,0.0,0.0,0.0,0.0,0.0,0.0,0.0,0.0,0.0,0.0,0.0,0.0,0.0,0.0,0.0,0.0,0.0,0.0,0.0,0.0,0.0,0.0,0.0,0.0,0.0,0.0,0.0,0.0,0.0,0.0,0.0,0.0,0.0,0.0,0.0,0.0,0.0,0.0,0.0,0.0,0.0,0.0,0.0,0.0,0.0,0.0,0.0,0.0,0.0,0.0,0.0,0.0,0.0,0.0,0.0,0.0,0.0,0.0,0.0,0.0,0.0,0.0,0.0,0.0,0.0,0.0,0.0,0.0,0.0,0.0,0.0,0.0,0.0,0.0,0.0,0.0,0.0,0.0,0.0,0.0,0.0,0.0,0.0,0.0,0.0,0.0,0.0,0.0,0.0,0.0,0.0,0.0,0.0,0.0,0.0,0.0,0.0,0.0,0.0,0.0,0.0,0.0,0.0,0.0,0.0,0.0,0.0,0.0,0.0,0.0,0.0,0.0,0.0,0.0,0.0,0.0,0.0,0.0,0.0,0.0,0.0,0.0,0.0,0.0,0.0,0.0,0.0,0.0,0.0,0.0,0.0,0.0,0.0,0.0,0.0,0.0,0.0,0.0,0.0,0.0,0.0,0.0,0.0,0.0,0.0,0.0,0.0,0.0,0.0,0.0,0.0,0.0,0.0,0.0,0.0,0.0,0.0,0.0,0.0,0.0,0.0,0.0,0.0,0.0,0.0,0.0,0.0,0.0,0.0,0.0,0.0,0.0,0.0,0.0,0.0,0.0,0.0,0.0,0.0,0.0,0.0,0.0,0.0,0.0,0.0,0.0,0.0,0.0,0.0,0.0,0.0,0.0,0.0,0.0,0.0,0.0,0.0,0.0,0.0,0.0,0.0,0.0,0.0,0.0,0.0,0.0,0.0,0.0,0.0,0.0,0.0,0.0,0.0,0.0,0.0,0.0,0.0,0.0,0.0,0.0,0.0,0.0,0.0,0.0,0.0,0.0,0.0,0.0,0.0,0.0,0.0,0.0,0.0,0.0
2018-07-18 14:00:00,0.0,0.0,0.0,0.0,0.0,0.0,0.0,0.0,0.0,0.0,0.0,0.0,0.0,0.0,0.0,0.0,0.0,0.0,0.0,0.0,0.0,0.0,0.0,0.0,0.0,0.0,0.0,0.0,0.0,0.0,0.0,0.0,0.0,0.0,0.0,0.0,0.0,0.0,0.0,0.0,0.0,0.0,0.0,0.0,0.0,0.0,0.0,0.0,0.0,0.0,0.0,0.0,0.0,0.0,0.0,0.0,0.0,0.0,0.0,0.0,0.0,0.0,0.0,0.0,0.0,0.0,0.0,0.0,0.0,0.0,0.0,0.0,0.0,0.0,0.0,0.0,0.0,0.0,0.0,0.0,0.0,0.0,0.0,0.0,0.0,0.0,0.0,0.0,0.0,0.0,0.0,0.0,0.0,0.0,0.0,0.0,0.0,0.0,0.0,0.0,0.0,0.0,0.0,0.0,0.0,0.0,0.0,0.0,0.0,0.0,0.0,0.0,0.0,0.0,0.0,0.0,0.0,0.0,0.0,0.0,0.0,0.0,0.0,0.0,0.0,0.0,0.0,0.0,0.0,0.0,0.0,0.0,0.0,0.0,0.0,0.0,0.0,0.0,0.0,0.0,0.0,0.0,0.0,0.0,0.0,0.0,0.0,0.0,0.0,0.0,0.0,0.0,0.0,0.0,0.0,0.0,0.0,0.0,0.0,0.0,0.0,0.0,0.0,0.0,0.0,0.0,0.0,0.0,0.0,0.0,0.0,0.0,0.0,0.0,0.0,0.0,0.0,0.0,0.0,0.0,0.0,0.0,0.0,0.0,0.0,0.0,0.0,0.0,0.0,0.0,0.0,0.0,0.0,0.0,0.0,0.0,0.0,0.0,0.0,0.0,0.0,0.0,0.0,0.0,0.0,0.0,0.0,0.0,0.0,0.0,0.0,0.0,0.0,0.0,0.0,0.0,0.0,0.0,0.0,0.0,0.0,0.0,0.0,0.0,0.0,0.0,0.0,0.0,0.0,0.0,0.0,0.0,0.0,0.0,0.0,0.0,0.0,0.0,0.0,0.0,0.0,0.0,0.0,0.0,0.0,0.0,0.0,0.0,0.0,0.0,0.0,0.0,0.0,0.0,0.0,0.0,0.0,0.0,0.0,0.0,0.0,0.0,0.0,0.0,0.0,0.0,0.0,0.0,0.0,0.0,0.0,0.0,0.0,0.0,0.0,0.0,0.0,0.0,0.0,0.0,0.0,0.0,0.0,0.0,0.0,0.0,0.0,0.0,0.0,0.0,0.0,0.0,0.0,0.0,0.0,0.0,0.0,0.0,0.0,0.0,0.0,0.0,0.0,0.0,0.0,0.0,0.0,0.0,0.0,0.0,0.0,0.0,0.0,0.0,0.0,0.0,0.0,0.0,0.0,0.0,0.0,0.0,0.0,0.0,0.0,0.0,0.0,0.0,0.0,0.0,0.0,0.0,0.0,0.0,0.0,0.0,0.0,0.0,0.0,0.0,0.0,0.0,0.0,0.0,0.0,0.0,0.0,0.0,0.0,0.0,0.0,0.0,0.0,0.0,0.0,0.0,0.0,0.0,0.0,0.0,0.0,0.0,0.0,0.0,0.0,0.0,0.0,0.0,0.0,0.0,0.0,0.0,0.0,0.0,0.0,0.0,0.0,0.0,0.0,0.0,0.0,0.0,0.0,0.0,0.0,0.0,0.0,0.0,0.0,0.0,0.0,0.0,0.0,0.0,0.0,0.0,0.0,0.0,0.0,0.0,0.0,0.0,0.0,0.0,0.0,0.0,0.0,0.0,0.0,0.0,0.0
2018-07-18 15:00:00,0.0,0.0,0.0,0.0,0.0,0.0,0.0,0.0,0.0,0.0,0.0,0.0,0.0,0.0,0.0,0.0,0.0,0.0,0.0,0.0,0.0,0.0,0.0,0.0,0.0,0.0,0.0,0.0,0.0,0.0,0.0,0.0,0.0,0.0,0.0,0.0,0.0,0.0,0.0,0.0,0.0,0.0,0.0,0.0,0.0,0.0,0.0,0.0,0.0,0.0,0.0,0.0,0.0,0.0,0.0,0.0,0.0,0.0,0.0,0.0,0.0,0.0,0.0,0.0,0.0,0.0,0.0,0.0,0.0,0.0,0.0,0.0,0.0,0.0,0.0,0.0,0.0,0.0,0.0,0.0,0.0,0.0,0.0,0.0,0.0,0.0,0.0,0.0,0.0,0.0,0.0,0.0,0.0,0.0,0.0,0.0,0.0,0.0,0.0,0.0,0.0,0.0,0.0,0.0,0.0,0.0,0.0,0.0,0.0,0.0,0.0,0.0,0.0,0.0,0.0,0.0,0.0,0.0,0.0,0.0,0.0,0.0,0.0,0.0,0.0,0.0,0.0,0.0,0.0,0.0,0.0,0.0,0.0,0.0,0.0,0.0,0.0,0.0,0.0,0.0,0.0,0.0,0.0,0.0,0.0,0.0,0.0,0.0,0.0,0.0,0.0,0.0,0.0,0.0,0.0,0.0,0.0,0.0,0.0,0.0,0.0,0.0,0.0,0.0,0.0,0.0,0.0,0.0,0.0,0.0,0.0,0.0,0.0,0.0,0.0,0.0,0.0,0.0,0.0,0.0,0.0,0.0,0.0,0.0,0.0,0.0,0.0,0.0,0.0,0.0,0.0,0.0,0.0,0.0,0.0,0.0,0.0,0.0,0.0,0.0,0.0,0.0,0.0,0.0,0.0,0.0,0.0,0.0,0.0,0.0,0.0,0.0,0.0,0.0,0.0,0.0,0.0,0.0,0.0,0.0,0.0,0.0,0.0,0.0,0.0,0.0,0.0,0.0,0.0,0.0,0.0,0.0,0.0,0.0,0.0,0.0,0.0,0.0,0.0,0.0,0.0,0.0,0.0,0.0,0.0,0.0,0.0,0.0,0.0,0.0,0.0,0.0,0.0,0.0,0.0,0.0,0.0,0.0,0.0,0.0,0.0,0.0,0.0,0.0,0.0,0.0,0.0,0.0,0.0,0.0,0.0,0.0,0.0,0.0,0.0,0.0,0.0,0.0,0.0,0.0,0.0,0.0,0.0,0.0,0.0,0.0,0.0,0.0,0.0,0.0,0.0,0.0,0.0,0.0,0.0,0.0,0.0,0.0,0.0,0.0,0.0,0.0,0.0,0.0,0.0,0.0,0.0,0.0,0.0,0.0,0.0,0.0,0.0,0.0,0.0,0.0,0.0,0.0,0.0,0.0,0.0,0.0,0.0,0.0,0.0,0.0,0.0,0.0,0.0,0.0,0.0,0.0,0.0,0.0,0.0,0.0,0.0,0.0,0.0,0.0,0.0,0.0,0.0,0.0,0.0,0.0,0.0,0.0,0.0,0.0,0.0,0.0,0.0,0.0,0.0,0.0,0.0,0.0,0.0,0.0,0.0,0.0,0.0,0.0,0.0,0.0,0.0,0.0,0.0,0.0,0.0,0.0,0.0,0.0,0.0,0.0,0.0,0.0,0.0,0.0,0.0,0.0,0.0,0.0,0.0,0.0,0.0,0.0,0.0,0.0,0.0,0.0,0.0,0.0,0.0,0.0,0.0,0.0,0.0,0.0,0.0,0.0,0.0,0.0,0.0,0.0,0.0,0.0,0.0,0.0,0.0
2018-07-18 16:00:00,0.0,0.0,0.0,0.0,0.0,0.0,0.0,0.0,0.0,0.0,0.0,0.0,0.0,0.0,0.0,0.0,0.0,0.0,0.0,0.0,0.0,0.0,0.0,0.0,0.0,0.0,0.0,0.0,0.0,0.0,0.0,0.0,0.0,0.0,0.0,0.0,0.0,0.0,0.0,0.0,0.0,0.0,0.0,0.0,0.0,0.0,0.0,0.0,0.0,0.0,0.0,0.0,0.0,0.0,0.0,0.0,0.0,0.0,0.0,0.0,0.0,0.0,0.0,0.0,0.0,0.0,0.0,0.0,0.0,0.0,0.0,0.0,0.0,0.0,0.0,0.0,0.0,0.0,0.0,0.0,0.0,0.0,0.0,0.0,0.0,0.0,0.0,0.0,0.0,0.0,0.0,0.0,0.0,0.0,0.0,0.0,0.0,0.0,0.0,0.0,0.0,0.0,0.0,0.0,0.0,0.0,0.0,0.0,0.0,0.0,0.0,0.0,0.0,0.0,0.0,0.0,0.0,0.0,0.0,0.0,0.0,0.0,0.0,0.0,0.0,0.0,0.0,0.0,0.0,0.0,0.0,0.0,0.0,0.0,0.0,0.0,0.0,0.0,0.0,0.0,0.0,0.0,0.0,0.0,0.0,0.0,0.0,0.0,0.0,0.0,0.0,0.0,0.0,0.0,0.0,0.0,0.0,0.0,0.0,0.0,0.0,0.0,0.0,0.0,0.0,0.0,0.0,0.0,0.0,0.0,0.0,0.0,0.0,0.0,0.0,0.0,0.0,0.0,0.0,0.0,0.0,0.0,0.0,0.0,0.0,0.0,0.0,0.0,0.0,0.0,0.0,0.0,0.0,0.0,0.0,0.0,0.0,0.0,0.0,0.0,0.0,0.0,0.0,0.0,0.0,0.0,0.0,0.0,0.0,0.0,0.0,0.0,0.0,0.0,0.0,0.0,0.0,0.0,0.0,0.0,0.0,0.0,0.0,0.0,0.0,0.0,0.0,0.0,0.0,0.0,0.0,0.0,0.0,0.0,0.0,0.0,0.0,0.0,0.0,0.0,0.0,0.0,0.0,0.0,0.0,0.0,0.0,0.0,0.0,0.0,0.0,0.0,0.0,0.0,0.0,0.0,0.0,0.0,0.0,0.0,0.0,0.0,0.0,0.0,0.0,0.0,0.0,0.0,0.0,0.0,0.0,0.0,0.0,0.0,0.0,0.0,0.0,0.0,0.0,0.0,0.0,0.0,0.0,0.0,0.0,0.0,0.0,0.0,0.0,0.0,0.0,0.0,0.0,0.0,0.0,0.0,0.0,0.0,0.0,0.0,0.0,0.0,0.0,0.0,0.0,0.0,0.0,0.0,0.0,0.0,0.0,0.0,0.0,0.0,0.0,0.0,0.0,0.0,0.0,0.0,0.0,0.0,0.0,0.0,0.0,0.0,0.0,0.0,0.0,0.0,0.0,0.0,0.0,0.0,0.0,0.0,0.0,0.0,0.0,0.0,0.0,0.0,0.0,0.0,0.0,0.0,0.0,0.0,0.0,0.0,0.0,0.0,0.0,0.0,0.0,0.0,0.0,0.0,0.0,0.0,0.0,0.0,0.0,0.0,0.0,0.0,0.0,0.0,0.0,0.0,0.0,0.0,0.0,0.0,0.0,0.0,0.0,0.0,0.0,0.0,0.0,0.0,0.0,0.0,0.0,0.0,0.0,0.0,0.0,0.0,0.0,0.0,0.0,0.0,0.0,0.0,0.0,0.0,0.0,0.0,0.0,0.0,0.0,0.0,0.0,0.0,0.0,0.0,0.0,0.0,0.0
