time,event_raw_value_str,event_value,event_unit
2013-06-27 22:49:16+00:00,0.04,1.016,mm
2013-06-27 22:49:48+00:00,0.04,1.016,mm
2013-06-27 22:51:18+00:00,0.08,2.032,mm
2013-06-27 23:04:12+00:00,0.04,1.016,mm
2013-06-28 06:12:55+00:00,0.04,1.016,mm
2013-06-28 11:02:16+00:00,0.0,0.0,mm
2013-06-28 23:00:20+00:00,0.0,0.0,mm
2013-06-29 10:58:24+00:00,0.0,0.0,mm
2013-06-29 22:56:28+00:00,0.0,0.0,mm
2013-06-30 10:54:32+00:00,0.0,0.0,mm
2013-06-30 22:52:36+00:00,0.0,0.0,mm
2013-07-01 10:50:40+00:00,0.0,0.0,mm
2013-07-01 22:48:44+00:00,0.0,0.0,mm
2013-07-02 10:46:48+00:00,0.0,0.0,mm
2013-07-02 22:44:52+00:00,0.0,0.0,mm
2013-07-03 10:42:56+00:00,0.0,0.0,mm
2013-07-03 22:41:00+00:00,0.0,0.0,mm
2013-07-04 10:39:04+00:00,0.0,0.0,mm
2013-07-04 22:37:08+00:00,0.0,0.0,mm
2013-07-05 10:35:12+00:00,0.0,0.0,mm
2013-07-05 22:33:16+00:00,0.0,0.0,mm
2013-07-06 10:31:20+00:00,0.0,0.0,mm
2013-07-06 22:29:24+00:00,0.0,0.0,mm
2013-07-07 01:18:33+00:00,0.04,1.016,mm
2013-07-07 01:55:59+00:00,0.04,1.016,mm
2013-07-07 10:27:28+00:00,0.0,0.0,mm
2013-07-07 22:25:32+00:00,0.0,0.0,mm
2013-07-08 22:21:40+00:00,0.0,0.0,mm
2013-07-09 10:19:44+00:00,0.0,0.0,mm
2013-07-09 22:17:48+00:00,0.0,0.0,mm
2013-07-10 10:15:52+00:00,0.0,0.0,mm
2013-07-10 22:13:56+00:00,0.0,0.0,mm
2013-07-11 10:12:00+00:00,0.0,0.0,mm
2013-07-11 22:10:04+00:00,0.0,0.0,mm
2013-07-12 10:08:08+00:00,0.0,0.0,mm
2013-07-12 22:06:12+00:00,0.0,0.0,mm
2013-07-13 10:04:16+00:00,0.0,0.0,mm
2013-07-13 22:02:20+00:00,0.0,0.0,mm
2013-07-14 10:00:24+00:00,0.0,0.0,mm
2013-07-14 21:58:28+00:00,0.0,0.0,mm
2013-07-15 09:56:32+00:00,0.0,0.0,mm
2013-07-15 21:54:36+00:00,0.0,0.0,mm
2013-07-16 09:52:40+00:00,0.0,0.0,mm
2013-07-16 21:50:44+00:00,0.0,0.0,mm
2013-07-17 09:48:48+00:00,0.0,0.0,mm
2013-07-17 21:46:52+00:00,0.0,0.0,mm
2013-07-18 09:44:56+00:00,0.0,0.0,mm
2013-07-18 21:43:01+00:00,0.0,0.0,mm
2013-07-19 09:41:04+00:00,0.0,0.0,mm
2013-07-19 21:39:09+00:00,0.0,0.0,mm
2013-07-20 09:37:13+00:00,0.0,0.0,mm
2013-07-20 21:35:17+00:00,0.0,0.0,mm
2013-07-21 09:33:20+00:00,0.0,0.0,mm
2013-07-21 21:31:25+00:00,0.0,0.0,mm
2013-07-22 09:29:28+00:00,0.0,0.0,mm
2013-07-22 21:27:33+00:00,0.0,0.0,mm
2013-07-23 09:25:36+00:00,0.0,0.0,mm
2013-07-23 21:23:40+00:00,0.0,0.0,mm
2013-07-24 09:21:44+00:00,0.0,0.0,mm
2013-07-24 21:19:49+00:00,0.0,0.0,mm
2013-07-25 09:17:52+00:00,0.0,0.0,mm
2013-07-25 16:49:00+00:00,0.04,1.016,mm
2013-07-25 17:13:18+00:00,0.04,1.016,mm
2013-07-25 21:15:56+00:00,0.0,0.0,mm
2013-07-25 21:51:05+00:00,0.04,1.016,mm
2013-07-25 22:20:32+00:00,0.04,1.016,mm
2013-07-26 06:06:53+00:00,0.04,1.016,mm
2013-07-26 08:34:00+00:00,0.04,1.016,mm
2013-07-26 09:00:37+00:00,0.04,1.016,mm
2013-07-26 09:14:00+00:00,0.0,0.0,mm
2013-07-26 21:12:04+00:00,0.0,0.0,mm
2013-07-27 09:10:08+00:00,0.0,0.0,mm
2013-07-27 21:08:12+00:00,0.0,0.0,mm
2013-07-28 09:06:16+00:00,0.0,0.0,mm
2013-07-28 21:04:20+00:00,0.0,0.0,mm
2013-07-29 06:31:08+00:00,0.04,1.016,mm
2013-07-29 07:00:18+00:00,0.04,1.016,mm
2013-07-29 07:16:09+00:00,0.04,1.016,mm
2013-07-29 07:57:21+00:00,0.04,1.016,mm
2013-07-29 09:02:24+00:00,0.0,0.0,mm
2013-07-29 10:57:08+00:00,0.04,1.016,mm
2013-07-29 12:52:15+00:00,0.04,1.016,mm
2013-07-29 13:34:12+00:00,0.04,1.016,mm
2013-07-29 13:59:03+00:00,0.04,1.016,mm
2013-07-29 14:02:30+00:00,0.04,1.016,mm
2013-07-29 14:04:33+00:00,0.04,1.016,mm
2013-07-29 14:05:45+00:00,0.04,1.016,mm
2013-07-29 14:06:52+00:00,0.04,1.016,mm
2013-07-29 14:10:55+00:00,0.04,1.016,mm
2013-07-29 15:16:00+00:00,0.04,1.016,mm
2013-07-29 16:28:11+00:00,0.04,1.016,mm
2013-07-29 17:52:01+00:00,0.04,1.016,mm
2013-07-29 20:11:27+00:00,0.04,1.016,mm
2013-07-29 20:29:08+00:00,0.04,1.016,mm
2013-07-29 20:57:54+00:00,0.04,1.016,mm
2013-07-29 21:00:28+00:00,0.0,0.0,mm
2013-07-30 05:59:10+00:00,0.04,1.016,mm
2013-07-30 06:09:16+00:00,0.04,1.016,mm
2013-07-30 06:12:14+00:00,0.04,1.016,mm
2013-07-30 06:14:46+00:00,0.04,1.016,mm
2013-07-30 06:17:29+00:00,0.04,1.016,mm
2013-07-30 06:20:15+00:00,0.04,1.016,mm
2013-07-30 06:23:48+00:00,0.04,1.016,mm
2013-07-30 06:30:50+00:00,0.04,1.016,mm
2013-07-30 06:38:01+00:00,0.04,1.016,mm
2013-07-30 06:40:22+00:00,0.04,1.016,mm
2013-07-30 06:48:14+00:00,0.04,1.016,mm
2013-07-30 07:02:56+00:00,0.04,1.016,mm
2013-07-30 08:58:31+00:00,0.0,0.0,mm
2013-07-31 07:39:15+00:00,0.0,0.0,mm
2013-07-31 19:37:19+00:00,0.0,0.0,mm
2013-08-01 07:35:23+00:00,0.0,0.0,mm
2013-08-01 19:33:27+00:00,0.0,0.0,mm
2013-08-02 03:01:49+00:00,0.04,1.016,mm
2013-08-02 03:39:25+00:00,0.04,1.016,mm
2013-08-02 04:11:48+00:00,0.04,1.016,mm
2013-08-02 04:33:28+00:00,0.04,1.016,mm
2013-08-02 04:53:27+00:00,0.04,1.016,mm
2013-08-02 05:08:55+00:00,0.04,1.016,mm
2013-08-02 05:28:00+00:00,0.04,1.016,mm
2013-08-02 05:41:53+00:00,0.04,1.016,mm
2013-08-02 05:55:06+00:00,0.04,1.016,mm
2013-08-02 06:04:10+00:00,0.04,1.016,mm
2013-08-02 06:13:09+00:00,0.04,1.016,mm
2013-08-02 06:28:41+00:00,0.04,1.016,mm
2013-08-02 07:31:31+00:00,0.0,0.0,mm
2013-08-02 19:29:35+00:00,0.0,0.0,mm
2013-08-03 07:27:39+00:00,0.0,0.0,mm
2013-08-03 19:25:43+00:00,0.0,0.0,mm
2013-08-04 07:23:47+00:00,0.0,0.0,mm
2013-08-04 09:45:32+00:00,0.04,1.016,mm
2013-08-04 09:54:57+00:00,0.04,1.016,mm
2013-08-04 10:05:57+00:00,0.04,1.016,mm
2013-08-04 10:15:19+00:00,0.04,1.016,mm
2013-08-04 10:24:10+00:00,0.04,1.016,mm
2013-08-04 10:32:14+00:00,0.04,1.016,mm
2013-08-04 10:40:28+00:00,0.04,1.016,mm
2013-08-04 10:47:37+00:00,0.04,1.016,mm
2013-08-04 10:52:00+00:00,0.04,1.016,mm
2013-08-04 10:54:06+00:00,0.04,1.016,mm
2013-08-04 10:57:01+00:00,0.04,1.016,mm
2013-08-04 11:03:06+00:00,0.04,1.016,mm
2013-08-04 11:06:39+00:00,0.04,1.016,mm
2013-08-04 11:08:13+00:00,0.04,1.016,mm
2013-08-04 11:09:53+00:00,0.04,1.016,mm
2013-08-04 11:11:32+00:00,0.04,1.016,mm
2013-08-04 11:13:20+00:00,0.04,1.016,mm
2013-08-04 11:14:58+00:00,0.04,1.016,mm
2013-08-04 11:16:35+00:00,0.04,1.016,mm
2013-08-04 11:19:47+00:00,0.08,2.032,mm
2013-08-04 11:22:05+00:00,0.04,1.016,mm
2013-08-04 11:23:57+00:00,0.04,1.016,mm
2013-08-04 11:34:04+00:00,0.08,2.032,mm
2013-08-04 11:40:35+00:00,0.04,1.016,mm
2013-08-04 11:48:06+00:00,0.04,1.016,mm
2013-08-04 12:05:12+00:00,0.04,1.016,mm
2013-08-04 13:17:39+00:00,0.04,1.016,mm
2013-08-04 19:21:50+00:00,0.0,0.0,mm
2013-08-05 07:19:54+00:00,0.0,0.0,mm
2013-08-05 19:17:58+00:00,0.0,0.0,mm
2013-08-06 07:16:02+00:00,0.0,0.0,mm
2013-08-06 19:14:06+00:00,0.0,0.0,mm
2013-08-07 05:37:58+00:00,0.04,1.016,mm
2013-08-07 05:49:02+00:00,0.04,1.016,mm
2013-08-07 06:01:32+00:00,0.04,1.016,mm
2013-08-07 06:10:09+00:00,0.04,1.016,mm
2013-08-07 06:33:48+00:00,0.04,1.016,mm
2013-08-07 07:12:10+00:00,0.0,0.0,mm
2013-08-07 19:10:14+00:00,0.0,0.0,mm
2013-08-08 07:08:18+00:00,0.0,0.0,mm
2013-08-08 19:06:22+00:00,0.0,0.0,mm
2013-08-09 07:04:26+00:00,0.0,0.0,mm
2013-08-09 19:02:30+00:00,0.0,0.0,mm
2013-08-10 07:00:34+00:00,0.0,0.0,mm
2013-08-10 18:58:38+00:00,0.0,0.0,mm
2013-08-11 06:56:42+00:00,0.0,0.0,mm
2013-08-11 18:54:46+00:00,0.0,0.0,mm
2013-08-12 06:20:41+00:00,0.08,2.032,mm
2013-08-12 06:42:00+00:00,0.08,2.032,mm
2013-08-12 06:43:23+00:00,0.04,1.016,mm
2013-08-12 06:44:22+00:00,0.04,1.016,mm
2013-08-12 06:46:28+00:00,0.08,2.032,mm
2013-08-12 06:47:21+00:00,0.04,1.016,mm
2013-08-12 06:48:06+00:00,0.04,1.016,mm
2013-08-12 06:48:59+00:00,0.04,1.016,mm
2013-08-12 06:50:14+00:00,0.04,1.016,mm
2013-08-12 06:52:35+00:00,0.04,1.016,mm
2013-08-12 06:52:58+00:00,0.0,0.0,mm
2013-08-12 06:56:26+00:00,0.04,1.016,mm
2013-08-12 07:00:59+00:00,0.04,1.016,mm
2013-08-12 07:34:10+00:00,0.08,2.032,mm
2013-08-12 07:51:17+00:00,0.04,1.016,mm
2013-08-12 08:23:22+00:00,0.04,1.016,mm
2013-08-12 18:50:53+00:00,0.0,0.0,mm
2013-08-13 06:48:57+00:00,0.0,0.0,mm
2013-08-13 18:47:01+00:00,0.0,0.0,mm
2013-08-14 06:45:05+00:00,0.0,0.0,mm
2013-08-14 18:43:09+00:00,0.0,0.0,mm
2013-08-15 06:41:13+00:00,0.0,0.0,mm
2013-08-15 18:39:17+00:00,0.0,0.0,mm
2013-08-16 06:37:21+00:00,0.0,0.0,mm
2013-08-16 18:35:25+00:00,0.0,0.0,mm
2013-08-17 06:33:29+00:00,0.0,0.0,mm
2013-08-17 18:31:33+00:00,0.0,0.0,mm
2013-08-18 06:29:37+00:00,0.0,0.0,mm
2013-08-18 18:27:41+00:00,0.0,0.0,mm
2013-08-19 06:25:45+00:00,0.0,0.0,mm
2013-08-19 18:23:49+00:00,0.0,0.0,mm
2013-08-20 06:21:53+00:00,0.0,0.0,mm
2013-08-20 18:19:58+00:00,0.0,0.0,mm
2013-08-21 06:18:01+00:00,0.0,0.0,mm
2013-08-21 18:16:06+00:00,0.0,0.0,mm
2013-08-22 06:14:09+00:00,0.0,0.0,mm
2013-08-22 18:12:14+00:00,0.0,0.0,mm
2013-08-23 06:10:17+00:00,0.0,0.0,mm
2013-08-23 18:08:22+00:00,0.0,0.0,mm
2013-08-24 06:06:26+00:00,0.0,0.0,mm
2013-08-24 18:04:30+00:00,0.0,0.0,mm
2013-08-25 06:02:34+00:00,0.0,0.0,mm
2013-08-25 18:00:38+00:00,0.0,0.0,mm
2013-08-26 05:58:42+00:00,0.0,0.0,mm
2013-08-26 17:56:46+00:00,0.0,0.0,mm
2013-08-27 05:54:50+00:00,0.0,0.0,mm
2013-08-27 17:52:54+00:00,0.0,0.0,mm
2013-08-28 05:50:58+00:00,0.0,0.0,mm
2013-08-28 17:49:02+00:00,0.0,0.0,mm
2013-08-29 05:47:06+00:00,0.0,0.0,mm
2013-08-30 05:43:14+00:00,0.0,0.0,mm
2013-08-30 17:41:18+00:00,0.0,0.0,mm
2013-08-31 05:39:22+00:00,0.0,0.0,mm
2013-08-31 17:37:26+00:00,0.0,0.0,mm
2013-09-01 05:35:30+00:00,0.0,0.0,mm
2013-09-01 06:59:34+00:00,0.04,1.016,mm
2013-09-01 07:01:42+00:00,0.04,1.016,mm
2013-09-01 07:03:15+00:00,0.04,1.016,mm
2013-09-01 07:04:23+00:00,0.04,1.016,mm
2013-09-01 07:05:25+00:00,0.04,1.016,mm
2013-09-01 07:06:22+00:00,0.04,1.016,mm
2013-09-01 07:07:47+00:00,0.08,2.032,mm
2013-09-01 07:08:35+00:00,0.04,1.016,mm
2013-09-01 07:09:32+00:00,0.04,1.016,mm
2013-09-01 07:10:29+00:00,0.04,1.016,mm
2013-09-01 07:11:05+00:00,0.04,1.016,mm
2013-09-01 07:11:42+00:00,0.04,1.016,mm
2013-09-01 07:12:28+00:00,0.04,1.016,mm
2013-09-01 07:13:23+00:00,0.04,1.016,mm
2013-09-01 07:14:59+00:00,0.04,1.016,mm
2013-09-01 07:16:21+00:00,0.04,1.016,mm
2013-09-01 07:17:46+00:00,0.04,1.016,mm
2013-09-01 07:19:45+00:00,0.04,1.016,mm
2013-09-01 07:22:17+00:00,0.04,1.016,mm
2013-09-01 07:27:10+00:00,0.04,1.016,mm
2013-09-01 07:38:36+00:00,0.04,1.016,mm
2013-09-01 08:13:43+00:00,0.04,1.016,mm
2013-09-01 08:26:45+00:00,0.04,1.016,mm
2013-09-01 08:37:00+00:00,0.04,1.016,mm
2013-09-01 08:49:14+00:00,0.04,1.016,mm
2013-09-01 17:33:34+00:00,0.0,0.0,mm
2013-09-02 17:29:42+00:00,0.0,0.0,mm
2013-09-03 05:27:46+00:00,0.0,0.0,mm
2013-09-03 17:25:50+00:00,0.0,0.0,mm
2013-09-04 05:23:54+00:00,0.0,0.0,mm
2013-09-04 17:21:59+00:00,0.0,0.0,mm
2013-09-05 05:20:03+00:00,0.0,0.0,mm
2013-09-05 17:18:07+00:00,0.0,0.0,mm
2013-09-06 05:16:11+00:00,0.0,0.0,mm
2013-09-06 17:14:15+00:00,0.0,0.0,mm
2013-09-07 05:12:19+00:00,0.0,0.0,mm
2013-09-07 17:10:23+00:00,0.0,0.0,mm
2013-09-08 05:08:27+00:00,0.0,0.0,mm
2013-09-08 17:06:31+00:00,0.0,0.0,mm
2013-09-09 05:04:35+00:00,0.0,0.0,mm
2013-09-09 17:02:39+00:00,0.0,0.0,mm
2013-09-10 05:00:43+00:00,0.0,0.0,mm
2013-09-10 16:58:47+00:00,0.0,0.0,mm
2013-09-11 04:56:51+00:00,0.0,0.0,mm
2013-09-11 16:54:55+00:00,0.0,0.0,mm
2013-09-12 04:52:59+00:00,0.0,0.0,mm
2013-09-12 16:51:04+00:00,0.0,0.0,mm
2013-09-13 04:49:07+00:00,0.0,0.0,mm
2013-09-13 16:47:12+00:00,0.0,0.0,mm
2013-09-14 04:45:16+00:00,0.0,0.0,mm
2013-09-14 16:43:20+00:00,0.0,0.0,mm
2013-09-15 04:41:24+00:00,0.0,0.0,mm
2013-09-15 11:33:04+00:00,0.04,1.016,mm
2013-09-15 16:39:28+00:00,0.0,0.0,mm
2013-09-15 23:30:01+00:00,0.04,1.016,mm
2013-09-15 23:30:57+00:00,0.04,1.016,mm
2013-09-15 23:31:36+00:00,0.04,1.016,mm
2013-09-15 23:32:05+00:00,0.04,1.016,mm
2013-09-15 23:32:42+00:00,0.04,1.016,mm
2013-09-15 23:34:07+00:00,0.08,2.032,mm
2013-09-15 23:36:20+00:00,0.04,1.016,mm
2013-09-15 23:40:54+00:00,0.04,1.016,mm
2013-09-15 23:49:33+00:00,0.04,1.016,mm
2013-09-15 23:53:14+00:00,0.04,1.016,mm
2013-09-16 01:40:48+00:00,0.04,1.016,mm
2013-09-16 03:58:30+00:00,0.04,1.016,mm
2013-09-16 04:37:31+00:00,0.0,0.0,mm
2013-09-16 16:35:35+00:00,0.0,0.0,mm
2013-09-17 04:33:39+00:00,0.0,0.0,mm
2013-09-17 06:31:38+00:00,0.04,1.016,mm
2013-09-17 07:41:15+00:00,0.04,1.016,mm
2013-09-17 08:01:46+00:00,0.04,1.016,mm
2013-09-17 08:18:48+00:00,0.04,1.016,mm
2013-09-17 08:29:10+00:00,0.04,1.016,mm
2013-09-17 08:38:12+00:00,0.04,1.016,mm
2013-09-17 08:44:03+00:00,0.04,1.016,mm
2013-09-17 08:47:06+00:00,0.04,1.016,mm
2013-09-17 08:49:09+00:00,0.04,1.016,mm
2013-09-17 08:58:39+00:00,0.08,2.032,mm
2013-09-17 09:09:51+00:00,0.04,1.016,mm
2013-09-17 09:22:20+00:00,0.04,1.016,mm
2013-09-17 09:29:16+00:00,0.04,1.016,mm
2013-09-17 09:42:06+00:00,0.04,1.016,mm
2013-09-17 10:01:59+00:00,0.04,1.016,mm
2013-09-17 10:13:07+00:00,0.04,1.016,mm
2013-09-17 10:21:04+00:00,0.04,1.016,mm
2013-09-17 10:32:34+00:00,0.04,1.016,mm
2013-09-17 16:31:43+00:00,0.0,0.0,mm
2013-09-18 04:29:47+00:00,0.0,0.0,mm
2013-09-18 16:27:51+00:00,0.0,0.0,mm
2013-09-19 04:25:55+00:00,0.0,0.0,mm
2013-09-19 16:23:59+00:00,0.0,0.0,mm
2013-09-19 18:13:24+00:00,0.04,1.016,mm
2013-09-19 18:18:42+00:00,0.04,1.016,mm
2013-09-19 18:22:24+00:00,0.04,1.016,mm
2013-09-19 18:23:46+00:00,0.08,2.032,mm
2013-09-19 18:24:22+00:00,0.04,1.016,mm
2013-09-19 18:25:03+00:00,0.04,1.016,mm
2013-09-19 18:28:41+00:00,0.08,2.032,mm
2013-09-19 18:30:38+00:00,0.08,2.032,mm
2013-09-19 18:31:37+00:00,0.04,1.016,mm
2013-09-19 18:33:27+00:00,0.04,1.016,mm
2013-09-19 18:35:53+00:00,0.04,1.016,mm
2013-09-19 18:36:58+00:00,0.04,1.016,mm
2013-09-19 18:41:20+00:00,0.12,3.0479999999999996,mm
2013-09-19 18:44:31+00:00,0.04,1.016,mm
2013-09-19 18:57:11+00:00,0.08,2.032,mm
2013-09-19 20:15:56+00:00,0.08,2.032,mm
2013-09-19 20:19:06+00:00,0.04,1.016,mm
2013-09-19 20:21:40+00:00,0.04,1.016,mm
2013-09-19 20:25:33+00:00,0.04,1.016,mm
2013-09-19 20:30:24+00:00,0.04,1.016,mm
2013-09-19 20:32:30+00:00,0.04,1.016,mm
2013-09-19 20:33:43+00:00,0.04,1.016,mm
2013-09-19 20:35:15+00:00,0.04,1.016,mm
2013-09-19 20:37:11+00:00,0.04,1.016,mm
2013-09-19 20:47:21+00:00,0.12,3.0479999999999996,mm
2013-09-19 20:57:01+00:00,0.04,1.016,mm
2013-09-19 21:13:48+00:00,0.04,1.016,mm
2013-09-19 21:25:27+00:00,0.04,1.016,mm
2013-09-20 04:22:02+00:00,0.0,0.0,mm
2013-09-20 16:20:06+00:00,0.0,0.0,mm
2013-09-21 04:18:10+00:00,0.0,0.0,mm
2013-09-21 16:16:14+00:00,0.0,0.0,mm
2013-09-22 04:14:18+00:00,0.0,0.0,mm
2013-09-22 16:12:23+00:00,0.0,0.0,mm
2013-09-23 04:10:27+00:00,0.0,0.0,mm
2013-09-23 16:08:31+00:00,0.0,0.0,mm
2013-09-24 04:06:35+00:00,0.0,0.0,mm
2013-09-24 16:04:39+00:00,0.0,0.0,mm
2013-09-25 04:02:43+00:00,0.0,0.0,mm
2013-09-25 16:00:47+00:00,0.0,0.0,mm
2013-09-26 03:58:51+00:00,0.0,0.0,mm
2013-09-26 15:56:55+00:00,0.0,0.0,mm
2013-09-27 03:54:59+00:00,0.0,0.0,mm
2013-09-27 15:53:03+00:00,0.0,0.0,mm
2013-09-28 03:51:07+00:00,0.0,0.0,mm
2013-09-28 07:13:44+00:00,0.04,1.016,mm
2013-09-28 07:15:51+00:00,0.04,1.016,mm
2013-09-28 07:17:09+00:00,0.04,1.016,mm
2013-09-28 07:18:44+00:00,0.04,1.016,mm
2013-09-28 07:20:08+00:00,0.04,1.016,mm
2013-09-28 07:24:46+00:00,0.04,1.016,mm
2013-09-28 07:50:24+00:00,0.04,1.016,mm
2013-09-28 08:03:11+00:00,0.04,1.016,mm
2013-09-28 08:12:40+00:00,0.04,1.016,mm
2013-09-28 08:21:04+00:00,0.04,1.016,mm
2013-09-28 08:39:26+00:00,0.08,2.032,mm
2013-09-28 10:08:22+00:00,0.04,1.016,mm
2013-09-28 10:44:49+00:00,0.04,1.016,mm
2013-09-28 12:56:36+00:00,0.04,1.016,mm
2013-09-28 15:49:10+00:00,0.0,0.0,mm
2013-09-29 03:47:14+00:00,0.0,0.0,mm
2013-09-29 04:16:47+00:00,0.04,1.016,mm
2013-09-29 15:45:19+00:00,0.0,0.0,mm
2013-09-30 03:43:23+00:00,0.0,0.0,mm
2013-09-30 15:41:27+00:00,0.0,0.0,mm
2013-10-01 03:39:31+00:00,0.0,0.0,mm
2013-10-01 15:37:35+00:00,0.0,0.0,mm
2013-10-02 03:35:39+00:00,0.0,0.0,mm
2013-10-02 15:33:43+00:00,0.0,0.0,mm
2013-10-03 03:31:47+00:00,0.0,0.0,mm
2013-10-03 10:19:58+00:00,0.04,1.016,mm
2013-10-03 10:21:49+00:00,0.04,1.016,mm
2013-10-03 10:23:41+00:00,0.04,1.016,mm
2013-10-03 10:26:03+00:00,0.04,1.016,mm
2013-10-03 10:27:03+00:00,0.04,1.016,mm
2013-10-03 10:28:09+00:00,0.04,1.016,mm
2013-10-03 10:29:13+00:00,0.04,1.016,mm
2013-10-03 10:29:55+00:00,0.04,1.016,mm
2013-10-03 10:30:22+00:00,0.04,1.016,mm
2013-10-03 10:30:53+00:00,0.04,1.016,mm
2013-10-03 10:31:27+00:00,0.04,1.016,mm
2013-10-03 10:32:01+00:00,0.04,1.016,mm
2013-10-03 10:32:42+00:00,0.04,1.016,mm
2013-10-03 10:33:38+00:00,0.04,1.016,mm
2013-10-03 10:34:27+00:00,0.04,1.016,mm
2013-10-03 10:35:19+00:00,0.04,1.016,mm
2013-10-03 10:36:33+00:00,0.04,1.016,mm
2013-10-03 10:37:43+00:00,0.04,1.016,mm
2013-10-03 10:58:34+00:00,0.12,3.0479999999999996,mm
2013-10-03 15:29:51+00:00,0.0,0.0,mm
2013-10-04 03:27:55+00:00,0.0,0.0,mm
2013-10-04 15:25:58+00:00,0.0,0.0,mm
2013-10-04 21:40:29+00:00,0.04,1.016,mm
2013-10-04 21:41:20+00:00,0.04,1.016,mm
2013-10-04 21:42:02+00:00,0.04,1.016,mm
2013-10-04 21:42:51+00:00,0.04,1.016,mm
2013-10-04 21:43:37+00:00,0.04,1.016,mm
2013-10-04 21:44:53+00:00,0.04,1.016,mm
2013-10-04 21:47:07+00:00,0.04,1.016,mm
2013-10-04 21:47:56+00:00,0.04,1.016,mm
2013-10-04 21:48:50+00:00,0.04,1.016,mm
2013-10-04 21:49:49+00:00,0.04,1.016,mm
2013-10-04 21:55:46+00:00,0.04,1.016,mm
2013-10-04 22:46:30+00:00,0.04,1.016,mm
2013-10-04 22:49:06+00:00,0.08,2.032,mm
2013-10-04 22:56:56+00:00,0.04,1.016,mm
2013-10-04 23:11:02+00:00,0.04,1.016,mm
2013-10-05 03:24:02+00:00,0.0,0.0,mm
2013-10-05 15:22:06+00:00,0.0,0.0,mm
2013-10-06 03:20:10+00:00,0.0,0.0,mm
2013-10-06 15:18:15+00:00,0.0,0.0,mm
2013-10-07 03:16:19+00:00,0.0,0.0,mm
2013-10-07 15:14:23+00:00,0.0,0.0,mm
2013-10-08 03:12:27+00:00,0.0,0.0,mm
2013-10-08 15:10:31+00:00,0.0,0.0,mm
2013-10-09 03:08:35+00:00,0.0,0.0,mm
2013-10-09 15:06:39+00:00,0.0,0.0,mm
2013-10-10 03:04:43+00:00,0.0,0.0,mm
2013-10-10 15:02:47+00:00,0.0,0.0,mm
2013-10-11 03:00:51+00:00,0.0,0.0,mm
2013-10-11 14:58:55+00:00,0.0,0.0,mm
2013-10-12 02:56:59+00:00,0.0,0.0,mm
2013-10-12 14:55:03+00:00,0.0,0.0,mm
2013-10-13 14:51:12+00:00,0.0,0.0,mm
2013-10-14 02:49:16+00:00,0.0,0.0,mm
2013-10-14 14:47:20+00:00,0.0,0.0,mm
2013-10-15 00:21:29+00:00,0.04,1.016,mm
2013-10-15 00:48:39+00:00,0.04,1.016,mm
2013-10-15 02:39:40+00:00,0.04,1.016,mm
2013-10-15 02:45:24+00:00,0.0,0.0,mm
2013-10-15 14:43:28+00:00,0.0,0.0,mm
2013-10-16 02:41:32+00:00,0.0,0.0,mm
2013-10-16 14:39:36+00:00,0.0,0.0,mm
2013-10-17 02:37:41+00:00,0.0,0.0,mm
2013-10-17 14:35:45+00:00,0.0,0.0,mm
2013-10-18 02:33:49+00:00,0.0,0.0,mm
2013-10-18 13:25:47+00:00,0.08,2.032,mm
2013-10-18 14:00:39+00:00,0.04,1.016,mm
2013-10-18 14:31:53+00:00,0.0,0.0,mm
2013-10-18 14:54:04+00:00,0.04,1.016,mm
2013-10-18 15:41:36+00:00,0.04,1.016,mm
2013-10-19 02:29:58+00:00,0.04,1.016,mm
2013-10-19 14:28:02+00:00,0.0,0.0,mm
2013-10-20 02:26:06+00:00,0.0,0.0,mm
2013-10-20 14:24:11+00:00,0.0,0.0,mm
2013-10-21 02:22:15+00:00,0.0,0.0,mm
2013-10-21 14:20:19+00:00,0.0,0.0,mm
2013-10-22 02:18:23+00:00,0.0,0.0,mm
2013-10-22 14:16:27+00:00,0.0,0.0,mm
2013-10-23 02:14:32+00:00,0.0,0.0,mm
2013-10-23 14:12:36+00:00,0.0,0.0,mm
2013-10-24 02:10:40+00:00,0.0,0.0,mm
2013-10-24 14:08:45+00:00,0.0,0.0,mm
2013-10-25 02:06:49+00:00,0.0,0.0,mm
2013-10-25 14:04:53+00:00,0.0,0.0,mm
2013-10-26 02:02:58+00:00,0.0,0.0,mm
2013-10-26 14:01:02+00:00,0.0,0.0,mm
2013-10-27 01:59:06+00:00,0.0,0.0,mm
2013-10-27 13:57:11+00:00,0.0,0.0,mm
2013-10-28 01:55:15+00:00,0.0,0.0,mm
2013-10-28 13:53:19+00:00,0.0,0.0,mm
2013-10-29 01:51:23+00:00,0.0,0.0,mm
2013-10-29 02:51:17+00:00,0.04,1.016,mm
2013-10-29 03:03:50+00:00,0.04,1.016,mm
2013-10-29 03:14:38+00:00,0.04,1.016,mm
2013-10-29 03:23:15+00:00,0.04,1.016,mm
2013-10-29 03:31:14+00:00,0.04,1.016,mm
2013-10-29 03:52:15+00:00,0.04,1.016,mm
2013-10-29 04:19:11+00:00,0.04,1.016,mm
2013-10-29 04:30:52+00:00,0.04,1.016,mm
2013-10-29 04:40:41+00:00,0.04,1.016,mm
2013-10-29 04:48:40+00:00,0.04,1.016,mm
2013-10-29 04:55:48+00:00,0.04,1.016,mm
2013-10-29 05:01:47+00:00,0.04,1.016,mm
2013-10-29 05:05:29+00:00,0.04,1.016,mm
2013-10-29 05:09:24+00:00,0.04,1.016,mm
2013-10-29 05:15:02+00:00,0.04,1.016,mm
2013-10-29 05:26:37+00:00,0.04,1.016,mm
2013-10-29 05:39:30+00:00,0.04,1.016,mm
2013-10-29 05:48:17+00:00,0.04,1.016,mm
2013-10-29 06:14:38+00:00,0.12,3.0479999999999996,mm
2013-10-29 06:37:38+00:00,0.04,1.016,mm
2013-10-29 06:59:48+00:00,0.04,1.016,mm
2013-10-29 07:12:23+00:00,0.04,1.016,mm
2013-10-29 07:26:41+00:00,0.04,1.016,mm
2013-10-29 07:33:07+00:00,0.04,1.016,mm
2013-10-29 07:47:48+00:00,0.04,1.016,mm
2013-10-29 08:02:38+00:00,0.04,1.016,mm
2013-10-29 08:25:33+00:00,0.04,1.016,mm
2013-10-29 11:10:00+00:00,0.04,1.016,mm
2013-10-29 13:48:56+00:00,0.0,0.0,mm
2013-10-30 01:45:59+00:00,0.0,0.0,mm
2013-10-30 12:33:02+00:00,0.04,1.016,mm
2013-10-30 13:43:03+00:00,0.0,0.0,mm
2013-10-30 17:35:20+00:00,0.08,2.032,mm
2013-10-30 17:41:45+00:00,0.04,1.016,mm
2013-10-30 17:52:50+00:00,0.08,2.032,mm
2013-10-30 18:01:25+00:00,0.04,1.016,mm
2013-10-30 18:09:46+00:00,0.04,1.016,mm
2013-10-30 18:22:51+00:00,0.04,1.016,mm
2013-10-30 18:33:47+00:00,0.04,1.016,mm
2013-10-30 18:43:07+00:00,0.04,1.016,mm
2013-10-30 19:04:31+00:00,0.04,1.016,mm
2013-10-30 19:17:35+00:00,0.04,1.016,mm
2013-10-30 19:29:39+00:00,0.04,1.016,mm
2013-10-30 20:09:46+00:00,0.04,1.016,mm
2013-10-30 20:32:28+00:00,0.04,1.016,mm
2013-10-30 22:06:44+00:00,0.04,1.016,mm
2013-10-30 22:25:23+00:00,0.04,1.016,mm
2013-10-30 22:49:59+00:00,0.04,1.016,mm
2013-10-30 23:57:58+00:00,0.04,1.016,mm
2013-10-31 00:25:09+00:00,0.04,1.016,mm
2013-10-31 00:29:11+00:00,0.04,1.016,mm
2013-10-31 00:30:16+00:00,0.04,1.016,mm
2013-10-31 00:31:14+00:00,0.04,1.016,mm
2013-10-31 00:31:54+00:00,0.04,1.016,mm
2013-10-31 00:33:11+00:00,0.04,1.016,mm
2013-10-31 00:38:58+00:00,0.04,1.016,mm
2013-10-31 01:40:06+00:00,0.0,0.0,mm
2013-10-31 03:41:20+00:00,0.04,1.016,mm
2013-10-31 04:03:44+00:00,0.04,1.016,mm
2013-10-31 04:51:50+00:00,0.04,1.016,mm
2013-10-31 05:12:55+00:00,0.04,1.016,mm
2013-10-31 05:31:08+00:00,0.04,1.016,mm
2013-10-31 05:52:50+00:00,0.04,1.016,mm
2013-10-31 06:13:39+00:00,0.04,1.016,mm
2013-10-31 06:31:37+00:00,0.04,1.016,mm
2013-10-31 06:52:56+00:00,0.04,1.016,mm
2013-10-31 07:37:44+00:00,0.08,2.032,mm
2013-10-31 07:50:55+00:00,0.04,1.016,mm
2013-10-31 13:37:10+00:00,0.04,1.016,mm
2013-11-01 01:34:13+00:00,0.0,0.0,mm
2013-11-01 13:31:17+00:00,0.0,0.0,mm
2013-11-02 01:28:20+00:00,0.0,0.0,mm
2013-11-02 13:25:24+00:00,0.0,0.0,mm
2013-11-03 01:22:27+00:00,0.0,0.0,mm
2013-11-03 12:19:31+00:00,0.0,0.0,mm
2013-11-04 00:16:34+00:00,0.0,0.0,mm
2013-11-04 03:13:19+00:00,0.04,1.016,mm
2013-11-04 04:09:01+00:00,0.04,1.016,mm
2013-11-04 12:13:38+00:00,0.0,0.0,mm
2013-11-05 00:10:41+00:00,0.0,0.0,mm
2013-11-05 04:10:31+00:00,0.04,1.016,mm
2013-11-05 05:51:57+00:00,0.04,1.016,mm
2013-11-05 09:17:15+00:00,0.04,1.016,mm
2013-11-05 09:58:33+00:00,0.04,1.016,mm
2013-11-05 12:07:44+00:00,0.0,0.0,mm
2013-11-05 17:12:39+00:00,0.04,1.016,mm
2013-11-05 17:21:09+00:00,0.04,1.016,mm
2013-11-05 17:29:52+00:00,0.04,1.016,mm
2013-11-05 18:24:04+00:00,0.04,1.016,mm
2013-11-05 18:32:11+00:00,0.04,1.016,mm
2013-11-05 19:09:07+00:00,0.04,1.016,mm
2013-11-05 19:40:21+00:00,0.04,1.016,mm
2013-11-05 21:00:23+00:00,0.04,1.016,mm
2013-11-05 22:33:22+00:00,0.04,1.016,mm
2013-11-05 22:53:37+00:00,0.04,1.016,mm
2013-11-05 23:09:28+00:00,0.04,1.016,mm
2013-11-05 23:30:26+00:00,0.04,1.016,mm
2013-11-06 00:03:04+00:00,0.12,3.0479999999999996,mm
2013-11-06 00:04:48+00:00,0.0,0.0,mm
2013-11-06 00:19:54+00:00,0.04,1.016,mm
2013-11-06 00:43:19+00:00,0.04,1.016,mm
2013-11-06 02:03:49+00:00,0.04,1.016,mm
2013-11-06 12:01:52+00:00,0.0,0.0,mm
2013-11-06 23:58:55+00:00,0.0,0.0,mm
2013-11-07 10:28:44+00:00,0.0,0.0,mm
2013-11-08 07:49:09+00:00,0.0,0.0,mm
2013-11-08 19:47:11+00:00,0.0,0.0,mm
2013-11-09 07:45:14+00:00,0.0,0.0,mm
2013-11-09 19:43:17+00:00,0.0,0.0,mm
2013-11-10 07:41:20+00:00,0.0,0.0,mm
2013-11-10 19:39:22+00:00,0.0,0.0,mm
2013-11-11 07:37:25+00:00,0.0,0.0,mm
2013-11-11 19:35:28+00:00,0.0,0.0,mm
2013-11-12 07:33:32+00:00,0.0,0.0,mm
2013-11-12 19:31:35+00:00,0.0,0.0,mm
2013-11-15 19:19:52+00:00,0.0,0.0,mm
2013-11-16 07:17:55+00:00,0.0,0.0,mm
2013-11-16 19:15:58+00:00,0.0,0.0,mm
2013-11-17 07:14:00+00:00,0.0,0.0,mm
2013-11-17 19:12:03+00:00,0.0,0.0,mm
2013-11-18 07:10:06+00:00,0.0,0.0,mm
2013-11-18 19:08:08+00:00,0.0,0.0,mm
2013-11-19 07:06:11+00:00,0.0,0.0,mm
2013-11-19 19:04:14+00:00,0.0,0.0,mm
2013-11-20 07:02:17+00:00,0.0,0.0,mm
2013-11-20 07:13:40+00:00,0.04,1.016,mm
2013-11-20 08:53:32+00:00,0.04,1.016,mm
2013-11-20 19:00:20+00:00,0.0,0.0,mm
2013-11-21 06:58:22+00:00,0.0,0.0,mm
2013-11-21 09:14:00+00:00,0.04,1.016,mm
2013-11-21 10:39:44+00:00,0.04,1.016,mm
2013-11-21 16:23:30+00:00,0.04,1.016,mm
2013-11-21 18:56:25+00:00,0.0,0.0,mm
2013-11-22 06:54:29+00:00,0.0,0.0,mm
2013-11-22 11:24:14+00:00,0.04,1.016,mm
2013-11-22 18:52:32+00:00,0.0,0.0,mm
2013-11-23 06:50:36+00:00,0.0,0.0,mm
2013-11-23 18:48:39+00:00,0.0,0.0,mm
2013-11-24 06:46:43+00:00,0.0,0.0,mm
2013-11-24 18:44:47+00:00,0.0,0.0,mm
2013-11-25 06:42:50+00:00,0.0,0.0,mm
2013-11-25 18:40:53+00:00,0.0,0.0,mm
2013-11-26 06:38:57+00:00,0.0,0.0,mm
2013-11-26 18:37:00+00:00,0.0,0.0,mm
2013-11-27 06:35:04+00:00,0.0,0.0,mm
2013-11-27 18:33:07+00:00,0.0,0.0,mm
2013-11-28 06:31:10+00:00,0.0,0.0,mm
2013-11-28 18:29:13+00:00,0.0,0.0,mm
2013-11-29 06:27:17+00:00,0.0,0.0,mm
2013-11-29 18:25:19+00:00,0.0,0.0,mm
2013-11-30 06:23:23+00:00,0.0,0.0,mm
2013-11-30 18:21:25+00:00,0.0,0.0,mm
2013-12-01 06:19:28+00:00,0.0,0.0,mm
2013-12-01 18:17:31+00:00,0.0,0.0,mm
2013-12-02 06:15:34+00:00,0.0,0.0,mm
2013-12-02 18:13:37+00:00,0.0,0.0,mm
2013-12-03 06:11:40+00:00,0.0,0.0,mm
2013-12-03 18:09:43+00:00,0.0,0.0,mm
2013-12-04 06:07:46+00:00,0.0,0.0,mm
2013-12-04 18:05:49+00:00,0.0,0.0,mm
2013-12-05 06:03:52+00:00,0.0,0.0,mm
2013-12-05 18:01:56+00:00,0.0,0.0,mm
2013-12-06 06:00:00+00:00,0.0,0.0,mm
2013-12-06 17:58:04+00:00,0.0,0.0,mm
2013-12-07 05:56:08+00:00,0.0,0.0,mm
2013-12-07 17:54:12+00:00,0.0,0.0,mm
2013-12-08 05:52:16+00:00,0.0,0.0,mm
2013-12-08 17:50:19+00:00,0.0,0.0,mm
2013-12-09 05:48:23+00:00,0.0,0.0,mm
2013-12-09 17:46:27+00:00,0.0,0.0,mm
2013-12-10 05:44:31+00:00,0.0,0.0,mm
2013-12-10 11:12:59+00:00,0.04,1.016,mm
2013-12-10 17:42:34+00:00,0.0,0.0,mm
2013-12-11 05:40:38+00:00,0.0,0.0,mm
2013-12-11 17:38:41+00:00,0.0,0.0,mm
2013-12-12 05:36:45+00:00,0.0,0.0,mm
2013-12-12 17:34:49+00:00,0.0,0.0,mm
2013-12-13 05:32:52+00:00,0.0,0.0,mm
2013-12-13 09:26:25+00:00,0.04,1.016,mm
2013-12-13 15:29:28+00:00,0.04,1.016,mm
2013-12-13 17:30:55+00:00,0.0,0.0,mm
2013-12-13 20:04:48+00:00,0.04,1.016,mm
2013-12-13 23:42:56+00:00,0.04,1.016,mm
2013-12-14 05:28:58+00:00,0.0,0.0,mm
2013-12-14 17:27:02+00:00,0.0,0.0,mm
2013-12-15 05:25:06+00:00,0.0,0.0,mm
2013-12-15 17:23:09+00:00,0.0,0.0,mm
2013-12-16 05:21:12+00:00,0.0,0.0,mm
2013-12-16 17:19:15+00:00,0.0,0.0,mm
2013-12-17 05:17:18+00:00,0.0,0.0,mm
2013-12-17 17:15:21+00:00,0.0,0.0,mm
2013-12-18 05:13:24+00:00,0.0,0.0,mm
2013-12-18 17:11:27+00:00,0.0,0.0,mm
2013-12-19 05:09:30+00:00,0.0,0.0,mm
2013-12-19 17:07:32+00:00,0.0,0.0,mm
2013-12-20 05:05:35+00:00,0.0,0.0,mm
2013-12-20 17:03:39+00:00,0.0,0.0,mm
2013-12-21 05:01:42+00:00,0.0,0.0,mm
2013-12-21 16:59:46+00:00,0.0,0.0,mm
2013-12-22 04:57:50+00:00,0.0,0.0,mm
2013-12-22 16:55:53+00:00,0.0,0.0,mm
2013-12-23 04:53:57+00:00,0.0,0.0,mm
2013-12-23 16:52:01+00:00,0.0,0.0,mm
2013-12-24 04:50:05+00:00,0.0,0.0,mm
2013-12-24 16:48:09+00:00,0.0,0.0,mm
2013-12-25 04:46:13+00:00,0.0,0.0,mm
2013-12-25 11:20:20+00:00,0.04,1.016,mm
2013-12-25 13:14:24+00:00,0.04,1.016,mm
2013-12-25 13:29:38+00:00,0.04,1.016,mm
2013-12-25 13:50:43+00:00,0.04,1.016,mm
2013-12-25 14:06:22+00:00,0.04,1.016,mm
2013-12-25 14:37:43+00:00,0.04,1.016,mm
2013-12-25 15:06:51+00:00,0.04,1.016,mm
2013-12-25 15:29:15+00:00,0.04,1.016,mm
2013-12-25 16:08:37+00:00,0.04,1.016,mm
2013-12-25 16:44:16+00:00,0.0,0.0,mm
2013-12-26 04:42:19+00:00,0.0,0.0,mm
2013-12-26 16:40:22+00:00,0.04,1.016,mm
2013-12-27 04:38:25+00:00,0.0,0.0,mm
2013-12-27 16:36:28+00:00,0.0,0.0,mm
2013-12-28 04:34:31+00:00,0.0,0.0,mm
2013-12-28 16:32:34+00:00,0.0,0.0,mm
2013-12-29 04:30:37+00:00,0.0,0.0,mm
2013-12-29 16:28:41+00:00,0.0,0.0,mm
2013-12-30 04:26:45+00:00,0.0,0.0,mm
2013-12-30 16:24:49+00:00,0.0,0.0,mm
2013-12-31 04:22:52+00:00,0.0,0.0,mm
2013-12-31 16:20:56+00:00,0.0,0.0,mm
2014-01-01 04:18:59+00:00,0.0,0.0,mm
2014-01-01 16:17:02+00:00,0.0,0.0,mm
2014-01-02 04:15:07+00:00,0.0,0.0,mm
2014-01-02 12:46:52+00:00,0.04,1.016,mm
2014-01-02 16:13:10+00:00,0.0,0.0,mm
2014-01-03 04:11:15+00:00,0.0,0.0,mm
2014-01-03 16:09:19+00:00,0.0,0.0,mm
2014-01-04 04:07:22+00:00,0.0,0.0,mm
2014-01-04 16:05:25+00:00,0.0,0.0,mm
2014-01-05 04:03:29+00:00,0.0,0.0,mm
2014-01-05 16:01:33+00:00,0.0,0.0,mm
2014-01-06 03:59:37+00:00,0.0,0.0,mm
2014-01-06 15:57:42+00:00,0.0,0.0,mm
2014-01-07 03:55:46+00:00,0.0,0.0,mm
2014-01-07 11:40:27+00:00,0.04,1.016,mm
2014-01-07 15:53:50+00:00,0.0,0.0,mm
2014-01-08 03:51:54+00:00,0.0,0.0,mm
2014-01-08 15:49:57+00:00,0.0,0.0,mm
2014-01-09 03:48:01+00:00,0.0,0.0,mm
2014-01-09 15:46:04+00:00,0.0,0.0,mm
2014-01-10 03:44:08+00:00,0.0,0.0,mm
2014-01-10 05:54:01+00:00,0.04,1.016,mm
2014-01-10 15:42:11+00:00,0.0,0.0,mm
2014-01-11 03:40:14+00:00,0.0,0.0,mm
2014-01-11 15:38:17+00:00,0.0,0.0,mm
2014-01-12 03:36:20+00:00,0.0,0.0,mm
2014-01-12 15:34:23+00:00,0.0,0.0,mm
2014-01-13 03:32:26+00:00,0.0,0.0,mm
2014-01-13 15:30:29+00:00,0.0,0.0,mm
2014-01-14 03:28:32+00:00,0.0,0.0,mm
2014-01-14 15:26:35+00:00,0.0,0.0,mm
2014-01-15 03:24:38+00:00,0.0,0.0,mm
2014-01-15 15:22:41+00:00,0.0,0.0,mm
2014-01-16 03:20:44+00:00,0.0,0.0,mm
2014-01-16 15:18:47+00:00,0.0,0.0,mm
2014-01-17 03:16:51+00:00,0.0,0.0,mm
2014-01-17 15:14:54+00:00,0.0,0.0,mm
2014-01-18 03:12:57+00:00,0.0,0.0,mm
2014-01-18 15:11:00+00:00,0.0,0.0,mm
2014-01-19 03:09:04+00:00,0.0,0.0,mm
2014-01-19 15:07:07+00:00,0.0,0.0,mm
2014-01-20 03:05:10+00:00,0.0,0.0,mm
2014-01-20 15:03:13+00:00,0.0,0.0,mm
2014-01-21 03:01:16+00:00,0.0,0.0,mm
2014-01-21 14:59:20+00:00,0.0,0.0,mm
2014-01-22 02:57:24+00:00,0.0,0.0,mm
2014-01-22 14:55:27+00:00,0.0,0.0,mm
2014-01-23 02:53:31+00:00,0.0,0.0,mm
2014-01-23 14:51:35+00:00,0.0,0.0,mm
2014-01-24 02:49:39+00:00,0.0,0.0,mm
2014-01-24 14:47:43+00:00,0.0,0.0,mm
2014-01-25 02:45:45+00:00,0.0,0.0,mm
2014-01-25 14:43:48+00:00,0.0,0.0,mm
2014-01-26 02:41:51+00:00,0.0,0.0,mm
2014-01-26 14:39:54+00:00,0.0,0.0,mm
2014-01-27 02:37:57+00:00,0.0,0.0,mm
2014-01-27 14:36:01+00:00,0.0,0.0,mm
2014-01-28 02:34:06+00:00,0.0,0.0,mm
2014-01-28 14:32:10+00:00,0.0,0.0,mm
2014-01-29 02:30:13+00:00,0.0,0.0,mm
2014-01-29 14:28:17+00:00,0.0,0.0,mm
2014-01-30 02:26:20+00:00,0.0,0.0,mm
2014-01-30 14:24:23+00:00,0.0,0.0,mm
2014-01-31 02:22:26+00:00,0.0,0.0,mm
2014-01-31 14:20:30+00:00,0.0,0.0,mm
2014-02-01 02:18:34+00:00,0.0,0.0,mm
2014-02-01 14:16:37+00:00,0.0,0.0,mm
2014-02-02 02:14:41+00:00,0.0,0.0,mm
2014-02-02 14:12:45+00:00,0.0,0.0,mm
2014-02-03 02:10:49+00:00,0.0,0.0,mm
2014-02-03 13:16:24+00:00,0.04,1.016,mm
2014-02-03 14:06:52+00:00,0.04,1.016,mm
2014-02-03 14:08:53+00:00,0.0,0.0,mm
2014-02-03 15:13:32+00:00,0.04,1.016,mm
2014-02-04 02:06:56+00:00,0.0,0.0,mm
2014-02-04 14:04:59+00:00,0.0,0.0,mm
2014-02-05 02:03:03+00:00,0.0,0.0,mm
2014-02-05 14:01:07+00:00,0.0,0.0,mm
2014-02-06 01:59:11+00:00,0.0,0.0,mm
2014-02-06 13:43:55+00:00,0.04,1.016,mm
2014-02-06 13:57:16+00:00,0.0,0.0,mm
2014-02-07 01:55:20+00:00,0.0,0.0,mm
2014-02-07 13:53:24+00:00,0.0,0.0,mm
2014-02-08 01:51:28+00:00,0.0,0.0,mm
2014-02-08 13:49:32+00:00,0.0,0.0,mm
2014-02-09 13:45:39+00:00,0.0,0.0,mm
2014-02-10 01:43:43+00:00,0.0,0.0,mm
2014-02-10 13:41:47+00:00,0.0,0.0,mm
2014-02-11 01:39:51+00:00,0.0,0.0,mm
2014-02-11 12:28:45+00:00,0.04,1.016,mm
2014-02-11 14:31:05+00:00,0.04,1.016,mm
2014-02-12 01:35:59+00:00,0.0,0.0,mm
2014-02-12 13:12:58+00:00,0.04,1.016,mm
2014-02-12 13:34:02+00:00,0.0,0.0,mm
2014-02-13 01:32:06+00:00,0.0,0.0,mm
2014-02-13 13:30:09+00:00,0.0,0.0,mm
2014-02-14 01:28:12+00:00,0.0,0.0,mm
2014-02-14 13:26:15+00:00,0.0,0.0,mm
2014-02-15 01:24:18+00:00,0.0,0.0,mm
2014-02-15 13:22:22+00:00,0.0,0.0,mm
2014-02-16 01:20:25+00:00,0.0,0.0,mm
2014-02-16 13:18:28+00:00,0.0,0.0,mm
2014-02-17 01:16:32+00:00,0.0,0.0,mm
2014-02-17 13:14:34+00:00,0.0,0.0,mm
2014-02-18 01:12:37+00:00,0.0,0.0,mm
2014-02-18 13:10:40+00:00,0.0,0.0,mm
2014-02-19 01:08:43+00:00,0.0,0.0,mm
2014-02-19 13:06:46+00:00,0.0,0.0,mm
2014-02-19 17:49:14+00:00,0.04,1.016,mm
2014-02-19 22:14:13+00:00,0.04,1.016,mm
2014-02-19 22:25:05+00:00,0.04,1.016,mm
2014-02-19 22:29:45+00:00,0.04,1.016,mm
2014-02-19 22:45:03+00:00,0.04,1.016,mm
2014-02-19 22:46:09+00:00,0.04,1.016,mm
2014-02-19 23:29:44+00:00,0.04,1.016,mm
2014-02-20 01:04:49+00:00,0.0,0.0,mm
2014-02-20 09:45:41+00:00,0.04,1.016,mm
2014-02-20 09:50:33+00:00,0.04,1.016,mm
2014-02-20 12:33:13+00:00,0.04,1.016,mm
2014-02-20 13:02:51+00:00,0.0,0.0,mm
2014-02-21 01:00:55+00:00,0.0,0.0,mm
2014-02-21 12:58:58+00:00,0.0,0.0,mm
2014-02-22 00:57:01+00:00,0.0,0.0,mm
2014-02-22 12:55:04+00:00,0.0,0.0,mm
2014-02-23 00:53:06+00:00,0.0,0.0,mm
2014-02-23 12:51:10+00:00,0.0,0.0,mm
2014-02-24 00:49:13+00:00,0.0,0.0,mm
2014-02-24 12:47:17+00:00,0.0,0.0,mm
2014-02-25 00:45:20+00:00,0.0,0.0,mm
2014-02-25 12:43:23+00:00,0.0,0.0,mm
2014-02-26 00:41:27+00:00,0.0,0.0,mm
2014-02-26 12:39:31+00:00,0.0,0.0,mm
2014-02-27 00:37:34+00:00,0.0,0.0,mm
2014-02-27 12:35:38+00:00,0.0,0.0,mm
2014-02-28 12:31:44+00:00,0.0,0.0,mm
2014-03-01 00:29:47+00:00,0.0,0.0,mm
2014-03-05 12:12:21+00:00,0.0,0.0,mm
2014-03-06 00:10:24+00:00,0.0,0.0,mm
2014-03-06 12:08:28+00:00,0.0,0.0,mm
2014-03-07 00:06:31+00:00,0.0,0.0,mm
2014-03-07 12:04:34+00:00,0.0,0.0,mm
2014-03-08 00:02:36+00:00,0.0,0.0,mm
2014-03-08 12:00:40+00:00,0.0,0.0,mm
2014-03-08 23:58:43+00:00,0.0,0.0,mm
2014-03-09 12:56:46+00:00,0.0,0.0,mm
2014-03-10 00:54:49+00:00,0.0,0.0,mm
2014-03-10 12:52:52+00:00,0.0,0.0,mm
2014-03-11 00:50:54+00:00,0.0,0.0,mm
2014-03-11 12:48:57+00:00,0.0,0.0,mm
2014-03-11 20:01:40+00:00,0.04,1.016,mm
2014-03-11 20:11:07+00:00,0.04,1.016,mm
2014-03-11 21:49:32+00:00,0.04,1.016,mm
2014-03-11 22:24:56+00:00,0.04,1.016,mm
2014-03-11 23:14:34+00:00,0.04,1.016,mm
2014-03-12 00:46:59+00:00,0.0,0.0,mm
2014-03-12 12:45:03+00:00,0.0,0.0,mm
2014-03-13 00:43:05+00:00,0.0,0.0,mm
2014-03-13 12:41:08+00:00,0.0,0.0,mm
2014-03-14 00:39:11+00:00,0.0,0.0,mm
2014-03-14 12:37:14+00:00,0.0,0.0,mm
2014-03-15 00:35:16+00:00,0.0,0.0,mm
2014-03-15 12:33:19+00:00,0.0,0.0,mm
2014-03-15 22:27:07+00:00,0.04,1.016,mm
2014-03-15 22:33:35+00:00,0.04,1.016,mm
2014-03-15 22:52:59+00:00,0.12,3.0479999999999996,mm
2014-03-15 23:02:57+00:00,0.04,1.016,mm
2014-03-15 23:21:34+00:00,0.08,2.032,mm
2014-03-15 23:28:24+00:00,0.04,1.016,mm
2014-03-15 23:36:28+00:00,0.04,1.016,mm
2014-03-15 23:44:52+00:00,0.04,1.016,mm
2014-03-15 23:52:07+00:00,0.04,1.016,mm
2014-03-15 23:59:21+00:00,0.04,1.016,mm
2014-03-16 00:09:27+00:00,0.04,1.016,mm
2014-03-16 00:21:37+00:00,0.04,1.016,mm
2014-03-16 00:31:21+00:00,0.0,0.0,mm
2014-03-16 01:05:20+00:00,0.04,1.016,mm
2014-03-16 12:29:25+00:00,0.0,0.0,mm
2014-03-17 00:27:28+00:00,0.0,0.0,mm
2014-03-17 12:25:31+00:00,0.0,0.0,mm
2014-03-18 00:23:34+00:00,0.0,0.0,mm
2014-03-18 12:21:37+00:00,0.0,0.0,mm
2014-03-19 00:19:39+00:00,0.0,0.0,mm
2014-03-19 12:17:43+00:00,0.0,0.0,mm
2014-03-20 00:15:45+00:00,0.0,0.0,mm
2014-03-20 12:13:48+00:00,0.0,0.0,mm
2014-03-21 00:11:51+00:00,0.0,0.0,mm
2014-03-21 12:09:53+00:00,0.0,0.0,mm
2014-03-22 00:07:56+00:00,0.0,0.0,mm
2014-03-22 12:05:59+00:00,0.0,0.0,mm
2014-03-23 00:04:02+00:00,0.0,0.0,mm
2014-03-23 12:02:05+00:00,0.0,0.0,mm
2014-03-24 00:00:08+00:00,0.0,0.0,mm
2014-03-24 11:58:12+00:00,0.0,0.0,mm
2014-03-24 15:10:50+00:00,0.04,1.016,mm
2014-03-24 23:56:15+00:00,0.0,0.0,mm
2014-03-25 11:54:18+00:00,0.0,0.0,mm
2014-03-25 23:52:21+00:00,0.0,0.0,mm
2014-03-26 11:50:24+00:00,0.0,0.0,mm
2014-03-26 18:23:15+00:00,0.04,1.016,mm
2014-03-26 21:33:26+00:00,0.04,1.016,mm
2014-03-26 22:22:02+00:00,0.04,1.016,mm
2014-03-26 23:48:27+00:00,0.0,0.0,mm
2014-03-27 11:46:30+00:00,0.0,0.0,mm
2014-03-27 13:47:03+00:00,0.04,1.016,mm
2014-03-27 13:48:40+00:00,0.04,1.016,mm
2014-03-27 13:49:25+00:00,0.04,1.016,mm
2014-03-27 13:50:21+00:00,0.04,1.016,mm
2014-03-27 13:51:09+00:00,0.04,1.016,mm
2014-03-27 13:52:03+00:00,0.04,1.016,mm
2014-03-27 14:34:01+00:00,0.04,1.016,mm
2014-03-27 23:44:33+00:00,0.0,0.0,mm
2014-03-28 11:42:36+00:00,0.0,0.0,mm
2014-03-28 23:40:38+00:00,0.0,0.0,mm
2014-03-29 11:38:41+00:00,0.0,0.0,mm
2014-03-29 23:36:44+00:00,0.0,0.0,mm
2014-03-30 11:34:47+00:00,0.0,0.0,mm
2014-03-30 23:32:49+00:00,0.0,0.0,mm
2014-03-31 11:30:52+00:00,0.0,0.0,mm
2014-03-31 23:28:55+00:00,0.0,0.0,mm
2014-04-01 11:26:58+00:00,0.0,0.0,mm
2014-04-01 23:25:00+00:00,0.0,0.0,mm
2014-04-02 04:37:32+00:00,0.04,1.016,mm
2014-04-02 04:42:09+00:00,0.04,1.016,mm
2014-04-02 05:06:55+00:00,0.04,1.016,mm
2014-04-02 05:31:41+00:00,0.04,1.016,mm
2014-04-02 05:37:44+00:00,0.04,1.016,mm
2014-04-02 05:52:45+00:00,0.04,1.016,mm
2014-04-02 06:00:23+00:00,0.08,2.032,mm
2014-04-02 06:03:13+00:00,0.04,1.016,mm
2014-04-02 06:08:58+00:00,0.08,2.032,mm
2014-04-02 06:36:51+00:00,0.04,1.016,mm
2014-04-02 06:54:23+00:00,0.04,1.016,mm
2014-04-02 07:22:06+00:00,0.04,1.016,mm
2014-04-02 07:25:28+00:00,0.04,1.016,mm
2014-04-02 07:37:10+00:00,0.04,1.016,mm
2014-04-02 07:44:11+00:00,0.04,1.016,mm
2014-04-02 07:48:55+00:00,0.04,1.016,mm
2014-04-02 08:16:59+00:00,0.08,2.032,mm
2014-04-02 10:16:31+00:00,0.04,1.016,mm
2014-04-02 11:23:03+00:00,0.0,0.0,mm
2014-04-02 22:38:47+00:00,0.04,1.016,mm
2014-04-02 22:47:14+00:00,0.04,1.016,mm
2014-04-02 22:48:37+00:00,0.04,1.016,mm
2014-04-02 22:51:02+00:00,0.04,1.016,mm
2014-04-02 22:56:26+00:00,0.08,2.032,mm
2014-04-02 23:21:06+00:00,0.0,0.0,mm
2014-04-03 11:19:09+00:00,0.0,0.0,mm
2014-04-03 23:17:11+00:00,0.0,0.0,mm
2014-04-04 11:15:14+00:00,0.0,0.0,mm
2014-04-04 23:13:17+00:00,0.0,0.0,mm
2014-04-05 11:11:20+00:00,0.0,0.0,mm
2014-04-05 23:09:23+00:00,0.0,0.0,mm
2014-04-06 11:07:26+00:00,0.0,0.0,mm
2014-04-06 23:05:28+00:00,0.0,0.0,mm
2014-04-07 11:03:31+00:00,0.0,0.0,mm
2014-04-07 23:01:34+00:00,0.0,0.0,mm
2014-04-08 10:59:36+00:00,0.0,0.0,mm
2014-04-08 22:57:39+00:00,0.0,0.0,mm
2014-04-09 10:55:42+00:00,0.0,0.0,mm
2014-04-09 22:53:44+00:00,0.0,0.0,mm
2014-04-10 10:51:47+00:00,0.0,0.0,mm
2014-04-10 22:49:49+00:00,0.0,0.0,mm
2014-04-11 10:47:52+00:00,0.0,0.0,mm
2014-04-11 22:45:55+00:00,0.0,0.0,mm
2014-04-12 10:43:57+00:00,0.0,0.0,mm
2014-04-12 22:42:00+00:00,0.0,0.0,mm
2014-04-13 08:09:10+00:00,0.04,1.016,mm
2014-04-13 10:40:02+00:00,0.0,0.0,mm
2014-04-13 13:02:39+00:00,0.04,1.016,mm
2014-04-13 13:10:56+00:00,0.04,1.016,mm
2014-04-13 13:36:11+00:00,0.04,1.016,mm
2014-04-13 15:37:18+00:00,0.04,1.016,mm
2014-04-13 15:41:37+00:00,0.04,1.016,mm
2014-04-13 15:45:47+00:00,0.04,1.016,mm
2014-04-13 15:48:23+00:00,0.04,1.016,mm
2014-04-13 15:50:32+00:00,0.04,1.016,mm
2014-04-13 15:51:40+00:00,0.04,1.016,mm
2014-04-13 15:52:48+00:00,0.04,1.016,mm
2014-04-13 15:55:02+00:00,0.04,1.016,mm
2014-04-13 16:00:24+00:00,0.04,1.016,mm
2014-04-13 16:06:29+00:00,0.04,1.016,mm
2014-04-13 16:09:19+00:00,0.04,1.016,mm
2014-04-13 16:12:44+00:00,0.04,1.016,mm
2014-04-13 16:16:34+00:00,0.04,1.016,mm
2014-04-13 16:20:40+00:00,0.04,1.016,mm
2014-04-13 16:24:37+00:00,0.04,1.016,mm
2014-04-13 16:41:04+00:00,0.08,2.032,mm
2014-04-13 16:54:15+00:00,0.04,1.016,mm
2014-04-13 17:19:48+00:00,0.04,1.016,mm
2014-04-13 18:04:15+00:00,0.04,1.016,mm
2014-04-13 22:38:05+00:00,0.0,0.0,mm
2014-04-14 02:57:27+00:00,0.04,1.016,mm
2014-04-14 10:36:08+00:00,0.0,0.0,mm
2014-04-14 22:34:11+00:00,0.0,0.0,mm
2014-04-15 10:32:14+00:00,0.0,0.0,mm
2014-04-15 22:30:17+00:00,0.0,0.0,mm
2014-04-16 10:28:20+00:00,0.0,0.0,mm
2014-04-16 22:26:22+00:00,0.0,0.0,mm
2014-04-17 10:24:25+00:00,0.0,0.0,mm
2014-04-17 22:22:28+00:00,0.0,0.0,mm
2014-04-18 10:20:31+00:00,0.0,0.0,mm
2014-04-18 22:18:33+00:00,0.0,0.0,mm
2014-04-19 10:16:36+00:00,0.0,0.0,mm
2014-04-19 22:14:39+00:00,0.0,0.0,mm
2014-04-20 10:12:41+00:00,0.0,0.0,mm
2014-04-20 22:10:44+00:00,0.0,0.0,mm
2014-04-21 10:08:46+00:00,0.0,0.0,mm
2014-04-21 22:06:49+00:00,0.0,0.0,mm
2014-04-22 10:04:51+00:00,0.0,0.0,mm
2014-04-22 22:02:54+00:00,0.0,0.0,mm
2014-04-23 10:00:56+00:00,0.0,0.0,mm
2014-04-23 21:58:59+00:00,0.0,0.0,mm
2014-04-24 07:40:02+00:00,0.04,1.016,mm
2014-04-24 07:51:14+00:00,0.04,1.016,mm
2014-04-24 07:57:18+00:00,0.04,1.016,mm
2014-04-24 08:12:06+00:00,0.04,1.016,mm
2014-04-24 08:56:10+00:00,0.04,1.016,mm
2014-04-24 09:57:01+00:00,0.0,0.0,mm
2014-04-24 12:15:22+00:00,0.04,1.016,mm
2014-04-24 12:18:13+00:00,0.04,1.016,mm
2014-04-24 12:26:49+00:00,0.04,1.016,mm
2014-04-24 12:29:03+00:00,0.04,1.016,mm
2014-04-24 12:31:34+00:00,0.04,1.016,mm
2014-04-24 12:39:07+00:00,0.04,1.016,mm
2014-04-24 12:42:16+00:00,0.04,1.016,mm
2014-04-24 13:07:24+00:00,0.08,2.032,mm
2014-04-24 13:15:54+00:00,0.04,1.016,mm
2014-04-24 14:07:41+00:00,0.04,1.016,mm
2014-04-24 14:30:27+00:00,0.04,1.016,mm
2014-04-24 21:55:04+00:00,0.0,0.0,mm
2014-04-25 09:53:07+00:00,0.0,0.0,mm
2014-04-25 21:51:09+00:00,0.0,0.0,mm
2014-04-26 09:49:12+00:00,0.0,0.0,mm
2014-04-26 21:47:14+00:00,0.0,0.0,mm
2014-04-27 09:45:17+00:00,0.0,0.0,mm
2014-04-27 11:33:48+00:00,0.04,1.016,mm
2014-04-27 11:34:15+00:00,0.04,1.016,mm
2014-04-27 11:34:45+00:00,0.04,1.016,mm
2014-04-27 11:35:20+00:00,0.04,1.016,mm
2014-04-27 11:35:50+00:00,0.04,1.016,mm
2014-04-27 11:36:12+00:00,0.04,1.016,mm
2014-04-27 11:36:36+00:00,0.04,1.016,mm
2014-04-27 11:37:13+00:00,0.04,1.016,mm
2014-04-27 11:38:10+00:00,0.04,1.016,mm
2014-04-27 11:44:12+00:00,0.04,1.016,mm
2014-04-27 11:46:01+00:00,0.04,1.016,mm
2014-04-27 12:37:35+00:00,0.08,2.032,mm
2014-04-27 13:00:33+00:00,0.04,1.016,mm
2014-04-27 13:16:35+00:00,0.04,1.016,mm
2014-04-27 13:29:56+00:00,0.04,1.016,mm
2014-04-27 18:39:37+00:00,0.04,1.016,mm
2014-04-27 18:41:48+00:00,0.04,1.016,mm
2014-04-27 18:43:09+00:00,0.08,2.032,mm
2014-04-27 18:44:40+00:00,0.08,2.032,mm
2014-04-27 18:45:42+00:00,0.04,1.016,mm
2014-04-27 18:46:57+00:00,0.04,1.016,mm
2014-04-27 19:22:08+00:00,0.08,2.032,mm
2014-04-27 19:31:28+00:00,0.04,1.016,mm
2014-04-27 21:43:19+00:00,0.0,0.0,mm
2014-04-28 09:41:22+00:00,0.0,0.0,mm
2014-04-28 21:39:24+00:00,0.0,0.0,mm
2014-04-29 05:35:21+00:00,0.04,1.016,mm
2014-04-29 06:54:46+00:00,0.08,2.032,mm
2014-04-29 07:21:35+00:00,0.04,1.016,mm
2014-04-29 07:45:13+00:00,0.04,1.016,mm
2014-04-29 09:37:27+00:00,0.0,0.0,mm
2014-04-29 09:57:15+00:00,0.04,1.016,mm
2014-04-29 10:51:50+00:00,0.04,1.016,mm
2014-04-29 11:06:38+00:00,0.04,1.016,mm
2014-04-29 11:14:38+00:00,0.04,1.016,mm
2014-04-29 11:31:22+00:00,0.04,1.016,mm
2014-04-29 13:04:36+00:00,0.04,1.016,mm
2014-04-29 21:35:30+00:00,0.0,0.0,mm
2014-04-30 09:33:33+00:00,0.0,0.0,mm
2014-04-30 21:31:35+00:00,0.0,0.0,mm
2014-05-01 09:29:38+00:00,0.0,0.0,mm
2014-05-01 21:27:41+00:00,0.0,0.0,mm
2014-05-02 09:25:44+00:00,0.0,0.0,mm
2014-05-02 21:23:46+00:00,0.0,0.0,mm
2014-05-03 09:21:49+00:00,0.0,0.0,mm
2014-05-03 21:19:52+00:00,0.0,0.0,mm
2014-05-04 09:17:54+00:00,0.0,0.0,mm
2014-05-04 21:15:57+00:00,0.0,0.0,mm
2014-05-05 09:13:59+00:00,0.0,0.0,mm
2014-05-05 21:12:02+00:00,0.0,0.0,mm
2014-05-06 09:10:04+00:00,0.0,0.0,mm
2014-05-06 21:08:07+00:00,0.0,0.0,mm
2014-05-07 09:06:09+00:00,0.0,0.0,mm
2014-05-07 21:04:12+00:00,0.0,0.0,mm
2014-05-08 09:02:14+00:00,0.0,0.0,mm
2014-05-08 21:00:17+00:00,0.0,0.0,mm
2014-05-09 08:58:19+00:00,0.0,0.0,mm
2014-05-09 20:56:22+00:00,0.0,0.0,mm
2014-05-10 08:54:25+00:00,0.0,0.0,mm
2014-05-10 20:52:27+00:00,0.0,0.0,mm
2014-05-11 08:50:29+00:00,0.0,0.0,mm
2014-05-11 20:48:32+00:00,0.0,0.0,mm
2014-05-12 04:03:05+00:00,0.04,1.016,mm
2014-05-12 04:08:22+00:00,0.04,1.016,mm
2014-05-12 04:18:31+00:00,0.04,1.016,mm
2014-05-12 04:29:59+00:00,0.04,1.016,mm
2014-05-12 04:41:04+00:00,0.04,1.016,mm
2014-05-12 04:51:31+00:00,0.04,1.016,mm
2014-05-12 08:46:34+00:00,0.0,0.0,mm
2014-05-12 10:19:22+00:00,0.08,2.032,mm
2014-05-12 12:56:15+00:00,0.04,1.016,mm
2014-05-12 14:19:01+00:00,0.04,1.016,mm
2014-05-12 14:55:38+00:00,0.04,1.016,mm
2014-05-12 15:23:00+00:00,0.04,1.016,mm
2014-05-12 15:28:51+00:00,0.04,1.016,mm
2014-05-12 15:30:27+00:00,0.04,1.016,mm
2014-05-12 15:31:40+00:00,0.04,1.016,mm
2014-05-12 15:32:33+00:00,0.04,1.016,mm
2014-05-12 15:33:19+00:00,0.04,1.016,mm
2014-05-12 15:34:56+00:00,0.04,1.016,mm
2014-05-12 15:37:13+00:00,0.04,1.016,mm
2014-05-12 15:39:51+00:00,0.04,1.016,mm
2014-05-12 15:46:34+00:00,0.04,1.016,mm
2014-05-12 15:50:07+00:00,0.04,1.016,mm
2014-05-12 15:53:33+00:00,0.04,1.016,mm
2014-05-12 20:44:37+00:00,0.04,1.016,mm
2014-05-12 22:34:25+00:00,0.04,1.016,mm
2014-05-13 08:42:40+00:00,0.0,0.0,mm
2014-05-13 20:40:42+00:00,0.0,0.0,mm
2014-05-14 08:38:45+00:00,0.0,0.0,mm
2014-05-14 20:36:47+00:00,0.0,0.0,mm
2014-05-15 08:34:50+00:00,0.0,0.0,mm
2014-05-15 20:32:53+00:00,0.0,0.0,mm
2014-05-16 08:30:56+00:00,0.0,0.0,mm
2014-05-16 20:28:58+00:00,0.0,0.0,mm
2014-05-17 08:27:01+00:00,0.0,0.0,mm
2014-05-17 20:25:04+00:00,0.0,0.0,mm
2014-05-18 08:23:07+00:00,0.0,0.0,mm
2014-05-18 20:21:09+00:00,0.0,0.0,mm
2014-05-19 08:19:12+00:00,0.0,0.0,mm
2014-05-19 20:17:14+00:00,0.0,0.0,mm
2014-05-20 08:15:17+00:00,0.0,0.0,mm
2014-05-20 20:13:19+00:00,0.0,0.0,mm
2014-05-21 08:11:22+00:00,0.0,0.0,mm
2014-05-21 20:09:24+00:00,0.0,0.0,mm
2014-05-22 08:07:27+00:00,0.0,0.0,mm
2014-05-22 20:05:29+00:00,0.0,0.0,mm
2014-05-23 08:03:32+00:00,0.0,0.0,mm
2014-05-23 20:01:34+00:00,0.0,0.0,mm
2014-05-24 05:37:14+00:00,0.04,1.016,mm
2014-05-24 05:39:48+00:00,0.04,1.016,mm
2014-05-24 06:43:50+00:00,0.08,2.032,mm
2014-05-24 07:03:27+00:00,0.04,1.016,mm
2014-05-24 07:45:51+00:00,0.12,3.0479999999999996,mm
2014-05-24 07:59:37+00:00,0.0,0.0,mm
2014-05-24 08:10:13+00:00,0.04,1.016,mm
2014-05-24 09:27:04+00:00,0.04,1.016,mm
2014-05-24 09:34:11+00:00,0.04,1.016,mm
2014-05-24 15:21:43+00:00,0.08,2.032,mm
2014-05-24 19:57:39+00:00,0.0,0.0,mm
2014-05-25 07:55:42+00:00,0.0,0.0,mm
2014-05-25 14:50:36+00:00,0.04,1.016,mm
2014-05-25 14:51:06+00:00,0.04,1.016,mm
2014-05-25 14:51:41+00:00,0.04,1.016,mm
2014-05-25 14:53:43+00:00,0.04,1.016,mm
2014-05-25 14:59:22+00:00,0.04,1.016,mm
2014-05-25 19:53:44+00:00,0.0,0.0,mm
2014-05-26 02:11:25+00:00,0.04,1.016,mm
2014-05-26 02:14:46+00:00,0.04,1.016,mm
2014-05-26 02:19:22+00:00,0.04,1.016,mm
2014-05-26 02:25:46+00:00,0.04,1.016,mm
2014-05-26 02:39:49+00:00,0.04,1.016,mm
2014-05-26 07:51:47+00:00,0.0,0.0,mm
2014-05-26 19:49:49+00:00,0.0,0.0,mm
2014-05-27 07:47:51+00:00,0.0,0.0,mm
2014-05-27 19:45:54+00:00,0.0,0.0,mm
2014-05-28 07:43:57+00:00,0.0,0.0,mm
2014-05-28 19:41:59+00:00,0.0,0.0,mm
2014-05-29 07:40:02+00:00,0.0,0.0,mm
2014-05-29 19:38:04+00:00,0.0,0.0,mm
2014-05-30 07:36:07+00:00,0.0,0.0,mm
2014-05-30 19:34:09+00:00,0.0,0.0,mm
2014-05-31 07:32:12+00:00,0.0,0.0,mm
2014-06-01 07:28:17+00:00,0.0,0.0,mm
2014-06-01 19:26:19+00:00,0.0,0.0,mm
2014-06-01 22:54:04+00:00,0.04,1.016,mm
2014-06-01 22:56:42+00:00,0.04,1.016,mm
2014-06-01 23:01:58+00:00,0.04,1.016,mm
2014-06-01 23:14:27+00:00,0.04,1.016,mm
2014-06-01 23:16:15+00:00,0.04,1.016,mm
2014-06-01 23:17:21+00:00,0.04,1.016,mm
2014-06-01 23:18:05+00:00,0.04,1.016,mm
2014-06-01 23:18:38+00:00,0.04,1.016,mm
2014-06-01 23:19:09+00:00,0.04,1.016,mm
2014-06-01 23:19:43+00:00,0.04,1.016,mm
2014-06-01 23:20:22+00:00,0.04,1.016,mm
2014-06-01 23:21:13+00:00,0.04,1.016,mm
2014-06-01 23:22:08+00:00,0.04,1.016,mm
2014-06-01 23:23:28+00:00,0.08,2.032,mm
2014-06-01 23:24:06+00:00,0.04,1.016,mm
2014-06-01 23:24:38+00:00,0.04,1.016,mm
2014-06-01 23:25:06+00:00,0.04,1.016,mm
2014-06-01 23:25:35+00:00,0.04,1.016,mm
2014-06-01 23:27:20+00:00,0.12,3.0479999999999996,mm
2014-06-01 23:27:58+00:00,0.04,1.016,mm
2014-06-01 23:29:39+00:00,0.08,2.032,mm
2014-06-01 23:32:35+00:00,0.08,2.032,mm
2014-06-01 23:33:49+00:00,0.04,1.016,mm
2014-06-01 23:36:39+00:00,0.08,2.032,mm
2014-06-01 23:37:44+00:00,0.04,1.016,mm
2014-06-01 23:38:37+00:00,0.04,1.016,mm
2014-06-01 23:39:46+00:00,0.04,1.016,mm
2014-06-01 23:41:04+00:00,0.04,1.016,mm
2014-06-01 23:45:10+00:00,0.08,2.032,mm
2014-06-01 23:46:55+00:00,0.04,1.016,mm
2014-06-02 00:09:00+00:00,0.12,3.0479999999999996,mm
2014-06-02 19:20:52+00:00,0.08,2.032,mm
2014-06-03 07:18:00+00:00,0.0,0.0,mm
2014-06-03 19:15:07+00:00,0.0,0.0,mm
2014-06-04 02:16:26+00:00,0.04,1.016,mm
2014-06-04 02:28:06+00:00,0.04,1.016,mm
2014-06-04 02:34:44+00:00,0.04,1.016,mm
2014-06-04 02:35:43+00:00,0.04,1.016,mm
2014-06-04 02:37:04+00:00,0.04,1.016,mm
2014-06-04 02:52:48+00:00,0.04,1.016,mm
2014-06-04 02:54:47+00:00,0.04,1.016,mm
2014-06-04 02:56:46+00:00,0.08,2.032,mm
2014-06-04 02:57:55+00:00,0.04,1.016,mm
2014-06-04 03:02:51+00:00,0.08,2.032,mm
2014-06-04 03:05:45+00:00,0.08,2.032,mm
2014-06-04 07:12:14+00:00,0.04,1.016,mm
2014-06-04 19:09:21+00:00,0.0,0.0,mm
2014-06-05 07:06:29+00:00,0.0,0.0,mm
2014-06-05 08:39:12+00:00,0.04,1.016,mm
2014-06-05 08:49:38+00:00,0.04,1.016,mm
2014-06-05 08:54:10+00:00,0.04,1.016,mm
2014-06-05 09:00:53+00:00,0.04,1.016,mm
2014-06-05 09:14:43+00:00,0.04,1.016,mm
2014-06-05 09:33:10+00:00,0.08,2.032,mm
2014-06-05 09:41:34+00:00,0.04,1.016,mm
2014-06-05 09:48:19+00:00,0.04,1.016,mm
2014-06-05 09:56:23+00:00,0.04,1.016,mm
2014-06-05 10:03:28+00:00,0.04,1.016,mm
2014-06-05 10:09:51+00:00,0.04,1.016,mm
2014-06-05 10:18:39+00:00,0.04,1.016,mm
2014-06-05 10:47:05+00:00,0.04,1.016,mm
2014-06-05 19:03:36+00:00,0.0,0.0,mm
2014-06-06 07:00:43+00:00,0.0,0.0,mm
2014-06-06 18:57:51+00:00,0.0,0.0,mm
2014-06-07 05:26:50+00:00,0.04,1.016,mm
2014-06-07 05:48:37+00:00,0.04,1.016,mm
2014-06-07 06:11:33+00:00,0.08,2.032,mm
2014-06-07 06:21:47+00:00,0.04,1.016,mm
2014-06-07 06:32:54+00:00,0.04,1.016,mm
2014-06-07 06:48:44+00:00,0.04,1.016,mm
2014-06-07 06:54:58+00:00,0.0,0.0,mm
2014-06-07 07:58:22+00:00,0.04,1.016,mm
2014-06-07 08:12:02+00:00,0.04,1.016,mm
2014-06-07 08:19:29+00:00,0.04,1.016,mm
2014-06-07 09:26:26+00:00,0.08,2.032,mm
2014-06-07 13:08:19+00:00,0.04,1.016,mm
2014-06-07 13:15:21+00:00,0.04,1.016,mm
2014-06-07 18:52:05+00:00,0.0,0.0,mm
2014-06-08 06:49:12+00:00,0.0,0.0,mm
2014-06-08 18:46:20+00:00,0.0,0.0,mm
2014-06-09 06:43:27+00:00,0.0,0.0,mm
2014-06-09 15:35:54+00:00,0.04,1.016,mm
2014-06-09 15:44:47+00:00,0.04,1.016,mm
2014-06-09 17:17:23+00:00,0.04,1.016,mm
2014-06-09 17:31:22+00:00,0.04,1.016,mm
2014-06-09 17:38:42+00:00,0.04,1.016,mm
2014-06-09 17:42:26+00:00,0.04,1.016,mm
2014-06-09 17:45:16+00:00,0.04,1.016,mm
2014-06-09 17:49:08+00:00,0.04,1.016,mm
2014-06-09 17:55:23+00:00,0.04,1.016,mm
2014-06-09 18:40:34+00:00,0.0,0.0,mm
2014-06-09 18:50:48+00:00,0.04,1.016,mm
2014-06-09 19:03:47+00:00,0.04,1.016,mm
2014-06-09 19:21:17+00:00,0.04,1.016,mm
2014-06-09 19:42:33+00:00,0.04,1.016,mm
2014-06-09 19:54:44+00:00,0.04,1.016,mm
2014-06-09 20:02:39+00:00,0.04,1.016,mm
2014-06-09 20:09:38+00:00,0.04,1.016,mm
2014-06-09 20:19:43+00:00,0.04,1.016,mm
2014-06-09 20:43:46+00:00,0.08,2.032,mm
2014-06-09 20:48:50+00:00,0.04,1.016,mm
2014-06-09 21:08:15+00:00,0.08,2.032,mm
2014-06-09 21:35:29+00:00,0.04,1.016,mm
2014-06-09 21:56:53+00:00,0.04,1.016,mm
2014-06-09 22:32:43+00:00,0.04,1.016,mm
2014-06-09 23:09:43+00:00,0.04,1.016,mm
2014-06-10 00:44:42+00:00,0.04,1.016,mm
2014-06-10 02:43:18+00:00,0.04,1.016,mm
2014-06-10 03:03:43+00:00,0.04,1.016,mm
2014-06-10 03:13:28+00:00,0.04,1.016,mm
2014-06-10 03:21:31+00:00,0.04,1.016,mm
2014-06-10 03:31:15+00:00,0.04,1.016,mm
2014-06-10 03:48:01+00:00,0.04,1.016,mm
2014-06-10 04:26:17+00:00,0.04,1.016,mm
2014-06-10 04:40:56+00:00,0.04,1.016,mm
2014-06-10 04:56:36+00:00,0.04,1.016,mm
2014-06-10 05:12:33+00:00,0.04,1.016,mm
2014-06-10 05:22:54+00:00,0.04,1.016,mm
2014-06-10 05:32:53+00:00,0.04,1.016,mm
2014-06-10 05:43:54+00:00,0.04,1.016,mm
2014-06-10 05:55:22+00:00,0.04,1.016,mm
2014-06-10 06:16:38+00:00,0.04,1.016,mm
2014-06-10 06:37:42+00:00,0.0,0.0,mm
2014-06-10 08:48:24+00:00,0.08,2.032,mm
2014-06-10 10:10:21+00:00,0.04,1.016,mm
2014-06-10 18:34:49+00:00,0.0,0.0,mm
2014-06-11 06:31:56+00:00,0.0,0.0,mm
2014-06-11 18:29:04+00:00,0.0,0.0,mm
2014-06-12 03:54:11+00:00,0.04,1.016,mm
2014-06-12 04:01:42+00:00,0.04,1.016,mm
2014-06-12 04:10:53+00:00,0.08,2.032,mm
2014-06-12 04:15:16+00:00,0.04,1.016,mm
2014-06-12 04:18:29+00:00,0.04,1.016,mm
2014-06-12 04:22:00+00:00,0.04,1.016,mm
2014-06-12 04:30:47+00:00,0.08,2.032,mm
2014-06-12 04:40:47+00:00,0.04,1.016,mm
2014-06-12 04:49:14+00:00,0.04,1.016,mm
2014-06-12 04:57:01+00:00,0.04,1.016,mm
2014-06-12 05:06:35+00:00,0.04,1.016,mm
2014-06-12 05:17:53+00:00,0.04,1.016,mm
2014-06-12 05:33:52+00:00,0.08,2.032,mm
2014-06-12 05:49:16+00:00,0.04,1.016,mm
2014-06-12 05:59:18+00:00,0.04,1.016,mm
2014-06-12 06:05:46+00:00,0.04,1.016,mm
2014-06-12 06:16:35+00:00,0.04,1.016,mm
2014-06-12 06:26:11+00:00,0.0,0.0,mm
2014-06-12 06:26:32+00:00,0.04,1.016,mm
2014-06-12 06:39:29+00:00,0.04,1.016,mm
2014-06-12 07:00:47+00:00,0.04,1.016,mm
2014-06-12 18:23:18+00:00,0.0,0.0,mm
2014-06-13 06:20:26+00:00,0.0,0.0,mm
2014-06-13 18:17:33+00:00,0.0,0.0,mm
2014-06-14 06:14:40+00:00,0.0,0.0,mm
2014-06-14 18:11:48+00:00,0.0,0.0,mm
2014-06-15 03:49:43+00:00,0.04,1.016,mm
2014-06-15 03:53:07+00:00,0.04,1.016,mm
2014-06-15 03:57:25+00:00,0.04,1.016,mm
2014-06-15 04:00:50+00:00,0.04,1.016,mm
2014-06-15 04:21:30+00:00,0.08,2.032,mm
2014-06-15 05:22:03+00:00,0.04,1.016,mm
2014-06-15 05:50:08+00:00,0.04,1.016,mm
2014-06-15 06:02:49+00:00,0.04,1.016,mm
2014-06-15 06:08:55+00:00,0.0,0.0,mm
2014-06-15 06:10:17+00:00,0.04,1.016,mm
2014-06-15 06:20:34+00:00,0.04,1.016,mm
2014-06-15 06:31:35+00:00,0.04,1.016,mm
2014-06-15 06:40:14+00:00,0.04,1.016,mm
2014-06-15 06:53:30+00:00,0.04,1.016,mm
2014-06-15 18:06:02+00:00,0.0,0.0,mm
2014-06-16 06:03:09+00:00,0.0,0.0,mm
2014-06-16 18:00:17+00:00,0.0,0.0,mm
2014-06-17 05:57:24+00:00,0.0,0.0,mm
2014-06-17 17:54:31+00:00,0.0,0.0,mm
2014-06-18 05:51:38+00:00,0.0,0.0,mm
2014-06-18 17:48:46+00:00,0.0,0.0,mm
2014-06-19 05:45:53+00:00,0.0,0.0,mm
2014-06-19 11:46:05+00:00,0.04,1.016,mm
2014-06-19 17:43:00+00:00,0.0,0.0,mm
2014-06-20 05:40:08+00:00,0.0,0.0,mm
2014-06-20 17:37:15+00:00,0.0,0.0,mm
2014-06-21 05:34:22+00:00,0.0,0.0,mm
2014-06-21 17:31:30+00:00,0.0,0.0,mm
2014-06-22 05:28:37+00:00,0.0,0.0,mm
2014-06-22 17:25:44+00:00,0.0,0.0,mm
2014-06-22 19:43:35+00:00,0.04,1.016,mm
2014-06-22 19:44:46+00:00,0.04,1.016,mm
2014-06-22 19:45:48+00:00,0.04,1.016,mm
2014-06-22 19:46:36+00:00,0.04,1.016,mm
2014-06-22 19:47:31+00:00,0.04,1.016,mm
2014-06-22 19:48:43+00:00,0.04,1.016,mm
2014-06-22 19:50:20+00:00,0.04,1.016,mm
2014-06-22 19:55:12+00:00,0.04,1.016,mm
2014-06-22 19:59:03+00:00,0.04,1.016,mm
2014-06-22 20:14:00+00:00,0.04,1.016,mm
2014-06-22 22:09:47+00:00,0.04,1.016,mm
2014-06-23 05:22:52+00:00,0.0,0.0,mm
2014-06-23 17:19:59+00:00,0.0,0.0,mm
2014-06-24 05:17:06+00:00,0.0,0.0,mm
2014-06-24 17:14:13+00:00,0.0,0.0,mm
2014-06-25 05:11:21+00:00,0.0,0.0,mm
2014-06-25 17:08:28+00:00,0.0,0.0,mm
2014-06-26 05:05:35+00:00,0.0,0.0,mm
2014-06-26 17:02:43+00:00,0.0,0.0,mm
2014-06-27 02:16:32+00:00,0.04,1.016,mm
2014-06-27 04:59:50+00:00,0.0,0.0,mm
2014-06-27 16:56:57+00:00,0.0,0.0,mm
2014-06-28 04:54:05+00:00,0.0,0.0,mm
2014-06-28 16:19:13+00:00,0.04,1.016,mm
2014-06-28 16:37:44+00:00,0.04,1.016,mm
2014-06-28 16:54:54+00:00,0.04,1.016,mm
2014-06-28 17:34:26+00:00,0.04,1.016,mm
2014-06-29 04:48:19+00:00,0.0,0.0,mm
2014-06-29 16:45:27+00:00,0.0,0.0,mm
2014-06-30 04:42:34+00:00,0.0,0.0,mm
2014-06-30 16:39:41+00:00,0.0,0.0,mm
2014-06-30 21:28:31+00:00,0.04,1.016,mm
2014-06-30 21:36:41+00:00,0.04,1.016,mm
2014-06-30 21:39:01+00:00,0.04,1.016,mm
2014-07-01 04:36:48+00:00,0.0,0.0,mm
2014-07-01 16:33:56+00:00,0.0,0.0,mm
2014-07-02 04:31:03+00:00,0.0,0.0,mm
2014-07-02 16:28:10+00:00,0.0,0.0,mm
2014-07-03 04:25:18+00:00,0.0,0.0,mm
2014-07-03 16:22:25+00:00,0.0,0.0,mm
2014-07-04 04:19:32+00:00,0.0,0.0,mm
2014-07-04 16:16:40+00:00,0.0,0.0,mm
2014-07-05 04:13:47+00:00,0.0,0.0,mm
2014-07-05 16:10:54+00:00,0.0,0.0,mm
2014-07-06 04:08:02+00:00,0.0,0.0,mm
2014-07-06 16:05:09+00:00,0.0,0.0,mm
2014-07-07 04:02:16+00:00,0.0,0.0,mm
2014-07-07 15:59:24+00:00,0.0,0.0,mm
2014-07-07 22:38:34+00:00,0.04,1.016,mm
2014-07-07 22:41:50+00:00,0.08,2.032,mm
2014-07-07 22:43:01+00:00,0.04,1.016,mm
2014-07-07 22:44:33+00:00,0.04,1.016,mm
2014-07-07 22:46:19+00:00,0.04,1.016,mm
2014-07-07 22:50:43+00:00,0.08,2.032,mm
2014-07-07 22:52:24+00:00,0.04,1.016,mm
2014-07-07 22:53:02+00:00,0.04,1.016,mm
2014-07-07 22:53:45+00:00,0.04,1.016,mm
2014-07-07 22:54:58+00:00,0.08,2.032,mm
2014-07-07 22:55:42+00:00,0.08,2.032,mm
2014-07-07 22:56:34+00:00,0.08,2.032,mm
2014-07-07 22:57:09+00:00,0.04,1.016,mm
2014-07-07 22:58:29+00:00,0.08,2.032,mm
2014-07-07 22:59:23+00:00,0.04,1.016,mm
2014-07-07 22:59:59+00:00,0.04,1.016,mm
2014-07-07 23:00:50+00:00,0.04,1.016,mm
2014-07-07 23:02:51+00:00,0.08,2.032,mm
2014-07-07 23:06:07+00:00,0.12,3.0479999999999996,mm
2014-07-07 23:08:01+00:00,0.08,2.032,mm
2014-07-07 23:09:03+00:00,0.04,1.016,mm
2014-07-07 23:11:04+00:00,0.08,2.032,mm
2014-07-07 23:12:42+00:00,0.04,1.016,mm
2014-07-07 23:14:50+00:00,0.04,1.016,mm
2014-07-07 23:17:19+00:00,0.04,1.016,mm
2014-07-07 23:19:55+00:00,0.04,1.016,mm
2014-07-07 23:21:31+00:00,0.04,1.016,mm
2014-07-07 23:22:55+00:00,0.04,1.016,mm
2014-07-07 23:27:40+00:00,0.04,1.016,mm
2014-07-07 23:38:38+00:00,0.04,1.016,mm
2014-07-08 00:52:46+00:00,0.12,3.0479999999999996,mm
2014-07-08 03:56:31+00:00,0.0,0.0,mm
2014-07-08 15:53:38+00:00,0.0,0.0,mm
2014-07-09 03:50:45+00:00,0.0,0.0,mm
2014-07-09 15:47:53+00:00,0.0,0.0,mm
2014-07-10 03:45:00+00:00,0.0,0.0,mm
2014-07-10 15:42:07+00:00,0.0,0.0,mm
2014-07-11 03:39:15+00:00,0.0,0.0,mm
2014-07-11 15:36:22+00:00,0.0,0.0,mm
2014-07-12 03:33:29+00:00,0.0,0.0,mm
2014-07-12 15:30:37+00:00,0.0,0.0,mm
2014-07-13 03:27:44+00:00,0.0,0.0,mm
2014-07-13 05:48:41+00:00,0.04,1.016,mm
2014-07-13 06:02:41+00:00,0.04,1.016,mm
2014-07-13 06:15:28+00:00,0.04,1.016,mm
2014-07-13 06:39:08+00:00,0.04,1.016,mm
2014-07-13 06:41:22+00:00,0.04,1.016,mm
2014-07-13 06:45:10+00:00,0.04,1.016,mm
2014-07-13 06:47:40+00:00,0.04,1.016,mm
2014-07-13 07:01:04+00:00,0.04,1.016,mm
2014-07-13 07:07:49+00:00,0.04,1.016,mm
2014-07-13 07:12:45+00:00,0.04,1.016,mm
2014-07-13 07:21:13+00:00,0.04,1.016,mm
2014-07-13 07:41:33+00:00,0.04,1.016,mm
2014-07-14 03:21:59+00:00,0.0,0.0,mm
2014-07-14 10:22:09+00:00,0.04,1.016,mm
2014-07-14 11:37:22+00:00,0.08,2.032,mm
2014-07-14 12:50:44+00:00,0.04,1.016,mm
2014-07-14 15:19:06+00:00,0.0,0.0,mm
2014-07-15 03:16:13+00:00,0.0,0.0,mm
2014-07-15 15:13:21+00:00,0.0,0.0,mm
2014-07-16 03:10:28+00:00,0.0,0.0,mm
2014-07-16 15:07:35+00:00,0.0,0.0,mm
2014-07-17 03:04:43+00:00,0.0,0.0,mm
2014-07-17 15:01:50+00:00,0.0,0.0,mm
2014-07-18 02:58:57+00:00,0.0,0.0,mm
2014-07-18 14:56:05+00:00,0.0,0.0,mm
2014-07-19 02:53:12+00:00,0.0,0.0,mm
2014-07-19 14:50:19+00:00,0.0,0.0,mm
2014-07-20 02:47:27+00:00,0.0,0.0,mm
2014-07-20 14:44:34+00:00,0.0,0.0,mm
2014-07-21 02:41:41+00:00,0.0,0.0,mm
2014-07-21 14:38:48+00:00,0.0,0.0,mm
2014-07-22 02:35:56+00:00,0.0,0.0,mm
2014-07-22 14:33:03+00:00,0.0,0.0,mm
2014-07-23 02:30:11+00:00,0.0,0.0,mm
2014-07-23 14:27:18+00:00,0.0,0.0,mm
2014-07-24 02:24:25+00:00,0.0,0.0,mm
2014-07-24 14:21:33+00:00,0.0,0.0,mm
2014-07-25 02:18:40+00:00,0.0,0.0,mm
2014-07-25 14:15:47+00:00,0.0,0.0,mm
2014-07-26 02:12:55+00:00,0.0,0.0,mm
2014-07-26 14:10:02+00:00,0.0,0.0,mm
2014-07-27 02:07:09+00:00,0.0,0.0,mm
2014-07-27 14:04:17+00:00,0.0,0.0,mm
2014-07-28 02:01:24+00:00,0.0,0.0,mm
2014-07-28 13:58:31+00:00,0.0,0.0,mm
2014-07-29 01:55:39+00:00,0.0,0.0,mm
2014-07-29 13:52:46+00:00,0.0,0.0,mm
2014-07-30 01:49:53+00:00,0.0,0.0,mm
2014-07-30 13:47:01+00:00,0.0,0.0,mm
2014-07-31 01:44:08+00:00,0.0,0.0,mm
2014-07-31 13:41:15+00:00,0.0,0.0,mm
2014-08-01 01:38:23+00:00,0.0,0.0,mm
2014-08-01 13:35:30+00:00,0.0,0.0,mm
2014-08-02 01:32:37+00:00,0.0,0.0,mm
2014-08-02 13:29:45+00:00,0.0,0.0,mm
2014-08-03 01:26:52+00:00,0.0,0.0,mm
2014-08-03 07:22:00+00:00,0.04,1.016,mm
2014-08-03 07:33:27+00:00,0.04,1.016,mm
2014-08-03 07:45:17+00:00,0.04,1.016,mm
2014-08-03 07:52:01+00:00,0.04,1.016,mm
2014-08-03 08:05:03+00:00,0.04,1.016,mm
2014-08-03 08:14:23+00:00,0.04,1.016,mm
2014-08-03 08:22:06+00:00,0.04,1.016,mm
2014-08-03 09:11:30+00:00,0.12,3.0479999999999996,mm
2014-08-03 09:44:08+00:00,0.04,1.016,mm
2014-08-03 09:52:33+00:00,0.04,1.016,mm
2014-08-03 10:04:04+00:00,0.04,1.016,mm
2014-08-03 10:17:49+00:00,0.04,1.016,mm
2014-08-03 10:50:06+00:00,0.04,1.016,mm
2014-08-03 11:56:02+00:00,0.04,1.016,mm
2014-08-03 12:02:00+00:00,0.04,1.016,mm
2014-08-03 12:03:25+00:00,0.04,1.016,mm
2014-08-03 12:05:09+00:00,0.04,1.016,mm
2014-08-03 13:23:59+00:00,0.0,0.0,mm
2014-08-04 13:18:14+00:00,0.0,0.0,mm
2014-08-05 01:15:21+00:00,0.0,0.0,mm
2014-08-05 13:12:28+00:00,0.0,0.0,mm
2014-08-06 01:09:36+00:00,0.0,0.0,mm
2014-08-06 13:06:43+00:00,0.0,0.0,mm
2014-08-06 17:07:21+00:00,0.08,2.032,mm
2014-08-06 17:08:31+00:00,0.08,2.032,mm
2014-08-06 17:08:58+00:00,0.04,1.016,mm
2014-08-06 17:09:26+00:00,0.04,1.016,mm
2014-08-06 17:09:50+00:00,0.04,1.016,mm
2014-08-06 17:10:15+00:00,0.04,1.016,mm
2014-08-06 17:10:39+00:00,0.04,1.016,mm
2014-08-06 17:11:03+00:00,0.04,1.016,mm
2014-08-06 17:11:33+00:00,0.04,1.016,mm
2014-08-06 17:12:10+00:00,0.04,1.016,mm
2014-08-06 17:12:43+00:00,0.04,1.016,mm
2014-08-06 17:15:20+00:00,0.16,4.064,mm
2014-08-06 17:17:42+00:00,0.08,2.032,mm
2014-08-06 17:19:38+00:00,0.04,1.016,mm
2014-08-06 17:21:08+00:00,0.04,1.016,mm
2014-08-06 17:22:18+00:00,0.04,1.016,mm
2014-08-06 17:25:15+00:00,0.04,1.016,mm
2014-08-06 17:30:02+00:00,0.04,1.016,mm
2014-08-06 17:35:18+00:00,0.04,1.016,mm
2014-08-06 17:45:16+00:00,0.04,1.016,mm
2014-08-06 18:13:08+00:00,0.04,1.016,mm
2014-08-06 19:09:32+00:00,0.12,3.0479999999999996,mm
2014-08-06 19:45:40+00:00,0.04,1.016,mm
2014-08-06 20:26:22+00:00,0.04,1.016,mm
2014-08-06 20:57:40+00:00,0.04,1.016,mm
2014-08-06 21:34:51+00:00,0.04,1.016,mm
2014-08-06 21:57:40+00:00,0.04,1.016,mm
2014-08-06 21:58:50+00:00,0.04,1.016,mm
2014-08-06 21:59:44+00:00,0.04,1.016,mm
2014-08-06 22:01:14+00:00,0.04,1.016,mm
2014-08-06 22:02:22+00:00,0.04,1.016,mm
2014-08-06 22:03:23+00:00,0.04,1.016,mm
2014-08-06 22:04:35+00:00,0.04,1.016,mm
2014-08-06 22:06:04+00:00,0.04,1.016,mm
2014-08-06 22:07:51+00:00,0.04,1.016,mm
2014-08-06 22:08:53+00:00,0.04,1.016,mm
2014-08-06 22:11:05+00:00,0.08,2.032,mm
2014-08-06 22:12:49+00:00,0.08,2.032,mm
2014-08-06 22:14:49+00:00,0.08,2.032,mm
2014-08-06 22:15:49+00:00,0.04,1.016,mm
2014-08-06 22:18:56+00:00,0.08,2.032,mm
2014-08-06 22:23:31+00:00,0.04,1.016,mm
2014-08-06 22:33:48+00:00,0.04,1.016,mm
2014-08-06 22:47:29+00:00,0.04,1.016,mm
2014-08-06 23:00:30+00:00,0.04,1.016,mm
2014-08-06 23:16:23+00:00,0.04,1.016,mm
2014-08-06 23:38:55+00:00,0.04,1.016,mm
2014-08-06 23:41:57+00:00,0.08,2.032,mm
2014-08-06 23:43:04+00:00,0.04,1.016,mm
2014-08-06 23:44:29+00:00,0.04,1.016,mm
2014-08-07 00:01:12+00:00,0.04,1.016,mm
2014-08-07 00:07:41+00:00,0.08,2.032,mm
2014-08-07 00:12:46+00:00,0.04,1.016,mm
2014-08-07 00:36:54+00:00,0.12,3.0479999999999996,mm
2014-08-07 00:57:04+00:00,0.04,1.016,mm
2014-08-07 01:03:50+00:00,0.0,0.0,mm
2014-08-07 13:00:58+00:00,0.0,0.0,mm
2014-08-08 00:58:05+00:00,0.0,0.0,mm
2014-08-08 12:55:12+00:00,0.0,0.0,mm
2014-08-09 00:52:20+00:00,0.0,0.0,mm
2014-08-09 12:49:27+00:00,0.0,0.0,mm
2014-08-10 00:46:34+00:00,0.0,0.0,mm
2014-08-10 05:31:32+00:00,0.04,1.016,mm
2014-08-10 05:49:42+00:00,0.04,1.016,mm
2014-08-10 06:32:53+00:00,0.12,3.0479999999999996,mm
2014-08-10 06:52:47+00:00,0.04,1.016,mm
2014-08-10 07:22:09+00:00,0.04,1.016,mm
2014-08-10 12:43:41+00:00,0.0,0.0,mm
2014-08-11 00:40:49+00:00,0.0,0.0,mm
2014-08-11 12:37:56+00:00,0.0,0.0,mm
2014-08-12 00:35:03+00:00,0.0,0.0,mm
2014-08-12 12:32:11+00:00,0.0,0.0,mm
2014-08-13 12:26:25+00:00,0.0,0.0,mm
2014-08-14 00:23:33+00:00,0.0,0.0,mm
2014-08-14 12:20:40+00:00,0.0,0.0,mm
2014-08-15 00:17:48+00:00,0.0,0.0,mm
2014-08-15 12:14:55+00:00,0.0,0.0,mm
2014-08-16 00:12:02+00:00,0.0,0.0,mm
2014-08-16 01:04:52+00:00,0.04,1.016,mm
2014-08-16 01:06:16+00:00,0.04,1.016,mm
2014-08-16 01:07:02+00:00,0.04,1.016,mm
2014-08-16 01:09:47+00:00,0.04,1.016,mm
2014-08-16 01:25:13+00:00,0.04,1.016,mm
2014-08-16 01:29:03+00:00,0.04,1.016,mm
2014-08-16 12:09:09+00:00,0.0,0.0,mm
2014-08-17 00:06:17+00:00,0.0,0.0,mm
2014-08-17 12:03:24+00:00,0.0,0.0,mm
2014-08-18 00:00:31+00:00,0.0,0.0,mm
2014-08-18 11:57:39+00:00,0.0,0.0,mm
2014-08-19 11:51:53+00:00,0.0,0.0,mm
2014-08-19 23:49:01+00:00,0.0,0.0,mm
2014-08-20 11:46:08+00:00,0.0,0.0,mm
2014-08-20 23:43:16+00:00,0.0,0.0,mm
2014-08-21 11:40:23+00:00,0.0,0.0,mm
2014-08-21 23:37:30+00:00,0.0,0.0,mm
2014-08-22 11:34:38+00:00,0.0,0.0,mm
2014-08-22 23:31:45+00:00,0.0,0.0,mm
2014-08-23 11:28:52+00:00,0.0,0.0,mm
2014-08-23 23:26:00+00:00,0.0,0.0,mm
2014-08-24 11:23:07+00:00,0.0,0.0,mm
2014-08-24 23:20:15+00:00,0.0,0.0,mm
2014-08-25 11:17:22+00:00,0.0,0.0,mm
2014-08-25 23:14:30+00:00,0.0,0.0,mm
2014-08-26 11:11:37+00:00,0.0,0.0,mm
2014-08-26 23:08:44+00:00,0.0,0.0,mm
2014-08-27 11:05:52+00:00,0.0,0.0,mm
2014-08-27 23:02:59+00:00,0.0,0.0,mm
2014-08-28 11:00:06+00:00,0.0,0.0,mm
2014-08-28 22:57:14+00:00,0.0,0.0,mm
2014-08-29 10:54:21+00:00,0.0,0.0,mm
2014-08-29 12:15:32+00:00,0.04,1.016,mm
2014-08-29 19:53:17+00:00,0.04,1.016,mm
2014-08-29 19:56:17+00:00,0.04,1.016,mm
2014-08-29 19:59:40+00:00,0.04,1.016,mm
2014-08-29 20:17:12+00:00,0.04,1.016,mm
2014-08-29 22:30:03+00:00,0.04,1.016,mm
2014-08-29 22:51:28+00:00,0.0,0.0,mm
2014-08-30 10:48:35+00:00,0.0,0.0,mm
2014-08-30 22:45:43+00:00,0.0,0.0,mm
2014-08-31 10:42:50+00:00,0.0,0.0,mm
2014-08-31 22:18:10+00:00,0.04,1.016,mm
2014-08-31 22:19:01+00:00,0.04,1.016,mm
2014-08-31 22:19:45+00:00,0.04,1.016,mm
2014-08-31 22:20:27+00:00,0.04,1.016,mm
2014-08-31 22:21:28+00:00,0.04,1.016,mm
2014-08-31 22:22:14+00:00,0.04,1.016,mm
2014-08-31 22:23:06+00:00,0.04,1.016,mm
2014-08-31 22:24:06+00:00,0.04,1.016,mm
2014-08-31 22:25:06+00:00,0.04,1.016,mm
2014-08-31 22:26:38+00:00,0.04,1.016,mm
2014-08-31 22:29:53+00:00,0.08,2.032,mm
2014-08-31 22:38:33+00:00,0.08,2.032,mm
2014-08-31 22:39:58+00:00,0.0,0.0,mm
2014-08-31 22:57:30+00:00,0.04,1.016,mm
2014-08-31 23:28:20+00:00,0.04,1.016,mm
2014-09-01 00:04:40+00:00,0.04,1.016,mm
2014-09-01 00:48:14+00:00,0.08,2.032,mm
2014-09-01 00:58:10+00:00,0.04,1.016,mm
2014-09-01 01:09:57+00:00,0.04,1.016,mm
2014-09-01 01:19:21+00:00,0.04,1.016,mm
2014-09-01 01:28:18+00:00,0.04,1.016,mm
2014-09-01 01:41:39+00:00,0.04,1.016,mm
2014-09-01 01:53:13+00:00,0.04,1.016,mm
2014-09-01 02:06:27+00:00,0.04,1.016,mm
2014-09-01 02:24:22+00:00,0.04,1.016,mm
2014-09-01 02:35:06+00:00,0.04,1.016,mm
2014-09-01 02:44:15+00:00,0.04,1.016,mm
2014-09-01 02:52:02+00:00,0.04,1.016,mm
2014-09-01 03:39:24+00:00,0.16,4.064,mm
2014-09-01 10:37:05+00:00,0.04,1.016,mm
2014-09-01 21:00:06+00:00,0.04,1.016,mm
2014-09-01 21:12:43+00:00,0.04,1.016,mm
2014-09-01 21:14:56+00:00,0.04,1.016,mm
2014-09-01 21:18:30+00:00,0.04,1.016,mm
2014-09-01 21:22:15+00:00,0.08,2.032,mm
2014-09-01 21:23:56+00:00,0.04,1.016,mm
2014-09-01 21:25:46+00:00,0.04,1.016,mm
2014-09-01 21:26:56+00:00,0.04,1.016,mm
2014-09-01 21:28:24+00:00,0.04,1.016,mm
2014-09-01 22:34:12+00:00,0.0,0.0,mm
2014-09-02 10:31:19+00:00,0.0,0.0,mm
2014-09-02 22:28:27+00:00,0.0,0.0,mm
2014-09-03 06:40:59+00:00,0.04,1.016,mm
2014-09-03 06:45:10+00:00,0.04,1.016,mm
2014-09-03 07:57:03+00:00,0.04,1.016,mm
2014-09-03 08:10:02+00:00,0.04,1.016,mm
2014-09-03 08:14:59+00:00,0.04,1.016,mm
2014-09-03 08:17:33+00:00,0.04,1.016,mm
2014-09-03 08:23:50+00:00,0.04,1.016,mm
2014-09-03 08:41:00+00:00,0.04,1.016,mm
2014-09-03 08:48:50+00:00,0.04,1.016,mm
2014-09-03 09:33:13+00:00,0.04,1.016,mm
2014-09-03 09:59:43+00:00,0.04,1.016,mm
2014-09-03 10:25:34+00:00,0.0,0.0,mm
2014-09-03 22:22:41+00:00,0.0,0.0,mm
2014-09-04 10:19:49+00:00,0.0,0.0,mm
2014-09-04 22:16:56+00:00,0.0,0.0,mm
2014-09-05 10:14:03+00:00,0.0,0.0,mm
2014-09-05 16:14:56+00:00,0.04,1.016,mm
2014-09-05 16:19:37+00:00,0.04,1.016,mm
2014-09-05 16:26:26+00:00,0.04,1.016,mm
2014-09-05 17:05:27+00:00,0.04,1.016,mm
2014-09-05 17:28:52+00:00,0.04,1.016,mm
2014-09-05 22:11:11+00:00,0.0,0.0,mm
2014-09-06 10:08:18+00:00,0.0,0.0,mm
2014-09-07 10:02:33+00:00,0.0,0.0,mm
2014-09-07 21:59:40+00:00,0.0,0.0,mm
2014-09-08 09:56:47+00:00,0.0,0.0,mm
2014-09-08 21:53:55+00:00,0.0,0.0,mm
2014-09-09 09:51:02+00:00,0.0,0.0,mm
2014-09-09 21:48:09+00:00,0.0,0.0,mm
2014-09-10 00:53:44+00:00,0.04,1.016,mm
2014-09-10 02:09:08+00:00,0.04,1.016,mm
2014-09-10 02:19:11+00:00,0.04,1.016,mm
2014-09-10 02:24:10+00:00,0.04,1.016,mm
2014-09-10 02:41:55+00:00,0.04,1.016,mm
2014-09-10 02:52:00+00:00,0.04,1.016,mm
2014-09-10 03:02:05+00:00,0.04,1.016,mm
2014-09-10 03:29:44+00:00,0.04,1.016,mm
2014-09-10 03:37:06+00:00,0.04,1.016,mm
2014-09-10 04:02:57+00:00,0.04,1.016,mm
2014-09-10 09:45:17+00:00,0.0,0.0,mm
2014-09-10 21:42:24+00:00,0.0,0.0,mm
2014-09-11 06:18:38+00:00,0.04,1.016,mm
2014-09-11 09:39:31+00:00,0.0,0.0,mm
2014-09-11 21:36:39+00:00,0.0,0.0,mm
2014-09-12 09:33:46+00:00,0.0,0.0,mm
2014-09-12 21:30:54+00:00,0.0,0.0,mm
2014-09-13 09:28:02+00:00,0.0,0.0,mm
2014-09-13 21:25:09+00:00,0.0,0.0,mm
2014-09-14 09:22:16+00:00,0.0,0.0,mm
2014-09-14 21:19:24+00:00,0.0,0.0,mm
2014-09-15 09:16:31+00:00,0.0,0.0,mm
2014-09-15 21:13:38+00:00,0.0,0.0,mm
2014-09-16 09:10:46+00:00,0.0,0.0,mm
2014-09-16 21:07:53+00:00,0.0,0.0,mm
2014-09-17 05:25:56+00:00,0.04,1.016,mm
2014-09-17 08:06:38+00:00,0.04,1.016,mm
2014-09-17 09:05:00+00:00,0.0,0.0,mm
2014-09-17 21:02:08+00:00,0.0,0.0,mm
2014-09-18 08:59:15+00:00,0.0,0.0,mm
2014-09-18 20:56:22+00:00,0.0,0.0,mm
2014-09-19 08:53:30+00:00,0.0,0.0,mm
2014-09-19 20:50:37+00:00,0.0,0.0,mm
2014-09-20 08:47:44+00:00,0.0,0.0,mm
2014-09-20 20:44:52+00:00,0.0,0.0,mm
2014-09-21 08:41:59+00:00,0.0,0.0,mm
2014-09-21 20:39:06+00:00,0.0,0.0,mm
2014-09-22 08:36:14+00:00,0.0,0.0,mm
2014-09-22 20:33:21+00:00,0.0,0.0,mm
2014-09-23 08:30:29+00:00,0.0,0.0,mm
2014-09-23 20:27:36+00:00,0.0,0.0,mm
2014-09-24 07:10:27+00:00,0.04,1.016,mm
2014-09-24 07:59:21+00:00,0.04,1.016,mm
2014-09-24 08:24:43+00:00,0.0,0.0,mm
2014-09-24 20:21:51+00:00,0.0,0.0,mm
2014-09-25 08:18:58+00:00,0.0,0.0,mm
2014-09-25 20:16:05+00:00,0.0,0.0,mm
2014-09-26 08:13:13+00:00,0.0,0.0,mm
2014-09-26 08:17:00+00:00,0.04,1.016,mm
2014-09-26 20:10:20+00:00,0.0,0.0,mm
2014-09-27 08:07:27+00:00,0.0,0.0,mm
2014-09-27 20:04:35+00:00,0.0,0.0,mm
2014-09-28 08:01:42+00:00,0.0,0.0,mm
2014-09-28 19:58:49+00:00,0.0,0.0,mm
2014-09-29 07:55:57+00:00,0.0,0.0,mm
2014-09-29 19:53:04+00:00,0.0,0.0,mm
2014-09-30 07:50:12+00:00,0.0,0.0,mm
2014-09-30 19:47:19+00:00,0.0,0.0,mm
2014-10-01 05:47:10+00:00,0.04,1.016,mm
2014-10-01 05:48:14+00:00,0.04,1.016,mm
2014-10-01 05:48:36+00:00,0.04,1.016,mm
2014-10-01 05:49:00+00:00,0.04,1.016,mm
2014-10-01 05:49:54+00:00,0.08,2.032,mm
2014-10-01 05:51:22+00:00,0.04,1.016,mm
2014-10-01 06:10:20+00:00,0.04,1.016,mm
2014-10-01 07:44:26+00:00,0.0,0.0,mm
2014-10-01 08:57:04+00:00,0.04,1.016,mm
2014-10-01 09:23:20+00:00,0.04,1.016,mm
2014-10-01 09:34:43+00:00,0.04,1.016,mm
2014-10-01 09:36:21+00:00,0.04,1.016,mm
2014-10-01 09:41:36+00:00,0.04,1.016,mm
2014-10-01 09:48:22+00:00,0.04,1.016,mm
2014-10-01 09:50:25+00:00,0.04,1.016,mm
2014-10-01 10:54:45+00:00,0.04,1.016,mm
2014-10-01 10:57:11+00:00,0.04,1.016,mm
2014-10-01 19:41:33+00:00,0.0,0.0,mm
2014-10-01 21:24:38+00:00,0.04,1.016,mm
2014-10-01 21:51:47+00:00,0.04,1.016,mm
2014-10-01 21:55:03+00:00,0.04,1.016,mm
2014-10-01 21:59:49+00:00,0.04,1.016,mm
2014-10-01 22:03:52+00:00,0.04,1.016,mm
2014-10-01 22:06:40+00:00,0.04,1.016,mm
2014-10-01 22:08:45+00:00,0.04,1.016,mm
2014-10-01 22:11:54+00:00,0.04,1.016,mm
2014-10-01 23:19:49+00:00,0.04,1.016,mm
2014-10-01 23:29:47+00:00,0.08,2.032,mm
2014-10-01 23:59:51+00:00,0.04,1.016,mm
2014-10-02 00:22:02+00:00,0.04,1.016,mm
2014-10-02 01:52:50+00:00,0.04,1.016,mm
2014-10-02 07:38:41+00:00,0.0,0.0,mm
2014-10-02 08:40:18+00:00,0.04,1.016,mm
2014-10-02 08:42:16+00:00,0.04,1.016,mm
2014-10-02 08:43:44+00:00,0.04,1.016,mm
2014-10-02 08:45:16+00:00,0.04,1.016,mm
2014-10-02 08:46:07+00:00,0.04,1.016,mm
2014-10-02 08:46:47+00:00,0.04,1.016,mm
2014-10-02 08:47:23+00:00,0.04,1.016,mm
2014-10-02 08:48:11+00:00,0.04,1.016,mm
2014-10-02 08:49:00+00:00,0.04,1.016,mm
2014-10-02 08:49:51+00:00,0.04,1.016,mm
2014-10-02 08:50:38+00:00,0.04,1.016,mm
2014-10-02 08:51:42+00:00,0.04,1.016,mm
2014-10-02 08:53:48+00:00,0.04,1.016,mm
2014-10-02 09:00:53+00:00,0.08,2.032,mm
2014-10-02 09:03:17+00:00,0.04,1.016,mm
2014-10-02 09:05:05+00:00,0.04,1.016,mm
2014-10-02 09:07:45+00:00,0.04,1.016,mm
2014-10-02 09:12:17+00:00,0.08,2.032,mm
2014-10-02 09:13:22+00:00,0.04,1.016,mm
2014-10-02 09:14:12+00:00,0.04,1.016,mm
2014-10-02 09:14:56+00:00,0.04,1.016,mm
2014-10-02 09:19:09+00:00,0.08,2.032,mm
2014-10-02 09:33:54+00:00,0.04,1.016,mm
2014-10-02 09:57:38+00:00,0.08,2.032,mm
2014-10-02 11:15:40+00:00,0.04,1.016,mm
2014-10-02 11:16:45+00:00,0.04,1.016,mm
2014-10-02 11:17:33+00:00,0.04,1.016,mm
2014-10-02 11:19:15+00:00,0.04,1.016,mm
2014-10-02 11:20:00+00:00,0.04,1.016,mm
2014-10-02 11:20:37+00:00,0.04,1.016,mm
2014-10-02 11:21:07+00:00,0.04,1.016,mm
2014-10-02 11:22:23+00:00,0.08,2.032,mm
2014-10-02 11:23:16+00:00,0.04,1.016,mm
2014-10-02 11:24:04+00:00,0.04,1.016,mm
2014-10-02 11:28:50+00:00,0.12,3.0479999999999996,mm
2014-10-02 11:32:29+00:00,0.08,2.032,mm
2014-10-02 11:38:58+00:00,0.12,3.0479999999999996,mm
2014-10-02 11:40:09+00:00,0.04,1.016,mm
2014-10-02 11:42:37+00:00,0.08,2.032,mm
2014-10-02 11:43:56+00:00,0.04,1.016,mm
2014-10-02 11:46:13+00:00,0.04,1.016,mm
2014-10-02 11:49:23+00:00,0.04,1.016,mm
2014-10-02 11:54:23+00:00,0.04,1.016,mm
2014-10-02 12:00:12+00:00,0.04,1.016,mm
2014-10-02 12:10:48+00:00,0.04,1.016,mm
2014-10-02 19:35:48+00:00,0.0,0.0,mm
2014-10-03 07:32:55+00:00,0.0,0.0,mm
2014-10-03 10:03:39+00:00,0.04,1.016,mm
2014-10-03 19:30:03+00:00,0.0,0.0,mm
2014-10-04 07:27:10+00:00,0.0,0.0,mm
2014-10-04 19:24:18+00:00,0.0,0.0,mm
2014-10-05 07:21:25+00:00,0.0,0.0,mm
2014-10-05 19:18:33+00:00,0.0,0.0,mm
2014-10-05 22:53:29+00:00,0.08,2.032,mm
2014-10-05 22:58:15+00:00,0.04,1.016,mm
2014-10-06 07:15:40+00:00,0.0,0.0,mm
2014-10-06 19:12:48+00:00,0.0,0.0,mm
2014-10-06 22:02:15+00:00,0.04,1.016,mm
2014-10-06 22:43:56+00:00,0.04,1.016,mm
2014-10-07 07:09:55+00:00,0.0,0.0,mm
2014-10-07 19:07:02+00:00,0.0,0.0,mm
2014-10-08 07:04:10+00:00,0.0,0.0,mm
2014-10-08 19:01:17+00:00,0.0,0.0,mm
2014-10-09 00:39:01+00:00,0.04,1.016,mm
2014-10-09 00:43:07+00:00,0.04,1.016,mm
2014-10-09 06:50:50+00:00,0.04,1.016,mm
2014-10-09 06:58:25+00:00,0.0,0.0,mm
2014-10-09 07:09:31+00:00,0.04,1.016,mm
2014-10-09 07:12:49+00:00,0.04,1.016,mm
2014-10-09 07:13:45+00:00,0.04,1.016,mm
2014-10-09 07:15:43+00:00,0.04,1.016,mm
2014-10-09 07:22:19+00:00,0.12,3.0479999999999996,mm
2014-10-09 07:23:16+00:00,0.04,1.016,mm
2014-10-09 07:24:10+00:00,0.04,1.016,mm
2014-10-09 07:25:43+00:00,0.04,1.016,mm
2014-10-09 07:26:36+00:00,0.04,1.016,mm
2014-10-09 07:28:16+00:00,0.04,1.016,mm
2014-10-09 07:30:53+00:00,0.04,1.016,mm
2014-10-09 07:32:13+00:00,0.04,1.016,mm
2014-10-09 07:32:51+00:00,0.04,1.016,mm
2014-10-09 07:33:27+00:00,0.04,1.016,mm
2014-10-09 07:34:12+00:00,0.04,1.016,mm
2014-10-09 07:36:51+00:00,0.08,2.032,mm
2014-10-09 07:40:32+00:00,0.04,1.016,mm
2014-10-09 07:51:08+00:00,0.04,1.016,mm
2014-10-09 08:03:05+00:00,0.04,1.016,mm
2014-10-09 08:55:13+00:00,0.04,1.016,mm
2014-10-09 08:58:27+00:00,0.04,1.016,mm
2014-10-09 09:01:37+00:00,0.04,1.016,mm
2014-10-09 09:06:07+00:00,0.04,1.016,mm
2014-10-09 09:22:36+00:00,0.04,1.016,mm
2014-10-09 09:57:50+00:00,0.04,1.016,mm
2014-10-09 18:55:13+00:00,0.04,1.016,mm
2014-10-09 18:55:36+00:00,0.0,0.0,mm
2014-10-09 19:06:16+00:00,0.04,1.016,mm
2014-10-09 19:20:32+00:00,0.12,3.0479999999999996,mm
2014-10-09 19:36:28+00:00,0.04,1.016,mm
2014-10-09 19:49:30+00:00,0.04,1.016,mm
2014-10-09 20:28:01+00:00,0.04,1.016,mm
2014-10-09 21:07:03+00:00,0.04,1.016,mm
2014-10-09 21:19:53+00:00,0.04,1.016,mm
2014-10-09 21:38:13+00:00,0.04,1.016,mm
2014-10-09 21:56:01+00:00,0.04,1.016,mm
2014-10-09 22:19:56+00:00,0.04,1.016,mm
2014-10-09 22:43:28+00:00,0.04,1.016,mm
2014-10-09 22:54:20+00:00,0.04,1.016,mm
2014-10-09 23:06:18+00:00,0.04,1.016,mm
2014-10-09 23:18:17+00:00,0.04,1.016,mm
2014-10-09 23:25:25+00:00,0.04,1.016,mm
2014-10-09 23:30:15+00:00,0.04,1.016,mm
2014-10-09 23:35:56+00:00,0.04,1.016,mm
2014-10-09 23:48:03+00:00,0.04,1.016,mm
2014-10-09 23:54:25+00:00,0.04,1.016,mm
2014-10-10 00:02:50+00:00,0.04,1.016,mm
2014-10-10 00:11:45+00:00,0.04,1.016,mm
2014-10-10 00:21:30+00:00,0.04,1.016,mm
2014-10-10 00:31:44+00:00,0.04,1.016,mm
2014-10-10 00:40:37+00:00,0.04,1.016,mm
2014-10-10 00:51:44+00:00,0.04,1.016,mm
2014-10-10 01:16:36+00:00,0.04,1.016,mm
2014-10-10 06:52:39+00:00,0.0,0.0,mm
2014-10-10 13:04:05+00:00,0.04,1.016,mm
2014-10-10 18:49:47+00:00,0.0,0.0,mm
2014-10-11 06:46:54+00:00,0.0,0.0,mm
2014-10-11 18:44:02+00:00,0.0,0.0,mm
2014-10-12 06:41:09+00:00,0.0,0.0,mm
2014-10-12 18:38:17+00:00,0.0,0.0,mm
2014-10-13 05:51:26+00:00,0.04,1.016,mm
2014-10-13 06:35:24+00:00,0.0,0.0,mm
2014-10-13 06:39:47+00:00,0.04,1.016,mm
2014-10-13 06:59:48+00:00,0.04,1.016,mm
2014-10-13 07:30:46+00:00,0.04,1.016,mm
2014-10-13 08:09:13+00:00,0.08,2.032,mm
2014-10-13 08:23:20+00:00,0.04,1.016,mm
2014-10-13 08:33:01+00:00,0.04,1.016,mm
2014-10-13 08:40:19+00:00,0.04,1.016,mm
2014-10-13 08:57:47+00:00,0.04,1.016,mm
2014-10-13 09:15:01+00:00,0.04,1.016,mm
2014-10-13 10:20:38+00:00,0.04,1.016,mm
2014-10-13 11:32:17+00:00,0.04,1.016,mm
2014-10-13 11:40:40+00:00,0.04,1.016,mm
2014-10-13 11:48:56+00:00,0.04,1.016,mm
2014-10-13 12:01:38+00:00,0.04,1.016,mm
2014-10-13 12:27:56+00:00,0.04,1.016,mm
2014-10-13 13:01:35+00:00,0.04,1.016,mm
2014-10-13 13:30:57+00:00,0.04,1.016,mm
2014-10-13 14:06:53+00:00,0.04,1.016,mm
2014-10-13 14:50:38+00:00,0.04,1.016,mm
2014-10-13 15:16:59+00:00,0.04,1.016,mm
2014-10-13 16:29:55+00:00,0.04,1.016,mm
2014-10-13 17:25:02+00:00,0.04,1.016,mm
2014-10-13 17:45:49+00:00,0.04,1.016,mm
2014-10-13 17:57:07+00:00,0.04,1.016,mm
2014-10-13 18:31:40+00:00,0.04,1.016,mm
2014-10-13 18:32:31+00:00,0.0,0.0,mm
2014-10-13 18:58:33+00:00,0.04,1.016,mm
2014-10-13 19:17:43+00:00,0.04,1.016,mm
2014-10-13 19:40:22+00:00,0.04,1.016,mm
2014-10-13 20:01:01+00:00,0.04,1.016,mm
2014-10-13 20:29:43+00:00,0.04,1.016,mm
2014-10-13 21:08:53+00:00,0.04,1.016,mm
2014-10-13 22:34:07+00:00,0.04,1.016,mm
2014-10-14 06:29:39+00:00,0.0,0.0,mm
2014-10-14 18:26:46+00:00,0.0,0.0,mm
2014-10-15 06:23:54+00:00,0.0,0.0,mm
2014-10-15 18:21:01+00:00,0.0,0.0,mm
2014-10-16 06:18:09+00:00,0.0,0.0,mm
2014-10-16 18:15:16+00:00,0.0,0.0,mm
2014-10-17 06:12:24+00:00,0.0,0.0,mm
2014-10-17 18:09:31+00:00,0.0,0.0,mm
2014-10-18 06:06:39+00:00,0.0,0.0,mm
2014-10-18 18:03:46+00:00,0.0,0.0,mm
2014-10-19 06:00:54+00:00,0.0,0.0,mm
2014-10-19 17:58:01+00:00,0.0,0.0,mm
2014-10-20 05:55:09+00:00,0.0,0.0,mm
2014-10-20 17:52:16+00:00,0.0,0.0,mm
2014-10-21 05:49:23+00:00,0.0,0.0,mm
2014-10-21 17:46:31+00:00,0.0,0.0,mm
2014-10-22 05:43:38+00:00,0.0,0.0,mm
2014-10-22 17:40:46+00:00,0.0,0.0,mm
2014-10-23 04:08:14+00:00,0.04,1.016,mm
2014-10-23 04:24:25+00:00,0.04,1.016,mm
2014-10-23 04:40:45+00:00,0.04,1.016,mm
2014-10-23 05:29:01+00:00,0.04,1.016,mm
2014-10-23 05:37:53+00:00,0.0,0.0,mm
2014-10-23 17:35:00+00:00,0.0,0.0,mm
2014-10-24 05:32:08+00:00,0.0,0.0,mm
2014-10-24 17:29:15+00:00,0.0,0.0,mm
2014-10-25 05:26:22+00:00,0.0,0.0,mm
2014-10-25 08:50:57+00:00,0.04,1.016,mm
2014-10-25 17:23:30+00:00,0.0,0.0,mm
2014-10-26 05:20:37+00:00,0.0,0.0,mm
2014-10-26 17:17:45+00:00,0.0,0.0,mm
2014-10-27 05:14:52+00:00,0.0,0.0,mm
2014-10-27 17:11:59+00:00,0.0,0.0,mm
2014-10-28 05:09:07+00:00,0.0,0.0,mm
2014-10-28 17:06:14+00:00,0.0,0.0,mm
2014-10-29 05:03:22+00:00,0.0,0.0,mm
2014-10-29 17:00:29+00:00,0.0,0.0,mm
2014-10-30 04:57:37+00:00,0.0,0.0,mm
2014-10-30 16:54:44+00:00,0.0,0.0,mm
2014-10-31 04:51:52+00:00,0.0,0.0,mm
2014-10-31 16:48:59+00:00,0.0,0.0,mm
2014-11-01 04:46:07+00:00,0.0,0.0,mm
2014-11-01 16:43:15+00:00,0.0,0.0,mm
2014-11-02 03:40:23+00:00,0.0,0.0,mm
2014-11-02 15:37:30+00:00,0.0,0.0,mm
2014-11-03 03:34:37+00:00,0.0,0.0,mm
2014-11-03 15:31:45+00:00,0.0,0.0,mm
2014-11-03 23:10:09+00:00,0.08,2.032,mm
2014-11-04 03:28:52+00:00,0.0,0.0,mm
2014-11-04 15:26:00+00:00,0.0,0.0,mm
2014-11-05 03:23:08+00:00,0.0,0.0,mm
2014-11-05 15:20:15+00:00,0.0,0.0,mm
2014-11-06 03:17:23+00:00,0.0,0.0,mm
2014-11-06 15:14:30+00:00,0.0,0.0,mm
2014-11-07 03:11:38+00:00,0.0,0.0,mm
2014-11-07 15:08:46+00:00,0.0,0.0,mm
2014-11-08 03:05:53+00:00,0.0,0.0,mm
2014-11-08 15:03:00+00:00,0.0,0.0,mm
2014-11-09 03:00:08+00:00,0.0,0.0,mm
2014-11-09 14:57:16+00:00,0.0,0.0,mm
2014-11-10 02:54:23+00:00,0.0,0.0,mm
2014-11-10 14:51:31+00:00,0.0,0.0,mm
2014-11-11 02:48:38+00:00,0.0,0.0,mm
2014-11-11 14:45:46+00:00,0.0,0.0,mm
2014-11-12 02:42:55+00:00,0.0,0.0,mm
2014-11-12 14:40:03+00:00,0.0,0.0,mm
2014-11-13 14:34:19+00:00,0.0,0.0,mm
2014-11-14 14:28:36+00:00,0.0,0.0,mm
2014-11-15 02:25:44+00:00,0.0,0.0,mm
2014-11-15 14:22:53+00:00,0.0,0.0,mm
2014-11-16 02:20:01+00:00,0.0,0.0,mm
2014-11-17 14:11:26+00:00,0.0,0.0,mm
2014-11-18 14:05:43+00:00,0.0,0.0,mm
2014-11-19 02:02:51+00:00,0.0,0.0,mm
2014-11-19 13:59:59+00:00,0.0,0.0,mm
2014-11-20 13:54:15+00:00,0.0,0.0,mm
2014-11-21 13:48:31+00:00,0.0,0.0,mm
2014-11-21 13:57:50+00:00,0.04,1.016,mm
2014-11-21 14:11:03+00:00,0.04,1.016,mm
2014-11-21 16:33:32+00:00,0.04,1.016,mm
2014-11-21 16:36:06+00:00,0.04,1.016,mm
2014-11-22 01:45:39+00:00,0.0,0.0,mm
2014-11-22 03:23:51+00:00,0.04,1.016,mm
2014-11-22 13:42:47+00:00,0.0,0.0,mm
2014-11-23 01:39:54+00:00,0.0,0.0,mm
2014-11-23 10:37:25+00:00,0.04,1.016,mm
2014-11-23 13:37:02+00:00,0.0,0.0,mm
2014-11-23 13:41:42+00:00,0.04,1.016,mm
2014-11-23 14:50:39+00:00,0.04,1.016,mm
2014-11-23 15:02:04+00:00,0.04,1.016,mm
2014-11-23 16:50:36+00:00,0.04,1.016,mm
2014-11-23 17:07:08+00:00,0.04,1.016,mm
2014-11-23 18:14:19+00:00,0.04,1.016,mm
2014-11-23 19:05:45+00:00,0.04,1.016,mm
2014-11-23 19:52:14+00:00,0.04,1.016,mm
2014-11-23 20:30:58+00:00,0.04,1.016,mm
2014-11-24 01:34:09+00:00,0.0,0.0,mm
2014-11-24 07:51:34+00:00,0.04,1.016,mm
2014-11-24 07:52:15+00:00,0.04,1.016,mm
2014-11-24 07:52:56+00:00,0.04,1.016,mm
2014-11-24 07:53:38+00:00,0.04,1.016,mm
2014-11-24 07:54:19+00:00,0.04,1.016,mm
2014-11-24 07:54:43+00:00,0.04,1.016,mm
2014-11-25 05:17:17+00:00,0.0,0.0,mm
2014-11-25 17:15:22+00:00,0.0,0.0,mm
2014-11-26 03:56:43+00:00,0.04,1.016,mm
2014-11-26 05:13:29+00:00,0.0,0.0,mm
2014-11-26 17:11:35+00:00,0.04,1.016,mm
2014-11-27 05:09:41+00:00,0.0,0.0,mm
2014-11-27 17:07:47+00:00,0.0,0.0,mm
2014-11-28 05:05:53+00:00,0.0,0.0,mm
2014-11-28 17:03:59+00:00,0.0,0.0,mm
2014-11-29 05:02:05+00:00,0.0,0.0,mm
2014-11-29 17:00:10+00:00,0.0,0.0,mm
2014-11-30 04:58:16+00:00,0.0,0.0,mm
2014-11-30 16:56:22+00:00,0.0,0.0,mm
2014-12-01 16:52:35+00:00,0.0,0.0,mm
2014-12-02 16:48:48+00:00,0.0,0.0,mm
2014-12-03 04:46:54+00:00,0.0,0.0,mm
2014-12-03 16:45:00+00:00,0.0,0.0,mm
2014-12-04 04:43:06+00:00,0.0,0.0,mm
2014-12-04 16:41:12+00:00,0.0,0.0,mm
2014-12-05 02:13:06+00:00,0.04,1.016,mm
2014-12-05 02:28:08+00:00,0.04,1.016,mm
2014-12-05 02:47:46+00:00,0.04,1.016,mm
2014-12-05 03:00:45+00:00,0.04,1.016,mm
2014-12-05 03:17:25+00:00,0.04,1.016,mm
2014-12-05 03:32:58+00:00,0.04,1.016,mm
2014-12-05 03:57:56+00:00,0.04,1.016,mm
2014-12-05 04:30:58+00:00,0.04,1.016,mm
2014-12-05 04:39:18+00:00,0.0,0.0,mm
2014-12-05 04:55:49+00:00,0.04,1.016,mm
2014-12-05 05:17:23+00:00,0.04,1.016,mm
2014-12-05 05:35:29+00:00,0.04,1.016,mm
2014-12-05 05:51:19+00:00,0.04,1.016,mm
2014-12-05 06:08:49+00:00,0.04,1.016,mm
2014-12-05 06:26:48+00:00,0.04,1.016,mm
2014-12-05 06:44:59+00:00,0.04,1.016,mm
2014-12-05 07:04:02+00:00,0.04,1.016,mm
2014-12-05 07:43:06+00:00,0.04,1.016,mm
2014-12-05 08:08:28+00:00,0.04,1.016,mm
2014-12-05 09:13:17+00:00,0.04,1.016,mm
2014-12-05 11:47:06+00:00,0.04,1.016,mm
2014-12-05 14:43:48+00:00,0.04,1.016,mm
2014-12-05 16:37:24+00:00,0.0,0.0,mm
2014-12-06 04:35:30+00:00,0.0,0.0,mm
2014-12-06 16:33:36+00:00,0.0,0.0,mm
2014-12-07 04:31:42+00:00,0.0,0.0,mm
2014-12-07 16:29:48+00:00,0.0,0.0,mm
2014-12-07 17:54:45+00:00,0.04,1.016,mm
2014-12-08 04:27:54+00:00,0.0,0.0,mm
2014-12-08 16:26:00+00:00,0.0,0.0,mm
2014-12-09 04:24:06+00:00,0.0,0.0,mm
2014-12-09 16:22:12+00:00,0.0,0.0,mm
2014-12-10 04:20:18+00:00,0.0,0.0,mm
2014-12-10 16:18:25+00:00,0.0,0.0,mm
2014-12-11 03:09:56+00:00,0.04,1.016,mm
2014-12-11 04:16:31+00:00,0.0,0.0,mm
2014-12-11 16:14:37+00:00,0.0,0.0,mm
2014-12-12 04:12:43+00:00,0.0,0.0,mm
2014-12-12 16:10:49+00:00,0.0,0.0,mm
2014-12-13 04:08:54+00:00,0.0,0.0,mm
2014-12-14 10:02:30+00:00,0.0,0.0,mm
2014-12-14 20:11:06+00:00,0.04,1.016,mm
2014-12-14 20:23:27+00:00,0.04,1.016,mm
2014-12-14 20:33:18+00:00,0.04,1.016,mm
2014-12-14 20:42:27+00:00,0.04,1.016,mm
2014-12-14 20:49:52+00:00,0.04,1.016,mm
2014-12-14 21:14:08+00:00,0.12,3.0479999999999996,mm
2014-12-14 21:25:38+00:00,0.04,1.016,mm
2014-12-14 21:49:21+00:00,0.04,1.016,mm
2014-12-14 22:00:36+00:00,0.0,0.0,mm
2014-12-14 22:06:45+00:00,0.04,1.016,mm
2014-12-14 22:16:15+00:00,0.04,1.016,mm
2014-12-14 22:25:30+00:00,0.04,1.016,mm
2014-12-14 22:27:37+00:00,0.04,1.016,mm
2014-12-14 22:29:59+00:00,0.04,1.016,mm
2014-12-14 22:34:45+00:00,0.04,1.016,mm
2014-12-14 22:48:54+00:00,0.04,1.016,mm
2014-12-14 23:15:09+00:00,0.08,2.032,mm
2014-12-14 23:30:59+00:00,0.04,1.016,mm
2014-12-15 03:51:27+00:00,0.04,1.016,mm
2014-12-15 08:28:18+00:00,0.04,1.016,mm
2014-12-15 09:58:41+00:00,0.0,0.0,mm
2014-12-15 21:56:47+00:00,0.0,0.0,mm
2014-12-16 09:54:53+00:00,0.0,0.0,mm
2014-12-16 21:53:00+00:00,0.0,0.0,mm
2014-12-17 09:51:06+00:00,0.0,0.0,mm
2014-12-17 21:49:12+00:00,0.0,0.0,mm
2014-12-18 09:47:19+00:00,0.0,0.0,mm
2014-12-18 15:42:23+00:00,0.04,1.016,mm
2014-12-18 19:34:18+00:00,0.04,1.016,mm
2014-12-18 21:45:25+00:00,0.0,0.0,mm
2014-12-19 09:43:31+00:00,0.0,0.0,mm
2014-12-19 21:41:37+00:00,0.0,0.0,mm
2014-12-20 09:01:12+00:00,0.04,1.016,mm
2014-12-20 09:39:43+00:00,0.0,0.0,mm
2014-12-20 10:01:30+00:00,0.04,1.016,mm
2014-12-20 10:32:53+00:00,0.04,1.016,mm
2014-12-20 10:58:18+00:00,0.04,1.016,mm
2014-12-20 21:37:49+00:00,0.0,0.0,mm
2014-12-21 09:35:55+00:00,0.0,0.0,mm
2014-12-21 21:34:01+00:00,0.0,0.0,mm
2014-12-22 05:18:26+00:00,0.04,1.016,mm
2014-12-22 09:37:36+00:00,0.04,1.016,mm
2014-12-22 10:53:12+00:00,0.04,1.016,mm
2014-12-22 16:51:01+00:00,0.04,1.016,mm
2014-12-22 21:30:13+00:00,0.0,0.0,mm
2014-12-23 09:28:19+00:00,0.0,0.0,mm
2014-12-23 21:26:25+00:00,0.0,0.0,mm
2014-12-24 03:37:14+00:00,0.04,1.016,mm
2014-12-24 04:43:05+00:00,0.04,1.016,mm
2014-12-24 06:19:39+00:00,0.04,1.016,mm
2014-12-24 09:24:31+00:00,0.0,0.0,mm
2014-12-24 21:22:37+00:00,0.0,0.0,mm
2014-12-25 09:20:43+00:00,0.0,0.0,mm
2014-12-25 21:18:49+00:00,0.0,0.0,mm
2014-12-26 09:16:55+00:00,0.0,0.0,mm
2014-12-26 21:15:01+00:00,0.0,0.0,mm
2014-12-27 09:13:07+00:00,0.0,0.0,mm
2014-12-27 21:11:13+00:00,0.0,0.0,mm
2014-12-28 21:07:26+00:00,0.0,0.0,mm
2014-12-29 21:03:38+00:00,0.0,0.0,mm
2015-01-02 08:50:25+00:00,0.0,0.0,mm
2015-01-02 20:48:31+00:00,0.0,0.0,mm
2015-01-03 08:46:37+00:00,0.0,0.0,mm
2015-01-03 20:44:43+00:00,0.0,0.0,mm
2015-01-05 20:37:10+00:00,0.0,0.0,mm
2015-01-06 20:33:23+00:00,0.0,0.0,mm
2015-01-08 20:25:51+00:00,0.0,0.0,mm
2015-01-10 20:18:17+00:00,0.0,0.0,mm
2015-01-11 20:14:30+00:00,0.0,0.0,mm
2015-01-13 20:06:56+00:00,0.0,0.0,mm
2015-01-14 20:03:08+00:00,0.0,0.0,mm
2015-01-15 19:59:21+00:00,0.0,0.0,mm
2015-01-16 19:55:33+00:00,0.0,0.0,mm
2015-01-17 07:53:39+00:00,0.0,0.0,mm
2015-01-17 19:51:44+00:00,0.0,0.0,mm
2015-01-18 07:49:50+00:00,0.0,0.0,mm
2015-01-18 19:47:56+00:00,0.0,0.0,mm
2015-01-19 07:46:02+00:00,0.0,0.0,mm
2015-01-19 19:44:08+00:00,0.0,0.0,mm
2015-01-20 07:42:14+00:00,0.0,0.0,mm
2015-01-20 19:40:20+00:00,0.0,0.0,mm
2015-01-21 07:38:26+00:00,0.0,0.0,mm
2015-01-21 19:36:32+00:00,0.0,0.0,mm
2015-01-22 07:34:38+00:00,0.0,0.0,mm
2015-01-23 19:28:56+00:00,0.0,0.0,mm
2015-01-24 07:27:02+00:00,0.0,0.0,mm
2015-01-24 19:25:08+00:00,0.0,0.0,mm
2015-01-24 22:00:59+00:00,0.04,1.016,mm
2015-01-25 01:09:33+00:00,0.04,1.016,mm
2015-01-25 07:23:14+00:00,0.0,0.0,mm
2015-01-25 19:21:20+00:00,0.0,0.0,mm
2015-01-26 19:17:32+00:00,0.0,0.0,mm
2015-01-27 07:15:38+00:00,0.0,0.0,mm
2015-01-27 19:13:44+00:00,0.0,0.0,mm
2015-01-28 07:11:50+00:00,0.0,0.0,mm
2015-01-28 19:09:55+00:00,0.0,0.0,mm
2015-01-29 07:08:01+00:00,0.0,0.0,mm
2015-01-29 19:06:07+00:00,0.0,0.0,mm
2015-01-30 19:02:19+00:00,0.0,0.0,mm
2015-01-31 05:02:56+00:00,0.04,1.016,mm
2015-01-31 06:25:23+00:00,0.04,1.016,mm
2015-01-31 07:00:25+00:00,0.0,0.0,mm
2015-01-31 07:34:14+00:00,0.04,1.016,mm
2015-01-31 08:15:27+00:00,0.04,1.016,mm
2015-01-31 08:35:55+00:00,0.04,1.016,mm
2015-01-31 09:00:39+00:00,0.04,1.016,mm
2015-01-31 09:26:36+00:00,0.04,1.016,mm
2015-01-31 10:00:12+00:00,0.04,1.016,mm
2015-01-31 12:00:22+00:00,0.04,1.016,mm
2015-01-31 12:50:02+00:00,0.04,1.016,mm
2015-01-31 13:35:57+00:00,0.04,1.016,mm
2015-01-31 14:26:03+00:00,0.04,1.016,mm
2015-01-31 15:08:52+00:00,0.04,1.016,mm
2015-01-31 15:43:24+00:00,0.04,1.016,mm
2015-01-31 16:42:30+00:00,0.04,1.016,mm
2015-01-31 17:58:29+00:00,0.08,2.032,mm
2015-01-31 18:27:36+00:00,0.04,1.016,mm
2015-01-31 18:49:20+00:00,0.04,1.016,mm
2015-01-31 18:58:31+00:00,0.0,0.0,mm
2015-01-31 19:09:27+00:00,0.04,1.016,mm
2015-01-31 19:54:43+00:00,0.04,1.016,mm
2015-01-31 20:23:29+00:00,0.04,1.016,mm
2015-01-31 20:53:36+00:00,0.04,1.016,mm
2015-01-31 21:37:40+00:00,0.04,1.016,mm
2015-02-01 06:56:37+00:00,0.0,0.0,mm
2015-02-01 18:54:43+00:00,0.0,0.0,mm
2015-02-02 06:52:50+00:00,0.0,0.0,mm
2015-02-02 13:17:19+00:00,0.04,1.016,mm
2015-02-02 18:50:57+00:00,0.04,1.016,mm
2015-02-03 06:49:03+00:00,0.0,0.0,mm
2015-02-03 11:29:38+00:00,0.04,1.016,mm
2015-02-03 12:00:55+00:00,0.04,1.016,mm
2015-02-03 12:26:41+00:00,0.04,1.016,mm
2015-02-03 12:41:57+00:00,0.04,1.016,mm
2015-02-03 12:51:44+00:00,0.04,1.016,mm
2015-02-03 13:03:04+00:00,0.04,1.016,mm
2015-02-03 13:16:52+00:00,0.04,1.016,mm
2015-02-03 13:25:15+00:00,0.04,1.016,mm
2015-02-03 13:38:41+00:00,0.04,1.016,mm
2015-02-03 13:51:22+00:00,0.04,1.016,mm
2015-02-03 14:14:00+00:00,0.04,1.016,mm
2015-02-03 18:47:09+00:00,0.0,0.0,mm
2015-02-04 06:45:15+00:00,0.0,0.0,mm
2015-02-05 14:31:19+00:00,0.0,0.0,mm
2015-02-05 14:31:56+00:00,0.04,1.016,mm
2015-02-05 14:32:39+00:00,0.04,1.016,mm
2015-02-05 14:33:22+00:00,0.04,1.016,mm
2015-02-05 14:34:05+00:00,0.04,1.016,mm
2015-02-05 14:34:48+00:00,0.04,1.016,mm
2015-02-05 14:35:32+00:00,0.04,1.016,mm
2015-02-05 14:36:16+00:00,0.04,1.016,mm
2015-02-05 14:37:01+00:00,0.04,1.016,mm
2015-02-05 14:37:45+00:00,0.04,1.016,mm
2015-02-05 14:38:30+00:00,0.04,1.016,mm
2015-02-05 14:39:15+00:00,0.04,1.016,mm
2015-02-05 14:39:59+00:00,0.04,1.016,mm
2015-02-06 12:01:35+00:00,0.0,0.0,mm
2015-02-06 23:59:38+00:00,0.0,0.0,mm
2015-02-07 11:57:41+00:00,0.0,0.0,mm
2015-02-07 23:55:44+00:00,0.0,0.0,mm
2015-02-08 11:53:46+00:00,0.0,0.0,mm
2015-02-08 23:51:49+00:00,0.0,0.0,mm
2015-02-09 23:47:55+00:00,0.0,0.0,mm
2015-02-10 11:45:58+00:00,0.0,0.0,mm
2015-02-10 23:44:01+00:00,0.0,0.0,mm
2015-02-11 23:40:07+00:00,0.0,0.0,mm
2015-02-13 11:34:17+00:00,0.0,0.0,mm
2015-02-13 23:32:21+00:00,0.0,0.0,mm
2015-02-14 11:30:24+00:00,0.0,0.0,mm
2015-02-17 11:18:46+00:00,0.04,1.016,mm
2015-02-17 11:31:38+00:00,0.04,1.016,mm
2015-02-20 21:07:54+00:00,0.04,1.016,mm
2015-02-20 23:05:12+00:00,0.0,0.0,mm
2015-02-24 22:49:40+00:00,0.16,4.064,mm
2015-03-02 10:28:18+00:00,0.12,3.0479999999999996,mm
2015-03-02 22:26:21+00:00,0.0,0.0,mm
2015-03-05 22:14:42+00:00,0.0,0.0,mm
2015-03-06 10:12:45+00:00,0.0,0.0,mm
2015-03-06 22:10:48+00:00,0.0,0.0,mm
2015-03-07 22:06:53+00:00,0.0,0.0,mm
2015-03-08 11:04:56+00:00,0.0,0.0,mm
2015-03-08 23:02:59+00:00,0.0,0.0,mm
2015-03-09 11:01:02+00:00,0.0,0.0,mm
2015-03-09 22:59:04+00:00,0.0,0.0,mm
2015-03-10 10:57:07+00:00,0.0,0.0,mm
2015-03-10 22:55:10+00:00,0.0,0.0,mm
2015-03-17 10:14:53+00:00,0.12,3.0479999999999996,mm
2015-03-17 10:15:36+00:00,0.04,1.016,mm
2015-03-17 10:17:43+00:00,0.12,3.0479999999999996,mm
2015-03-21 09:12:17+00:00,0.0,0.0,mm
2015-03-22 09:08:16+00:00,0.0,0.0,mm
2015-03-22 21:06:15+00:00,0.0,0.0,mm
2015-03-23 09:04:14+00:00,0.0,0.0,mm
2015-03-23 21:02:13+00:00,0.0,0.0,mm
2015-03-27 20:46:09+00:00,0.0,0.0,mm
2015-03-28 08:44:08+00:00,0.0,0.0,mm
2015-03-28 20:42:07+00:00,0.0,0.0,mm
2015-03-29 08:40:07+00:00,0.0,0.0,mm
2015-03-29 20:38:06+00:00,0.0,0.0,mm
2015-03-31 08:32:04+00:00,0.0,0.0,mm
2015-04-01 08:28:02+00:00,0.0,0.0,mm
2015-04-04 08:15:58+00:00,0.0,0.0,mm
2015-04-05 20:09:56+00:00,0.0,0.0,mm
2015-04-11 19:45:46+00:00,0.0,0.0,mm
2015-04-15 13:46:33+00:00,0.16,4.064,mm
2015-04-15 13:47:16+00:00,0.04,1.016,mm
2015-04-15 13:47:59+00:00,0.04,1.016,mm
2015-04-16 10:04:02+00:00,0.04,1.016,mm
2015-04-16 10:04:43+00:00,0.04,1.016,mm
2015-04-16 10:05:24+00:00,0.04,1.016,mm
2015-04-16 10:06:06+00:00,0.04,1.016,mm
2015-04-16 10:06:47+00:00,0.04,1.016,mm
2015-04-16 10:08:10+00:00,0.08,2.032,mm
2015-04-16 10:09:33+00:00,0.08,2.032,mm
2015-04-19 00:52:09+00:00,0.04,1.016,mm
2015-04-19 04:09:53+00:00,0.04,1.016,mm
2015-04-19 04:24:21+00:00,0.04,1.016,mm
2015-04-19 04:28:03+00:00,0.04,1.016,mm
2015-04-19 04:32:10+00:00,0.04,1.016,mm
2015-04-19 04:37:40+00:00,0.04,1.016,mm
2015-04-19 04:44:28+00:00,0.04,1.016,mm
2015-04-20 04:05:50+00:00,0.08,2.032,mm
2015-04-21 04:01:47+00:00,0.0,0.0,mm
2015-04-21 15:59:45+00:00,0.0,0.0,mm
2015-04-22 03:57:44+00:00,0.0,0.0,mm
2015-04-23 08:17:34+00:00,0.04,1.016,mm
2015-04-23 08:17:56+00:00,0.04,1.016,mm
2015-04-23 15:51:39+00:00,0.0,0.0,mm
2015-04-24 15:47:36+00:00,0.0,0.0,mm
2015-04-25 02:40:43+00:00,0.04,1.016,mm
2015-04-25 02:42:22+00:00,0.04,1.016,mm
2015-04-25 02:43:29+00:00,0.04,1.016,mm
2015-04-25 02:49:10+00:00,0.04,1.016,mm
2015-04-25 03:14:47+00:00,0.04,1.016,mm
2015-04-25 03:45:35+00:00,0.0,0.0,mm
2015-04-25 03:57:00+00:00,0.04,1.016,mm
2015-04-25 06:10:07+00:00,0.04,1.016,mm
2015-04-25 06:23:41+00:00,0.04,1.016,mm
2015-04-25 06:26:22+00:00,0.08,2.032,mm
2015-04-25 06:28:14+00:00,0.04,1.016,mm
2015-04-25 06:29:17+00:00,0.04,1.016,mm
2015-04-25 06:30:47+00:00,0.04,1.016,mm
2015-04-25 06:31:56+00:00,0.04,1.016,mm
2015-04-25 06:33:21+00:00,0.04,1.016,mm
2015-04-25 06:35:02+00:00,0.04,1.016,mm
2015-04-25 06:38:19+00:00,0.04,1.016,mm
2015-04-25 06:39:53+00:00,0.04,1.016,mm
2015-04-25 06:42:44+00:00,0.04,1.016,mm
2015-04-25 06:43:33+00:00,0.04,1.016,mm
2015-04-25 06:44:19+00:00,0.04,1.016,mm
2015-04-25 06:55:47+00:00,0.08,2.032,mm
2015-04-25 07:02:52+00:00,0.08,2.032,mm
2015-04-25 07:04:31+00:00,0.04,1.016,mm
2015-04-25 07:05:52+00:00,0.04,1.016,mm
2015-04-25 07:07:25+00:00,0.04,1.016,mm
2015-04-25 12:04:50+00:00,0.04,1.016,mm
2015-04-25 12:33:08+00:00,0.04,1.016,mm
2015-04-25 15:43:33+00:00,0.0,0.0,mm
2015-04-26 15:39:30+00:00,0.0,0.0,mm
2015-04-27 03:37:29+00:00,0.0,0.0,mm
2015-04-28 03:33:26+00:00,0.0,0.0,mm
2015-04-28 15:31:24+00:00,0.0,0.0,mm
2015-04-30 03:25:20+00:00,0.0,0.0,mm
2015-05-07 20:28:19+00:00,0.04,1.016,mm
2015-05-07 20:53:37+00:00,0.04,1.016,mm
2015-05-07 21:10:08+00:00,0.04,1.016,mm
2015-05-07 21:55:29+00:00,0.04,1.016,mm
2015-05-07 22:19:16+00:00,0.04,1.016,mm
2015-05-07 23:52:05+00:00,0.0,0.0,mm
2015-05-08 03:11:00+00:00,0.04,1.016,mm
2015-05-08 03:31:05+00:00,0.04,1.016,mm
2015-05-08 03:42:37+00:00,0.04,1.016,mm
2015-05-08 03:56:39+00:00,0.04,1.016,mm
2015-05-08 04:07:09+00:00,0.04,1.016,mm
2015-05-08 04:26:00+00:00,0.04,1.016,mm
2015-05-08 11:50:04+00:00,0.0,0.0,mm
2015-05-10 23:39:59+00:00,0.08,2.032,mm
2015-05-11 11:37:59+00:00,0.0,0.0,mm
2015-05-14 02:34:42+00:00,0.16,4.064,mm
2015-05-16 20:11:30+00:00,0.08,2.032,mm
2015-05-20 09:22:04+00:00,0.04,1.016,mm
2015-05-20 09:22:31+00:00,0.04,1.016,mm
2015-05-20 09:23:15+00:00,0.04,1.016,mm
2015-05-20 09:23:59+00:00,0.04,1.016,mm
2015-05-20 09:24:43+00:00,0.04,1.016,mm
2015-05-20 09:25:26+00:00,0.04,1.016,mm
2015-05-20 09:26:54+00:00,0.08,2.032,mm
2015-05-20 09:27:37+00:00,0.04,1.016,mm
2015-05-20 09:28:21+00:00,0.04,1.016,mm
2015-05-20 09:29:05+00:00,0.04,1.016,mm
2015-05-20 09:29:49+00:00,0.04,1.016,mm
2015-05-20 09:30:32+00:00,0.04,1.016,mm
2015-05-20 09:31:16+00:00,0.04,1.016,mm
2015-05-20 09:32:00+00:00,0.04,1.016,mm
2015-05-20 09:32:44+00:00,0.04,1.016,mm
2015-05-20 09:54:29+00:00,0.04,1.016,mm
2015-05-20 10:15:53+00:00,0.04,1.016,mm
2015-05-20 10:16:14+00:00,0.04,1.016,mm
2015-05-20 10:18:34+00:00,0.0,0.0,mm
2015-05-20 10:19:17+00:00,0.12,3.0479999999999996,mm
2015-05-20 16:26:49+00:00,0.0,0.0,mm
2015-05-21 16:22:47+00:00,0.12,3.0479999999999996,mm
2015-05-22 04:20:47+00:00,0.0,0.0,mm
2015-05-29 07:13:59+00:00,0.04,1.016,mm
2015-05-29 07:14:41+00:00,0.04,1.016,mm
2015-05-29 07:15:24+00:00,0.04,1.016,mm
2015-05-29 07:16:06+00:00,0.04,1.016,mm
2015-05-29 07:16:49+00:00,0.04,1.016,mm
2015-05-29 07:17:31+00:00,0.04,1.016,mm
2015-05-29 07:18:14+00:00,0.04,1.016,mm
