Reading,Receive,Value,Unit,Data Quality
2013-06-27T22:49:16Z,,1.016,mm,
2013-06-27T22:49:48Z,,1.016,mm,
2013-06-27T22:51:18Z,,2.032,mm,
2013-06-27T23:04:12Z,,1.016,mm,
2013-06-28T06:12:55Z,,1.016,mm,
2013-06-28T11:02:16Z,,0.0,mm,
2013-06-28T23:00:20Z,,0.0,mm,
2013-06-29T10:58:24Z,,0.0,mm,
2013-06-29T22:56:28Z,,0.0,mm,
2013-06-30T10:54:32Z,,0.0,mm,
2013-06-30T22:52:36Z,,0.0,mm,
2013-07-01T10:50:40Z,,0.0,mm,
2013-07-01T22:48:44Z,,0.0,mm,
2013-07-02T10:46:48Z,,0.0,mm,
2013-07-02T22:44:52Z,,0.0,mm,
2013-07-03T10:42:56Z,,0.0,mm,
2013-07-03T22:41:00Z,,0.0,mm,
2013-07-04T10:39:04Z,,0.0,mm,
2013-07-04T22:37:08Z,,0.0,mm,
2013-07-05T10:35:12Z,,0.0,mm,
2013-07-05T22:33:16Z,,0.0,mm,
2013-07-06T10:31:20Z,,0.0,mm,
2013-07-06T22:29:24Z,,0.0,mm,
2013-07-07T01:18:33Z,,1.016,mm,
2013-07-07T01:55:59Z,,1.016,mm,
2013-07-07T10:27:28Z,,0.0,mm,
2013-07-07T22:25:32Z,,0.0,mm,
2013-07-08T22:21:40Z,,0.0,mm,
2013-07-09T10:19:44Z,,0.0,mm,
2013-07-09T22:17:48Z,,0.0,mm,
2013-07-10T10:15:52Z,,0.0,mm,
2013-07-10T22:13:56Z,,0.0,mm,
2013-07-11T10:12:00Z,,0.0,mm,
2013-07-11T22:10:04Z,,0.0,mm,
2013-07-12T10:08:08Z,,0.0,mm,
2013-07-12T22:06:12Z,,0.0,mm,
2013-07-13T10:04:16Z,,0.0,mm,
2013-07-13T22:02:20Z,,0.0,mm,
2013-07-14T10:00:24Z,,0.0,mm,
2013-07-14T21:58:28Z,,0.0,mm,
2013-07-15T09:56:32Z,,0.0,mm,
2013-07-15T21:54:36Z,,0.0,mm,
2013-07-16T09:52:40Z,,0.0,mm,
2013-07-16T21:50:44Z,,0.0,mm,
2013-07-17T09:48:48Z,,0.0,mm,
2013-07-17T21:46:52Z,,0.0,mm,
2013-07-18T09:44:56Z,,0.0,mm,
2013-07-18T21:43:01Z,,0.0,mm,
2013-07-19T09:41:04Z,,0.0,mm,
2013-07-19T21:39:09Z,,0.0,mm,
2013-07-20T09:37:13Z,,0.0,mm,
2013-07-20T21:35:17Z,,0.0,mm,
2013-07-21T09:33:20Z,,0.0,mm,
2013-07-21T21:31:25Z,,0.0,mm,
2013-07-22T09:29:28Z,,0.0,mm,
2013-07-22T21:27:33Z,,0.0,mm,
2013-07-23T09:25:36Z,,0.0,mm,
2013-07-23T21:23:40Z,,0.0,mm,
2013-07-24T09:21:44Z,,0.0,mm,
2013-07-24T21:19:49Z,,0.0,mm,
2013-07-25T09:17:52Z,,0.0,mm,
2013-07-25T16:49:00Z,,1.016,mm,
2013-07-25T17:13:18Z,,1.016,mm,
2013-07-25T21:15:56Z,,0.0,mm,
2013-07-25T21:51:05Z,,1.016,mm,
2013-07-25T22:20:32Z,,1.016,mm,
2013-07-26T06:06:53Z,,1.016,mm,
2013-07-26T08:34:00Z,,1.016,mm,
2013-07-26T09:00:37Z,,1.016,mm,
2013-07-26T09:14:00Z,,0.0,mm,
2013-07-26T21:12:04Z,,0.0,mm,
2013-07-27T09:10:08Z,,0.0,mm,
2013-07-27T21:08:12Z,,0.0,mm,
2013-07-28T09:06:16Z,,0.0,mm,
2013-07-28T21:04:20Z,,0.0,mm,
2013-07-29T06:31:08Z,,1.016,mm,
2013-07-29T07:00:18Z,,1.016,mm,
2013-07-29T07:16:09Z,,1.016,mm,
2013-07-29T07:57:21Z,,1.016,mm,
2013-07-29T09:02:24Z,,0.0,mm,
2013-07-29T10:57:08Z,,1.016,mm,
2013-07-29T12:52:15Z,,1.016,mm,
2013-07-29T13:34:12Z,,1.016,mm,
2013-07-29T13:59:03Z,,1.016,mm,
2013-07-29T14:02:30Z,,1.016,mm,
2013-07-29T14:04:33Z,,1.016,mm,
2013-07-29T14:05:45Z,,1.016,mm,
2013-07-29T14:06:52Z,,1.016,mm,
2013-07-29T14:10:55Z,,1.016,mm,
2013-07-29T15:16:00Z,,1.016,mm,
2013-07-29T16:28:11Z,,1.016,mm,
2013-07-29T17:52:01Z,,1.016,mm,
2013-07-29T20:11:27Z,,1.016,mm,
2013-07-29T20:29:08Z,,1.016,mm,
2013-07-29T20:57:54Z,,1.016,mm,
2013-07-29T21:00:28Z,,0.0,mm,
2013-07-30T05:59:10Z,,1.016,mm,
2013-07-30T06:09:16Z,,1.016,mm,
2013-07-30T06:12:14Z,,1.016,mm,
2013-07-30T06:14:46Z,,1.016,mm,
2013-07-30T06:17:29Z,,1.016,mm,
2013-07-30T06:20:15Z,,1.016,mm,
2013-07-30T06:23:48Z,,1.016,mm,
2013-07-30T06:30:50Z,,1.016,mm,
2013-07-30T06:38:01Z,,1.016,mm,
2013-07-30T06:40:22Z,,1.016,mm,
2013-07-30T06:48:14Z,,1.016,mm,
2013-07-30T07:02:56Z,,1.016,mm,
2013-07-30T08:58:31Z,,0.0,mm,
2013-07-31T07:39:15Z,,0.0,mm,
2013-07-31T19:37:19Z,,0.0,mm,
2013-08-01T07:35:23Z,,0.0,mm,
2013-08-01T19:33:27Z,,0.0,mm,
2013-08-02T03:01:49Z,,1.016,mm,
2013-08-02T03:39:25Z,,1.016,mm,
2013-08-02T04:11:48Z,,1.016,mm,
2013-08-02T04:33:28Z,,1.016,mm,
2013-08-02T04:53:27Z,,1.016,mm,
2013-08-02T05:08:55Z,,1.016,mm,
2013-08-02T05:28:00Z,,1.016,mm,
2013-08-02T05:41:53Z,,1.016,mm,
2013-08-02T05:55:06Z,,1.016,mm,
2013-08-02T06:04:10Z,,1.016,mm,
2013-08-02T06:13:09Z,,1.016,mm,
2013-08-02T06:28:41Z,,1.016,mm,
2013-08-02T07:31:31Z,,0.0,mm,
2013-08-02T19:29:35Z,,0.0,mm,
2013-08-03T07:27:39Z,,0.0,mm,
2013-08-03T19:25:43Z,,0.0,mm,
2013-08-04T07:23:47Z,,0.0,mm,
2013-08-04T09:45:32Z,,1.016,mm,
2013-08-04T09:54:57Z,,1.016,mm,
2013-08-04T10:05:57Z,,1.016,mm,
2013-08-04T10:15:19Z,,1.016,mm,
2013-08-04T10:24:10Z,,1.016,mm,
2013-08-04T10:32:14Z,,1.016,mm,
2013-08-04T10:40:28Z,,1.016,mm,
2013-08-04T10:47:37Z,,1.016,mm,
2013-08-04T10:52:00Z,,1.016,mm,
2013-08-04T10:54:06Z,,1.016,mm,
2013-08-04T10:57:01Z,,1.016,mm,
2013-08-04T11:03:06Z,,1.016,mm,
2013-08-04T11:06:39Z,,1.016,mm,
2013-08-04T11:08:13Z,,1.016,mm,
2013-08-04T11:09:53Z,,1.016,mm,
2013-08-04T11:11:32Z,,1.016,mm,
2013-08-04T11:13:20Z,,1.016,mm,
2013-08-04T11:14:58Z,,1.016,mm,
2013-08-04T11:16:35Z,,1.016,mm,
2013-08-04T11:19:47Z,,2.032,mm,
2013-08-04T11:22:05Z,,1.016,mm,
2013-08-04T11:23:57Z,,1.016,mm,
2013-08-04T11:34:04Z,,2.032,mm,
2013-08-04T11:40:35Z,,1.016,mm,
2013-08-04T11:48:06Z,,1.016,mm,
2013-08-04T12:05:12Z,,1.016,mm,
2013-08-04T13:17:39Z,,1.016,mm,
2013-08-04T19:21:50Z,,0.0,mm,
2013-08-05T07:19:54Z,,0.0,mm,
2013-08-05T19:17:58Z,,0.0,mm,
2013-08-06T07:16:02Z,,0.0,mm,
2013-08-06T19:14:06Z,,0.0,mm,
2013-08-07T05:37:58Z,,1.016,mm,
2013-08-07T05:49:02Z,,1.016,mm,
2013-08-07T06:01:32Z,,1.016,mm,
2013-08-07T06:10:09Z,,1.016,mm,
2013-08-07T06:33:48Z,,1.016,mm,
2013-08-07T07:12:10Z,,0.0,mm,
2013-08-07T19:10:14Z,,0.0,mm,
2013-08-08T07:08:18Z,,0.0,mm,
2013-08-08T19:06:22Z,,0.0,mm,
2013-08-09T07:04:26Z,,0.0,mm,
2013-08-09T19:02:30Z,,0.0,mm,
2013-08-10T07:00:34Z,,0.0,mm,
2013-08-10T18:58:38Z,,0.0,mm,
2013-08-11T06:56:42Z,,0.0,mm,
2013-08-11T18:54:46Z,,0.0,mm,
2013-08-12T06:20:41Z,,2.032,mm,
2013-08-12T06:42:00Z,,2.032,mm,
2013-08-12T06:43:23Z,,1.016,mm,
2013-08-12T06:44:22Z,,1.016,mm,
2013-08-12T06:46:28Z,,2.032,mm,
2013-08-12T06:47:21Z,,1.016,mm,
2013-08-12T06:48:06Z,,1.016,mm,
2013-08-12T06:48:59Z,,1.016,mm,
2013-08-12T06:50:14Z,,1.016,mm,
2013-08-12T06:52:35Z,,1.016,mm,
2013-08-12T06:52:58Z,,0.0,mm,
2013-08-12T06:56:26Z,,1.016,mm,
2013-08-12T07:00:59Z,,1.016,mm,
2013-08-12T07:34:10Z,,2.032,mm,
2013-08-12T07:51:17Z,,1.016,mm,
2013-08-12T08:23:22Z,,1.016,mm,
2013-08-12T18:50:53Z,,0.0,mm,
2013-08-13T06:48:57Z,,0.0,mm,
2013-08-13T18:47:01Z,,0.0,mm,
2013-08-14T06:45:05Z,,0.0,mm,
2013-08-14T18:43:09Z,,0.0,mm,
2013-08-15T06:41:13Z,,0.0,mm,
2013-08-15T18:39:17Z,,0.0,mm,
2013-08-16T06:37:21Z,,0.0,mm,
2013-08-16T18:35:25Z,,0.0,mm,
2013-08-17T06:33:29Z,,0.0,mm,
2013-08-17T18:31:33Z,,0.0,mm,
2013-08-18T06:29:37Z,,0.0,mm,
2013-08-18T18:27:41Z,,0.0,mm,
2013-08-19T06:25:45Z,,0.0,mm,
2013-08-19T18:23:49Z,,0.0,mm,
2013-08-20T06:21:53Z,,0.0,mm,
2013-08-20T18:19:58Z,,0.0,mm,
2013-08-21T06:18:01Z,,0.0,mm,
2013-08-21T18:16:06Z,,0.0,mm,
2013-08-22T06:14:09Z,,0.0,mm,
2013-08-22T18:12:14Z,,0.0,mm,
2013-08-23T06:10:17Z,,0.0,mm,
2013-08-23T18:08:22Z,,0.0,mm,
2013-08-24T06:06:26Z,,0.0,mm,
2013-08-24T18:04:30Z,,0.0,mm,
2013-08-25T06:02:34Z,,0.0,mm,
2013-08-25T18:00:38Z,,0.0,mm,
2013-08-26T05:58:42Z,,0.0,mm,
2013-08-26T17:56:46Z,,0.0,mm,
2013-08-27T05:54:50Z,,0.0,mm,
2013-08-27T17:52:54Z,,0.0,mm,
2013-08-28T05:50:58Z,,0.0,mm,
2013-08-28T17:49:02Z,,0.0,mm,
2013-08-29T05:47:06Z,,0.0,mm,
2013-08-30T05:43:14Z,,0.0,mm,
2013-08-30T17:41:18Z,,0.0,mm,
2013-08-31T05:39:22Z,,0.0,mm,
2013-08-31T17:37:26Z,,0.0,mm,
2013-09-01T05:35:30Z,,0.0,mm,
2013-09-01T06:59:34Z,,1.016,mm,
2013-09-01T07:01:42Z,,1.016,mm,
2013-09-01T07:03:15Z,,1.016,mm,
2013-09-01T07:04:23Z,,1.016,mm,
2013-09-01T07:05:25Z,,1.016,mm,
2013-09-01T07:06:22Z,,1.016,mm,
2013-09-01T07:07:47Z,,2.032,mm,
2013-09-01T07:08:35Z,,1.016,mm,
2013-09-01T07:09:32Z,,1.016,mm,
2013-09-01T07:10:29Z,,1.016,mm,
2013-09-01T07:11:05Z,,1.016,mm,
2013-09-01T07:11:42Z,,1.016,mm,
2013-09-01T07:12:28Z,,1.016,mm,
2013-09-01T07:13:23Z,,1.016,mm,
2013-09-01T07:14:59Z,,1.016,mm,
2013-09-01T07:16:21Z,,1.016,mm,
2013-09-01T07:17:46Z,,1.016,mm,
2013-09-01T07:19:45Z,,1.016,mm,
2013-09-01T07:22:17Z,,1.016,mm,
2013-09-01T07:27:10Z,,1.016,mm,
2013-09-01T07:38:36Z,,1.016,mm,
2013-09-01T08:13:43Z,,1.016,mm,
2013-09-01T08:26:45Z,,1.016,mm,
2013-09-01T08:37:00Z,,1.016,mm,
2013-09-01T08:49:14Z,,1.016,mm,
2013-09-01T17:33:34Z,,0.0,mm,
2013-09-02T17:29:42Z,,0.0,mm,
2013-09-03T05:27:46Z,,0.0,mm,
2013-09-03T17:25:50Z,,0.0,mm,
2013-09-04T05:23:54Z,,0.0,mm,
2013-09-04T17:21:59Z,,0.0,mm,
2013-09-05T05:20:03Z,,0.0,mm,
2013-09-05T17:18:07Z,,0.0,mm,
2013-09-06T05:16:11Z,,0.0,mm,
2013-09-06T17:14:15Z,,0.0,mm,
2013-09-07T05:12:19Z,,0.0,mm,
2013-09-07T17:10:23Z,,0.0,mm,
2013-09-08T05:08:27Z,,0.0,mm,
2013-09-08T17:06:31Z,,0.0,mm,
2013-09-09T05:04:35Z,,0.0,mm,
2013-09-09T17:02:39Z,,0.0,mm,
2013-09-10T05:00:43Z,,0.0,mm,
2013-09-10T16:58:47Z,,0.0,mm,
2013-09-11T04:56:51Z,,0.0,mm,
2013-09-11T16:54:55Z,,0.0,mm,
2013-09-12T04:52:59Z,,0.0,mm,
2013-09-12T16:51:04Z,,0.0,mm,
2013-09-13T04:49:07Z,,0.0,mm,
2013-09-13T16:47:12Z,,0.0,mm,
2013-09-14T04:45:16Z,,0.0,mm,
2013-09-14T16:43:20Z,,0.0,mm,
2013-09-15T04:41:24Z,,0.0,mm,
2013-09-15T11:33:04Z,,1.016,mm,
2013-09-15T16:39:28Z,,0.0,mm,
2013-09-15T23:30:01Z,,1.016,mm,
2013-09-15T23:30:57Z,,1.016,mm,
2013-09-15T23:31:36Z,,1.016,mm,
2013-09-15T23:32:05Z,,1.016,mm,
2013-09-15T23:32:42Z,,1.016,mm,
2013-09-15T23:34:07Z,,2.032,mm,
2013-09-15T23:36:20Z,,1.016,mm,
2013-09-15T23:40:54Z,,1.016,mm,
2013-09-15T23:49:33Z,,1.016,mm,
2013-09-15T23:53:14Z,,1.016,mm,
2013-09-16T01:40:48Z,,1.016,mm,
2013-09-16T03:58:30Z,,1.016,mm,
2013-09-16T04:37:31Z,,0.0,mm,
2013-09-16T16:35:35Z,,0.0,mm,
2013-09-17T04:33:39Z,,0.0,mm,
2013-09-17T06:31:38Z,,1.016,mm,
2013-09-17T07:41:15Z,,1.016,mm,
2013-09-17T08:01:46Z,,1.016,mm,
2013-09-17T08:18:48Z,,1.016,mm,
2013-09-17T08:29:10Z,,1.016,mm,
2013-09-17T08:38:12Z,,1.016,mm,
2013-09-17T08:44:03Z,,1.016,mm,
2013-09-17T08:47:06Z,,1.016,mm,
2013-09-17T08:49:09Z,,1.016,mm,
2013-09-17T08:58:39Z,,2.032,mm,
2013-09-17T09:09:51Z,,1.016,mm,
2013-09-17T09:22:20Z,,1.016,mm,
2013-09-17T09:29:16Z,,1.016,mm,
2013-09-17T09:42:06Z,,1.016,mm,
2013-09-17T10:01:59Z,,1.016,mm,
2013-09-17T10:13:07Z,,1.016,mm,
2013-09-17T10:21:04Z,,1.016,mm,
2013-09-17T10:32:34Z,,1.016,mm,
2013-09-17T16:31:43Z,,0.0,mm,
2013-09-18T04:29:47Z,,0.0,mm,
2013-09-18T16:27:51Z,,0.0,mm,
2013-09-19T04:25:55Z,,0.0,mm,
2013-09-19T16:23:59Z,,0.0,mm,
2013-09-19T18:13:24Z,,1.016,mm,
2013-09-19T18:18:42Z,,1.016,mm,
2013-09-19T18:22:24Z,,1.016,mm,
2013-09-19T18:23:46Z,,2.032,mm,
2013-09-19T18:24:22Z,,1.016,mm,
2013-09-19T18:25:03Z,,1.016,mm,
2013-09-19T18:28:41Z,,2.032,mm,
2013-09-19T18:30:38Z,,2.032,mm,
2013-09-19T18:31:37Z,,1.016,mm,
2013-09-19T18:33:27Z,,1.016,mm,
2013-09-19T18:35:53Z,,1.016,mm,
2013-09-19T18:36:58Z,,1.016,mm,
2013-09-19T18:41:20Z,,3.0479999999999996,mm,
2013-09-19T18:44:31Z,,1.016,mm,
2013-09-19T18:57:11Z,,2.032,mm,
2013-09-19T20:15:56Z,,2.032,mm,
2013-09-19T20:19:06Z,,1.016,mm,
2013-09-19T20:21:40Z,,1.016,mm,
2013-09-19T20:25:33Z,,1.016,mm,
2013-09-19T20:30:24Z,,1.016,mm,
2013-09-19T20:32:30Z,,1.016,mm,
2013-09-19T20:33:43Z,,1.016,mm,
2013-09-19T20:35:15Z,,1.016,mm,
2013-09-19T20:37:11Z,,1.016,mm,
2013-09-19T20:47:21Z,,3.0479999999999996,mm,
2013-09-19T20:57:01Z,,1.016,mm,
2013-09-19T21:13:48Z,,1.016,mm,
2013-09-19T21:25:27Z,,1.016,mm,
2013-09-20T04:22:02Z,,0.0,mm,
2013-09-20T16:20:06Z,,0.0,mm,
2013-09-21T04:18:10Z,,0.0,mm,
2013-09-21T16:16:14Z,,0.0,mm,
2013-09-22T04:14:18Z,,0.0,mm,
2013-09-22T16:12:23Z,,0.0,mm,
2013-09-23T04:10:27Z,,0.0,mm,
2013-09-23T16:08:31Z,,0.0,mm,
2013-09-24T04:06:35Z,,0.0,mm,
2013-09-24T16:04:39Z,,0.0,mm,
2013-09-25T04:02:43Z,,0.0,mm,
2013-09-25T16:00:47Z,,0.0,mm,
2013-09-26T03:58:51Z,,0.0,mm,
2013-09-26T15:56:55Z,,0.0,mm,
2013-09-27T03:54:59Z,,0.0,mm,
2013-09-27T15:53:03Z,,0.0,mm,
2013-09-28T03:51:07Z,,0.0,mm,
2013-09-28T07:13:44Z,,1.016,mm,
2013-09-28T07:15:51Z,,1.016,mm,
2013-09-28T07:17:09Z,,1.016,mm,
2013-09-28T07:18:44Z,,1.016,mm,
2013-09-28T07:20:08Z,,1.016,mm,
2013-09-28T07:24:46Z,,1.016,mm,
2013-09-28T07:50:24Z,,1.016,mm,
2013-09-28T08:03:11Z,,1.016,mm,
2013-09-28T08:12:40Z,,1.016,mm,
2013-09-28T08:21:04Z,,1.016,mm,
2013-09-28T08:39:26Z,,2.032,mm,
2013-09-28T10:08:22Z,,1.016,mm,
2013-09-28T10:44:49Z,,1.016,mm,
2013-09-28T12:56:36Z,,1.016,mm,
2013-09-28T15:49:10Z,,0.0,mm,
2013-09-29T03:47:14Z,,0.0,mm,
2013-09-29T04:16:47Z,,1.016,mm,
2013-09-29T15:45:19Z,,0.0,mm,
2013-09-30T03:43:23Z,,0.0,mm,
2013-09-30T15:41:27Z,,0.0,mm,
2013-10-01T03:39:31Z,,0.0,mm,
2013-10-01T15:37:35Z,,0.0,mm,
2013-10-02T03:35:39Z,,0.0,mm,
2013-10-02T15:33:43Z,,0.0,mm,
2013-10-03T03:31:47Z,,0.0,mm,
2013-10-03T10:19:58Z,,1.016,mm,
2013-10-03T10:21:49Z,,1.016,mm,
2013-10-03T10:23:41Z,,1.016,mm,
2013-10-03T10:26:03Z,,1.016,mm,
2013-10-03T10:27:03Z,,1.016,mm,
2013-10-03T10:28:09Z,,1.016,mm,
2013-10-03T10:29:13Z,,1.016,mm,
2013-10-03T10:29:55Z,,1.016,mm,
2013-10-03T10:30:22Z,,1.016,mm,
2013-10-03T10:30:53Z,,1.016,mm,
2013-10-03T10:31:27Z,,1.016,mm,
2013-10-03T10:32:01Z,,1.016,mm,
2013-10-03T10:32:42Z,,1.016,mm,
2013-10-03T10:33:38Z,,1.016,mm,
2013-10-03T10:34:27Z,,1.016,mm,
2013-10-03T10:35:19Z,,1.016,mm,
2013-10-03T10:36:33Z,,1.016,mm,
2013-10-03T10:37:43Z,,1.016,mm,
2013-10-03T10:58:34Z,,3.0479999999999996,mm,
2013-10-03T15:29:51Z,,0.0,mm,
2013-10-04T03:27:55Z,,0.0,mm,
2013-10-04T15:25:58Z,,0.0,mm,
2013-10-04T21:40:29Z,,1.016,mm,
2013-10-04T21:41:20Z,,1.016,mm,
2013-10-04T21:42:02Z,,1.016,mm,
2013-10-04T21:42:51Z,,1.016,mm,
2013-10-04T21:43:37Z,,1.016,mm,
2013-10-04T21:44:53Z,,1.016,mm,
2013-10-04T21:47:07Z,,1.016,mm,
2013-10-04T21:47:56Z,,1.016,mm,
2013-10-04T21:48:50Z,,1.016,mm,
2013-10-04T21:49:49Z,,1.016,mm,
2013-10-04T21:55:46Z,,1.016,mm,
2013-10-04T22:46:30Z,,1.016,mm,
2013-10-04T22:49:06Z,,2.032,mm,
2013-10-04T22:56:56Z,,1.016,mm,
2013-10-04T23:11:02Z,,1.016,mm,
2013-10-05T03:24:02Z,,0.0,mm,
2013-10-05T15:22:06Z,,0.0,mm,
2013-10-06T03:20:10Z,,0.0,mm,
2013-10-06T15:18:15Z,,0.0,mm,
2013-10-07T03:16:19Z,,0.0,mm,
2013-10-07T15:14:23Z,,0.0,mm,
2013-10-08T03:12:27Z,,0.0,mm,
2013-10-08T15:10:31Z,,0.0,mm,
2013-10-09T03:08:35Z,,0.0,mm,
2013-10-09T15:06:39Z,,0.0,mm,
2013-10-10T03:04:43Z,,0.0,mm,
2013-10-10T15:02:47Z,,0.0,mm,
2013-10-11T03:00:51Z,,0.0,mm,
2013-10-11T14:58:55Z,,0.0,mm,
2013-10-12T02:56:59Z,,0.0,mm,
2013-10-12T14:55:03Z,,0.0,mm,
2013-10-13T14:51:12Z,,0.0,mm,
2013-10-14T02:49:16Z,,0.0,mm,
2013-10-14T14:47:20Z,,0.0,mm,
2013-10-15T00:21:29Z,,1.016,mm,
2013-10-15T00:48:39Z,,1.016,mm,
2013-10-15T02:39:40Z,,1.016,mm,
2013-10-15T02:45:24Z,,0.0,mm,
2013-10-15T14:43:28Z,,0.0,mm,
2013-10-16T02:41:32Z,,0.0,mm,
2013-10-16T14:39:36Z,,0.0,mm,
2013-10-17T02:37:41Z,,0.0,mm,
2013-10-17T14:35:45Z,,0.0,mm,
2013-10-18T02:33:49Z,,0.0,mm,
2013-10-18T13:25:47Z,,2.032,mm,
2013-10-18T14:00:39Z,,1.016,mm,
2013-10-18T14:31:53Z,,0.0,mm,
2013-10-18T14:54:04Z,,1.016,mm,
2013-10-18T15:41:36Z,,1.016,mm,
2013-10-19T02:29:58Z,,1.016,mm,
2013-10-19T14:28:02Z,,0.0,mm,
2013-10-20T02:26:06Z,,0.0,mm,
2013-10-20T14:24:11Z,,0.0,mm,
2013-10-21T02:22:15Z,,0.0,mm,
2013-10-21T14:20:19Z,,0.0,mm,
2013-10-22T02:18:23Z,,0.0,mm,
2013-10-22T14:16:27Z,,0.0,mm,
2013-10-23T02:14:32Z,,0.0,mm,
2013-10-23T14:12:36Z,,0.0,mm,
2013-10-24T02:10:40Z,,0.0,mm,
2013-10-24T14:08:45Z,,0.0,mm,
2013-10-25T02:06:49Z,,0.0,mm,
2013-10-25T14:04:53Z,,0.0,mm,
2013-10-26T02:02:58Z,,0.0,mm,
2013-10-26T14:01:02Z,,0.0,mm,
2013-10-27T01:59:06Z,,0.0,mm,
2013-10-27T13:57:11Z,,0.0,mm,
2013-10-28T01:55:15Z,,0.0,mm,
2013-10-28T13:53:19Z,,0.0,mm,
2013-10-29T01:51:23Z,,0.0,mm,
2013-10-29T02:51:17Z,,1.016,mm,
2013-10-29T03:03:50Z,,1.016,mm,
2013-10-29T03:14:38Z,,1.016,mm,
2013-10-29T03:23:15Z,,1.016,mm,
2013-10-29T03:31:14Z,,1.016,mm,
2013-10-29T03:52:15Z,,1.016,mm,
2013-10-29T04:19:11Z,,1.016,mm,
2013-10-29T04:30:52Z,,1.016,mm,
2013-10-29T04:40:41Z,,1.016,mm,
2013-10-29T04:48:40Z,,1.016,mm,
2013-10-29T04:55:48Z,,1.016,mm,
2013-10-29T05:01:47Z,,1.016,mm,
2013-10-29T05:05:29Z,,1.016,mm,
2013-10-29T05:09:24Z,,1.016,mm,
2013-10-29T05:15:02Z,,1.016,mm,
2013-10-29T05:26:37Z,,1.016,mm,
2013-10-29T05:39:30Z,,1.016,mm,
2013-10-29T05:48:17Z,,1.016,mm,
2013-10-29T06:14:38Z,,3.0479999999999996,mm,
2013-10-29T06:37:38Z,,1.016,mm,
2013-10-29T06:59:48Z,,1.016,mm,
2013-10-29T07:12:23Z,,1.016,mm,
2013-10-29T07:26:41Z,,1.016,mm,
2013-10-29T07:33:07Z,,1.016,mm,
2013-10-29T07:47:48Z,,1.016,mm,
2013-10-29T08:02:38Z,,1.016,mm,
2013-10-29T08:25:33Z,,1.016,mm,
2013-10-29T11:10:00Z,,1.016,mm,
2013-10-29T13:48:56Z,,0.0,mm,
2013-10-30T01:45:59Z,,0.0,mm,
2013-10-30T12:33:02Z,,1.016,mm,
2013-10-30T13:43:03Z,,0.0,mm,
2013-10-30T17:35:20Z,,2.032,mm,
2013-10-30T17:41:45Z,,1.016,mm,
2013-10-30T17:52:50Z,,2.032,mm,
2013-10-30T18:01:25Z,,1.016,mm,
2013-10-30T18:09:46Z,,1.016,mm,
2013-10-30T18:22:51Z,,1.016,mm,
2013-10-30T18:33:47Z,,1.016,mm,
2013-10-30T18:43:07Z,,1.016,mm,
2013-10-30T19:04:31Z,,1.016,mm,
2013-10-30T19:17:35Z,,1.016,mm,
2013-10-30T19:29:39Z,,1.016,mm,
2013-10-30T20:09:46Z,,1.016,mm,
2013-10-30T20:32:28Z,,1.016,mm,
2013-10-30T22:06:44Z,,1.016,mm,
2013-10-30T22:25:23Z,,1.016,mm,
2013-10-30T22:49:59Z,,1.016,mm,
2013-10-30T23:57:58Z,,1.016,mm,
2013-10-31T00:25:09Z,,1.016,mm,
2013-10-31T00:29:11Z,,1.016,mm,
2013-10-31T00:30:16Z,,1.016,mm,
2013-10-31T00:31:14Z,,1.016,mm,
2013-10-31T00:31:54Z,,1.016,mm,
2013-10-31T00:33:11Z,,1.016,mm,
2013-10-31T00:38:58Z,,1.016,mm,
2013-10-31T01:40:06Z,,0.0,mm,
2013-10-31T03:41:20Z,,1.016,mm,
2013-10-31T04:03:44Z,,1.016,mm,
2013-10-31T04:51:50Z,,1.016,mm,
2013-10-31T05:12:55Z,,1.016,mm,
2013-10-31T05:31:08Z,,1.016,mm,
2013-10-31T05:52:50Z,,1.016,mm,
2013-10-31T06:13:39Z,,1.016,mm,
2013-10-31T06:31:37Z,,1.016,mm,
2013-10-31T06:52:56Z,,1.016,mm,
2013-10-31T07:37:44Z,,2.032,mm,
2013-10-31T07:50:55Z,,1.016,mm,
2013-10-31T13:37:10Z,,1.016,mm,
2013-11-01T01:34:13Z,,0.0,mm,
2013-11-01T13:31:17Z,,0.0,mm,
2013-11-02T01:28:20Z,,0.0,mm,
2013-11-02T13:25:24Z,,0.0,mm,
2013-11-03T01:22:27Z,,0.0,mm,
2013-11-03T12:19:31Z,,0.0,mm,
2013-11-04T00:16:34Z,,0.0,mm,
2013-11-04T03:13:19Z,,1.016,mm,
2013-11-04T04:09:01Z,,1.016,mm,
2013-11-04T12:13:38Z,,0.0,mm,
2013-11-05T00:10:41Z,,0.0,mm,
2013-11-05T04:10:31Z,,1.016,mm,
2013-11-05T05:51:57Z,,1.016,mm,
2013-11-05T09:17:15Z,,1.016,mm,
2013-11-05T09:58:33Z,,1.016,mm,
2013-11-05T12:07:44Z,,0.0,mm,
2013-11-05T17:12:39Z,,1.016,mm,
2013-11-05T17:21:09Z,,1.016,mm,
2013-11-05T17:29:52Z,,1.016,mm,
2013-11-05T18:24:04Z,,1.016,mm,
2013-11-05T18:32:11Z,,1.016,mm,
2013-11-05T19:09:07Z,,1.016,mm,
2013-11-05T19:40:21Z,,1.016,mm,
2013-11-05T21:00:23Z,,1.016,mm,
2013-11-05T22:33:22Z,,1.016,mm,
2013-11-05T22:53:37Z,,1.016,mm,
2013-11-05T23:09:28Z,,1.016,mm,
2013-11-05T23:30:26Z,,1.016,mm,
2013-11-06T00:03:04Z,,3.0479999999999996,mm,
2013-11-06T00:04:48Z,,0.0,mm,
2013-11-06T00:19:54Z,,1.016,mm,
2013-11-06T00:43:19Z,,1.016,mm,
2013-11-06T02:03:49Z,,1.016,mm,
2013-11-06T12:01:52Z,,0.0,mm,
2013-11-06T23:58:55Z,,0.0,mm,
2013-11-07T10:28:44Z,,0.0,mm,
2013-11-08T07:49:09Z,,0.0,mm,
2013-11-08T19:47:11Z,,0.0,mm,
2013-11-09T07:45:14Z,,0.0,mm,
2013-11-09T19:43:17Z,,0.0,mm,
2013-11-10T07:41:20Z,,0.0,mm,
2013-11-10T19:39:22Z,,0.0,mm,
2013-11-11T07:37:25Z,,0.0,mm,
2013-11-11T19:35:28Z,,0.0,mm,
2013-11-12T07:33:32Z,,0.0,mm,
2013-11-12T19:31:35Z,,0.0,mm,
2013-11-15T19:19:52Z,,0.0,mm,
2013-11-16T07:17:55Z,,0.0,mm,
2013-11-16T19:15:58Z,,0.0,mm,
2013-11-17T07:14:00Z,,0.0,mm,
2013-11-17T19:12:03Z,,0.0,mm,
2013-11-18T07:10:06Z,,0.0,mm,
2013-11-18T19:08:08Z,,0.0,mm,
2013-11-19T07:06:11Z,,0.0,mm,
2013-11-19T19:04:14Z,,0.0,mm,
2013-11-20T07:02:17Z,,0.0,mm,
2013-11-20T07:13:40Z,,1.016,mm,
2013-11-20T08:53:32Z,,1.016,mm,
2013-11-20T19:00:20Z,,0.0,mm,
2013-11-21T06:58:22Z,,0.0,mm,
2013-11-21T09:14:00Z,,1.016,mm,
2013-11-21T10:39:44Z,,1.016,mm,
2013-11-21T16:23:30Z,,1.016,mm,
2013-11-21T18:56:25Z,,0.0,mm,
2013-11-22T06:54:29Z,,0.0,mm,
2013-11-22T11:24:14Z,,1.016,mm,
2013-11-22T18:52:32Z,,0.0,mm,
2013-11-23T06:50:36Z,,0.0,mm,
2013-11-23T18:48:39Z,,0.0,mm,
2013-11-24T06:46:43Z,,0.0,mm,
2013-11-24T18:44:47Z,,0.0,mm,
2013-11-25T06:42:50Z,,0.0,mm,
2013-11-25T18:40:53Z,,0.0,mm,
2013-11-26T06:38:57Z,,0.0,mm,
2013-11-26T18:37:00Z,,0.0,mm,
2013-11-27T06:35:04Z,,0.0,mm,
2013-11-27T18:33:07Z,,0.0,mm,
2013-11-28T06:31:10Z,,0.0,mm,
2013-11-28T18:29:13Z,,0.0,mm,
2013-11-29T06:27:17Z,,0.0,mm,
2013-11-29T18:25:19Z,,0.0,mm,
2013-11-30T06:23:23Z,,0.0,mm,
2013-11-30T18:21:25Z,,0.0,mm,
2013-12-01T06:19:28Z,,0.0,mm,
2013-12-01T18:17:31Z,,0.0,mm,
2013-12-02T06:15:34Z,,0.0,mm,
2013-12-02T18:13:37Z,,0.0,mm,
2013-12-03T06:11:40Z,,0.0,mm,
2013-12-03T18:09:43Z,,0.0,mm,
2013-12-04T06:07:46Z,,0.0,mm,
2013-12-04T18:05:49Z,,0.0,mm,
2013-12-05T06:03:52Z,,0.0,mm,
2013-12-05T18:01:56Z,,0.0,mm,
2013-12-06T06:00:00Z,,0.0,mm,
2013-12-06T17:58:04Z,,0.0,mm,
2013-12-07T05:56:08Z,,0.0,mm,
2013-12-07T17:54:12Z,,0.0,mm,
2013-12-08T05:52:16Z,,0.0,mm,
2013-12-08T17:50:19Z,,0.0,mm,
2013-12-09T05:48:23Z,,0.0,mm,
2013-12-09T17:46:27Z,,0.0,mm,
2013-12-10T05:44:31Z,,0.0,mm,
2013-12-10T11:12:59Z,,1.016,mm,
2013-12-10T17:42:34Z,,0.0,mm,
2013-12-11T05:40:38Z,,0.0,mm,
2013-12-11T17:38:41Z,,0.0,mm,
2013-12-12T05:36:45Z,,0.0,mm,
2013-12-12T17:34:49Z,,0.0,mm,
2013-12-13T05:32:52Z,,0.0,mm,
2013-12-13T09:26:25Z,,1.016,mm,
2013-12-13T15:29:28Z,,1.016,mm,
2013-12-13T17:30:55Z,,0.0,mm,
2013-12-13T20:04:48Z,,1.016,mm,
2013-12-13T23:42:56Z,,1.016,mm,
2013-12-14T05:28:58Z,,0.0,mm,
2013-12-14T17:27:02Z,,0.0,mm,
2013-12-15T05:25:06Z,,0.0,mm,
2013-12-15T17:23:09Z,,0.0,mm,
2013-12-16T05:21:12Z,,0.0,mm,
2013-12-16T17:19:15Z,,0.0,mm,
2013-12-17T05:17:18Z,,0.0,mm,
2013-12-17T17:15:21Z,,0.0,mm,
2013-12-18T05:13:24Z,,0.0,mm,
2013-12-18T17:11:27Z,,0.0,mm,
2013-12-19T05:09:30Z,,0.0,mm,
2013-12-19T17:07:32Z,,0.0,mm,
2013-12-20T05:05:35Z,,0.0,mm,
2013-12-20T17:03:39Z,,0.0,mm,
2013-12-21T05:01:42Z,,0.0,mm,
2013-12-21T16:59:46Z,,0.0,mm,
2013-12-22T04:57:50Z,,0.0,mm,
2013-12-22T16:55:53Z,,0.0,mm,
2013-12-23T04:53:57Z,,0.0,mm,
2013-12-23T16:52:01Z,,0.0,mm,
2013-12-24T04:50:05Z,,0.0,mm,
2013-12-24T16:48:09Z,,0.0,mm,
2013-12-25T04:46:13Z,,0.0,mm,
2013-12-25T11:20:20Z,,1.016,mm,
2013-12-25T13:14:24Z,,1.016,mm,
2013-12-25T13:29:38Z,,1.016,mm,
2013-12-25T13:50:43Z,,1.016,mm,
2013-12-25T14:06:22Z,,1.016,mm,
2013-12-25T14:37:43Z,,1.016,mm,
2013-12-25T15:06:51Z,,1.016,mm,
2013-12-25T15:29:15Z,,1.016,mm,
2013-12-25T16:08:37Z,,1.016,mm,
2013-12-25T16:44:16Z,,0.0,mm,
2013-12-26T04:42:19Z,,0.0,mm,
2013-12-26T16:40:22Z,,1.016,mm,
2013-12-27T04:38:25Z,,0.0,mm,
2013-12-27T16:36:28Z,,0.0,mm,
2013-12-28T04:34:31Z,,0.0,mm,
2013-12-28T16:32:34Z,,0.0,mm,
2013-12-29T04:30:37Z,,0.0,mm,
2013-12-29T16:28:41Z,,0.0,mm,
2013-12-30T04:26:45Z,,0.0,mm,
2013-12-30T16:24:49Z,,0.0,mm,
2013-12-31T04:22:52Z,,0.0,mm,
2013-12-31T16:20:56Z,,0.0,mm,
2014-01-01T04:18:59Z,,0.0,mm,
2014-01-01T16:17:02Z,,0.0,mm,
2014-01-02T04:15:07Z,,0.0,mm,
2014-01-02T12:46:52Z,,1.016,mm,
2014-01-02T16:13:10Z,,0.0,mm,
2014-01-03T04:11:15Z,,0.0,mm,
2014-01-03T16:09:19Z,,0.0,mm,
2014-01-04T04:07:22Z,,0.0,mm,
2014-01-04T16:05:25Z,,0.0,mm,
2014-01-05T04:03:29Z,,0.0,mm,
2014-01-05T16:01:33Z,,0.0,mm,
2014-01-06T03:59:37Z,,0.0,mm,
2014-01-06T15:57:42Z,,0.0,mm,
2014-01-07T03:55:46Z,,0.0,mm,
2014-01-07T11:40:27Z,,1.016,mm,
2014-01-07T15:53:50Z,,0.0,mm,
2014-01-08T03:51:54Z,,0.0,mm,
2014-01-08T15:49:57Z,,0.0,mm,
2014-01-09T03:48:01Z,,0.0,mm,
2014-01-09T15:46:04Z,,0.0,mm,
2014-01-10T03:44:08Z,,0.0,mm,
2014-01-10T05:54:01Z,,1.016,mm,
2014-01-10T15:42:11Z,,0.0,mm,
2014-01-11T03:40:14Z,,0.0,mm,
2014-01-11T15:38:17Z,,0.0,mm,
2014-01-12T03:36:20Z,,0.0,mm,
2014-01-12T15:34:23Z,,0.0,mm,
2014-01-13T03:32:26Z,,0.0,mm,
2014-01-13T15:30:29Z,,0.0,mm,
2014-01-14T03:28:32Z,,0.0,mm,
2014-01-14T15:26:35Z,,0.0,mm,
2014-01-15T03:24:38Z,,0.0,mm,
2014-01-15T15:22:41Z,,0.0,mm,
2014-01-16T03:20:44Z,,0.0,mm,
2014-01-16T15:18:47Z,,0.0,mm,
2014-01-17T03:16:51Z,,0.0,mm,
2014-01-17T15:14:54Z,,0.0,mm,
2014-01-18T03:12:57Z,,0.0,mm,
2014-01-18T15:11:00Z,,0.0,mm,
2014-01-19T03:09:04Z,,0.0,mm,
2014-01-19T15:07:07Z,,0.0,mm,
2014-01-20T03:05:10Z,,0.0,mm,
2014-01-20T15:03:13Z,,0.0,mm,
2014-01-21T03:01:16Z,,0.0,mm,
2014-01-21T14:59:20Z,,0.0,mm,
2014-01-22T02:57:24Z,,0.0,mm,
2014-01-22T14:55:27Z,,0.0,mm,
2014-01-23T02:53:31Z,,0.0,mm,
2014-01-23T14:51:35Z,,0.0,mm,
2014-01-24T02:49:39Z,,0.0,mm,
2014-01-24T14:47:43Z,,0.0,mm,
2014-01-25T02:45:45Z,,0.0,mm,
2014-01-25T14:43:48Z,,0.0,mm,
2014-01-26T02:41:51Z,,0.0,mm,
2014-01-26T14:39:54Z,,0.0,mm,
2014-01-27T02:37:57Z,,0.0,mm,
2014-01-27T14:36:01Z,,0.0,mm,
2014-01-28T02:34:06Z,,0.0,mm,
2014-01-28T14:32:10Z,,0.0,mm,
2014-01-29T02:30:13Z,,0.0,mm,
2014-01-29T14:28:17Z,,0.0,mm,
2014-01-30T02:26:20Z,,0.0,mm,
2014-01-30T14:24:23Z,,0.0,mm,
2014-01-31T02:22:26Z,,0.0,mm,
2014-01-31T14:20:30Z,,0.0,mm,
2014-02-01T02:18:34Z,,0.0,mm,
2014-02-01T14:16:37Z,,0.0,mm,
2014-02-02T02:14:41Z,,0.0,mm,
2014-02-02T14:12:45Z,,0.0,mm,
2014-02-03T02:10:49Z,,0.0,mm,
2014-02-03T13:16:24Z,,1.016,mm,
2014-02-03T14:06:52Z,,1.016,mm,
2014-02-03T14:08:53Z,,0.0,mm,
2014-02-03T15:13:32Z,,1.016,mm,
2014-02-04T02:06:56Z,,0.0,mm,
2014-02-04T14:04:59Z,,0.0,mm,
2014-02-05T02:03:03Z,,0.0,mm,
2014-02-05T14:01:07Z,,0.0,mm,
2014-02-06T01:59:11Z,,0.0,mm,
2014-02-06T13:43:55Z,,1.016,mm,
2014-02-06T13:57:16Z,,0.0,mm,
2014-02-07T01:55:20Z,,0.0,mm,
2014-02-07T13:53:24Z,,0.0,mm,
2014-02-08T01:51:28Z,,0.0,mm,
2014-02-08T13:49:32Z,,0.0,mm,
2014-02-09T13:45:39Z,,0.0,mm,
2014-02-10T01:43:43Z,,0.0,mm,
2014-02-10T13:41:47Z,,0.0,mm,
2014-02-11T01:39:51Z,,0.0,mm,
2014-02-11T12:28:45Z,,1.016,mm,
2014-02-11T14:31:05Z,,1.016,mm,
2014-02-12T01:35:59Z,,0.0,mm,
2014-02-12T13:12:58Z,,1.016,mm,
2014-02-12T13:34:02Z,,0.0,mm,
2014-02-13T01:32:06Z,,0.0,mm,
2014-02-13T13:30:09Z,,0.0,mm,
2014-02-14T01:28:12Z,,0.0,mm,
2014-02-14T13:26:15Z,,0.0,mm,
2014-02-15T01:24:18Z,,0.0,mm,
2014-02-15T13:22:22Z,,0.0,mm,
2014-02-16T01:20:25Z,,0.0,mm,
2014-02-16T13:18:28Z,,0.0,mm,
2014-02-17T01:16:32Z,,0.0,mm,
2014-02-17T13:14:34Z,,0.0,mm,
2014-02-18T01:12:37Z,,0.0,mm,
2014-02-18T13:10:40Z,,0.0,mm,
2014-02-19T01:08:43Z,,0.0,mm,
2014-02-19T13:06:46Z,,0.0,mm,
2014-02-19T17:49:14Z,,1.016,mm,
2014-02-19T22:14:13Z,,1.016,mm,
2014-02-19T22:25:05Z,,1.016,mm,
2014-02-19T22:29:45Z,,1.016,mm,
2014-02-19T22:45:03Z,,1.016,mm,
2014-02-19T22:46:09Z,,1.016,mm,
2014-02-19T23:29:44Z,,1.016,mm,
2014-02-20T01:04:49Z,,0.0,mm,
2014-02-20T09:45:41Z,,1.016,mm,
2014-02-20T09:50:33Z,,1.016,mm,
2014-02-20T12:33:13Z,,1.016,mm,
2014-02-20T13:02:51Z,,0.0,mm,
2014-02-21T01:00:55Z,,0.0,mm,
2014-02-21T12:58:58Z,,0.0,mm,
2014-02-22T00:57:01Z,,0.0,mm,
2014-02-22T12:55:04Z,,0.0,mm,
2014-02-23T00:53:06Z,,0.0,mm,
2014-02-23T12:51:10Z,,0.0,mm,
2014-02-24T00:49:13Z,,0.0,mm,
2014-02-24T12:47:17Z,,0.0,mm,
2014-02-25T00:45:20Z,,0.0,mm,
2014-02-25T12:43:23Z,,0.0,mm,
2014-02-26T00:41:27Z,,0.0,mm,
2014-02-26T12:39:31Z,,0.0,mm,
2014-02-27T00:37:34Z,,0.0,mm,
2014-02-27T12:35:38Z,,0.0,mm,
2014-02-28T12:31:44Z,,0.0,mm,
2014-03-01T00:29:47Z,,0.0,mm,
2014-03-05T12:12:21Z,,0.0,mm,
2014-03-06T00:10:24Z,,0.0,mm,
2014-03-06T12:08:28Z,,0.0,mm,
2014-03-07T00:06:31Z,,0.0,mm,
2014-03-07T12:04:34Z,,0.0,mm,
2014-03-08T00:02:36Z,,0.0,mm,
2014-03-08T12:00:40Z,,0.0,mm,
2014-03-08T23:58:43Z,,0.0,mm,
2014-03-09T12:56:46Z,,0.0,mm,
2014-03-10T00:54:49Z,,0.0,mm,
2014-03-10T12:52:52Z,,0.0,mm,
2014-03-11T00:50:54Z,,0.0,mm,
2014-03-11T12:48:57Z,,0.0,mm,
2014-03-11T20:01:40Z,,1.016,mm,
2014-03-11T20:11:07Z,,1.016,mm,
2014-03-11T21:49:32Z,,1.016,mm,
2014-03-11T22:24:56Z,,1.016,mm,
2014-03-11T23:14:34Z,,1.016,mm,
2014-03-12T00:46:59Z,,0.0,mm,
2014-03-12T12:45:03Z,,0.0,mm,
2014-03-13T00:43:05Z,,0.0,mm,
2014-03-13T12:41:08Z,,0.0,mm,
2014-03-14T00:39:11Z,,0.0,mm,
2014-03-14T12:37:14Z,,0.0,mm,
2014-03-15T00:35:16Z,,0.0,mm,
2014-03-15T12:33:19Z,,0.0,mm,
2014-03-15T22:27:07Z,,1.016,mm,
2014-03-15T22:33:35Z,,1.016,mm,
2014-03-15T22:52:59Z,,3.0479999999999996,mm,
2014-03-15T23:02:57Z,,1.016,mm,
2014-03-15T23:21:34Z,,2.032,mm,
2014-03-15T23:28:24Z,,1.016,mm,
2014-03-15T23:36:28Z,,1.016,mm,
2014-03-15T23:44:52Z,,1.016,mm,
2014-03-15T23:52:07Z,,1.016,mm,
2014-03-15T23:59:21Z,,1.016,mm,
2014-03-16T00:09:27Z,,1.016,mm,
2014-03-16T00:21:37Z,,1.016,mm,
2014-03-16T00:31:21Z,,0.0,mm,
2014-03-16T01:05:20Z,,1.016,mm,
2014-03-16T12:29:25Z,,0.0,mm,
2014-03-17T00:27:28Z,,0.0,mm,
2014-03-17T12:25:31Z,,0.0,mm,
2014-03-18T00:23:34Z,,0.0,mm,
2014-03-18T12:21:37Z,,0.0,mm,
2014-03-19T00:19:39Z,,0.0,mm,
2014-03-19T12:17:43Z,,0.0,mm,
2014-03-20T00:15:45Z,,0.0,mm,
2014-03-20T12:13:48Z,,0.0,mm,
2014-03-21T00:11:51Z,,0.0,mm,
2014-03-21T12:09:53Z,,0.0,mm,
2014-03-22T00:07:56Z,,0.0,mm,
2014-03-22T12:05:59Z,,0.0,mm,
2014-03-23T00:04:02Z,,0.0,mm,
2014-03-23T12:02:05Z,,0.0,mm,
2014-03-24T00:00:08Z,,0.0,mm,
2014-03-24T11:58:12Z,,0.0,mm,
2014-03-24T15:10:50Z,,1.016,mm,
2014-03-24T23:56:15Z,,0.0,mm,
2014-03-25T11:54:18Z,,0.0,mm,
2014-03-25T23:52:21Z,,0.0,mm,
2014-03-26T11:50:24Z,,0.0,mm,
2014-03-26T18:23:15Z,,1.016,mm,
2014-03-26T21:33:26Z,,1.016,mm,
2014-03-26T22:22:02Z,,1.016,mm,
2014-03-26T23:48:27Z,,0.0,mm,
2014-03-27T11:46:30Z,,0.0,mm,
2014-03-27T13:47:03Z,,1.016,mm,
2014-03-27T13:48:40Z,,1.016,mm,
2014-03-27T13:49:25Z,,1.016,mm,
2014-03-27T13:50:21Z,,1.016,mm,
2014-03-27T13:51:09Z,,1.016,mm,
2014-03-27T13:52:03Z,,1.016,mm,
2014-03-27T14:34:01Z,,1.016,mm,
2014-03-27T23:44:33Z,,0.0,mm,
2014-03-28T11:42:36Z,,0.0,mm,
2014-03-28T23:40:38Z,,0.0,mm,
2014-03-29T11:38:41Z,,0.0,mm,
2014-03-29T23:36:44Z,,0.0,mm,
2014-03-30T11:34:47Z,,0.0,mm,
2014-03-30T23:32:49Z,,0.0,mm,
2014-03-31T11:30:52Z,,0.0,mm,
2014-03-31T23:28:55Z,,0.0,mm,
2014-04-01T11:26:58Z,,0.0,mm,
2014-04-01T23:25:00Z,,0.0,mm,
2014-04-02T04:37:32Z,,1.016,mm,
2014-04-02T04:42:09Z,,1.016,mm,
2014-04-02T05:06:55Z,,1.016,mm,
2014-04-02T05:31:41Z,,1.016,mm,
2014-04-02T05:37:44Z,,1.016,mm,
2014-04-02T05:52:45Z,,1.016,mm,
2014-04-02T06:00:23Z,,2.032,mm,
2014-04-02T06:03:13Z,,1.016,mm,
2014-04-02T06:08:58Z,,2.032,mm,
2014-04-02T06:36:51Z,,1.016,mm,
2014-04-02T06:54:23Z,,1.016,mm,
2014-04-02T07:22:06Z,,1.016,mm,
2014-04-02T07:25:28Z,,1.016,mm,
2014-04-02T07:37:10Z,,1.016,mm,
2014-04-02T07:44:11Z,,1.016,mm,
2014-04-02T07:48:55Z,,1.016,mm,
2014-04-02T08:16:59Z,,2.032,mm,
2014-04-02T10:16:31Z,,1.016,mm,
2014-04-02T11:23:03Z,,0.0,mm,
2014-04-02T22:38:47Z,,1.016,mm,
2014-04-02T22:47:14Z,,1.016,mm,
2014-04-02T22:48:37Z,,1.016,mm,
2014-04-02T22:51:02Z,,1.016,mm,
2014-04-02T22:56:26Z,,2.032,mm,
2014-04-02T23:21:06Z,,0.0,mm,
2014-04-03T11:19:09Z,,0.0,mm,
2014-04-03T23:17:11Z,,0.0,mm,
2014-04-04T11:15:14Z,,0.0,mm,
2014-04-04T23:13:17Z,,0.0,mm,
2014-04-05T11:11:20Z,,0.0,mm,
2014-04-05T23:09:23Z,,0.0,mm,
2014-04-06T11:07:26Z,,0.0,mm,
2014-04-06T23:05:28Z,,0.0,mm,
2014-04-07T11:03:31Z,,0.0,mm,
2014-04-07T23:01:34Z,,0.0,mm,
2014-04-08T10:59:36Z,,0.0,mm,
2014-04-08T22:57:39Z,,0.0,mm,
2014-04-09T10:55:42Z,,0.0,mm,
2014-04-09T22:53:44Z,,0.0,mm,
2014-04-10T10:51:47Z,,0.0,mm,
2014-04-10T22:49:49Z,,0.0,mm,
2014-04-11T10:47:52Z,,0.0,mm,
2014-04-11T22:45:55Z,,0.0,mm,
2014-04-12T10:43:57Z,,0.0,mm,
2014-04-12T22:42:00Z,,0.0,mm,
2014-04-13T08:09:10Z,,1.016,mm,
2014-04-13T10:40:02Z,,0.0,mm,
2014-04-13T13:02:39Z,,1.016,mm,
2014-04-13T13:10:56Z,,1.016,mm,
2014-04-13T13:36:11Z,,1.016,mm,
2014-04-13T15:37:18Z,,1.016,mm,
2014-04-13T15:41:37Z,,1.016,mm,
2014-04-13T15:45:47Z,,1.016,mm,
2014-04-13T15:48:23Z,,1.016,mm,
2014-04-13T15:50:32Z,,1.016,mm,
2014-04-13T15:51:40Z,,1.016,mm,
2014-04-13T15:52:48Z,,1.016,mm,
2014-04-13T15:55:02Z,,1.016,mm,
2014-04-13T16:00:24Z,,1.016,mm,
2014-04-13T16:06:29Z,,1.016,mm,
2014-04-13T16:09:19Z,,1.016,mm,
2014-04-13T16:12:44Z,,1.016,mm,
2014-04-13T16:16:34Z,,1.016,mm,
2014-04-13T16:20:40Z,,1.016,mm,
2014-04-13T16:24:37Z,,1.016,mm,
2014-04-13T16:41:04Z,,2.032,mm,
2014-04-13T16:54:15Z,,1.016,mm,
2014-04-13T17:19:48Z,,1.016,mm,
2014-04-13T18:04:15Z,,1.016,mm,
2014-04-13T22:38:05Z,,0.0,mm,
2014-04-14T02:57:27Z,,1.016,mm,
2014-04-14T10:36:08Z,,0.0,mm,
2014-04-14T22:34:11Z,,0.0,mm,
2014-04-15T10:32:14Z,,0.0,mm,
2014-04-15T22:30:17Z,,0.0,mm,
2014-04-16T10:28:20Z,,0.0,mm,
2014-04-16T22:26:22Z,,0.0,mm,
2014-04-17T10:24:25Z,,0.0,mm,
2014-04-17T22:22:28Z,,0.0,mm,
2014-04-18T10:20:31Z,,0.0,mm,
2014-04-18T22:18:33Z,,0.0,mm,
2014-04-19T10:16:36Z,,0.0,mm,
2014-04-19T22:14:39Z,,0.0,mm,
2014-04-20T10:12:41Z,,0.0,mm,
2014-04-20T22:10:44Z,,0.0,mm,
2014-04-21T10:08:46Z,,0.0,mm,
2014-04-21T22:06:49Z,,0.0,mm,
2014-04-22T10:04:51Z,,0.0,mm,
2014-04-22T22:02:54Z,,0.0,mm,
2014-04-23T10:00:56Z,,0.0,mm,
2014-04-23T21:58:59Z,,0.0,mm,
2014-04-24T07:40:02Z,,1.016,mm,
2014-04-24T07:51:14Z,,1.016,mm,
2014-04-24T07:57:18Z,,1.016,mm,
2014-04-24T08:12:06Z,,1.016,mm,
2014-04-24T08:56:10Z,,1.016,mm,
2014-04-24T09:57:01Z,,0.0,mm,
2014-04-24T12:15:22Z,,1.016,mm,
2014-04-24T12:18:13Z,,1.016,mm,
2014-04-24T12:26:49Z,,1.016,mm,
2014-04-24T12:29:03Z,,1.016,mm,
2014-04-24T12:31:34Z,,1.016,mm,
2014-04-24T12:39:07Z,,1.016,mm,
2014-04-24T12:42:16Z,,1.016,mm,
2014-04-24T13:07:24Z,,2.032,mm,
2014-04-24T13:15:54Z,,1.016,mm,
2014-04-24T14:07:41Z,,1.016,mm,
2014-04-24T14:30:27Z,,1.016,mm,
2014-04-24T21:55:04Z,,0.0,mm,
2014-04-25T09:53:07Z,,0.0,mm,
2014-04-25T21:51:09Z,,0.0,mm,
2014-04-26T09:49:12Z,,0.0,mm,
2014-04-26T21:47:14Z,,0.0,mm,
2014-04-27T09:45:17Z,,0.0,mm,
2014-04-27T11:33:48Z,,1.016,mm,
2014-04-27T11:34:15Z,,1.016,mm,
2014-04-27T11:34:45Z,,1.016,mm,
2014-04-27T11:35:20Z,,1.016,mm,
2014-04-27T11:35:50Z,,1.016,mm,
2014-04-27T11:36:12Z,,1.016,mm,
2014-04-27T11:36:36Z,,1.016,mm,
2014-04-27T11:37:13Z,,1.016,mm,
2014-04-27T11:38:10Z,,1.016,mm,
2014-04-27T11:44:12Z,,1.016,mm,
2014-04-27T11:46:01Z,,1.016,mm,
2014-04-27T12:37:35Z,,2.032,mm,
2014-04-27T13:00:33Z,,1.016,mm,
2014-04-27T13:16:35Z,,1.016,mm,
2014-04-27T13:29:56Z,,1.016,mm,
2014-04-27T18:39:37Z,,1.016,mm,
2014-04-27T18:41:48Z,,1.016,mm,
2014-04-27T18:43:09Z,,2.032,mm,
2014-04-27T18:44:40Z,,2.032,mm,
2014-04-27T18:45:42Z,,1.016,mm,
2014-04-27T18:46:57Z,,1.016,mm,
2014-04-27T19:22:08Z,,2.032,mm,
2014-04-27T19:31:28Z,,1.016,mm,
2014-04-27T21:43:19Z,,0.0,mm,
2014-04-28T09:41:22Z,,0.0,mm,
2014-04-28T21:39:24Z,,0.0,mm,
2014-04-29T05:35:21Z,,1.016,mm,
2014-04-29T06:54:46Z,,2.032,mm,
2014-04-29T07:21:35Z,,1.016,mm,
2014-04-29T07:45:13Z,,1.016,mm,
2014-04-29T09:37:27Z,,0.0,mm,
2014-04-29T09:57:15Z,,1.016,mm,
2014-04-29T10:51:50Z,,1.016,mm,
2014-04-29T11:06:38Z,,1.016,mm,
2014-04-29T11:14:38Z,,1.016,mm,
2014-04-29T11:31:22Z,,1.016,mm,
2014-04-29T13:04:36Z,,1.016,mm,
2014-04-29T21:35:30Z,,0.0,mm,
2014-04-30T09:33:33Z,,0.0,mm,
2014-04-30T21:31:35Z,,0.0,mm,
2014-05-01T09:29:38Z,,0.0,mm,
2014-05-01T21:27:41Z,,0.0,mm,
2014-05-02T09:25:44Z,,0.0,mm,
2014-05-02T21:23:46Z,,0.0,mm,
2014-05-03T09:21:49Z,,0.0,mm,
2014-05-03T21:19:52Z,,0.0,mm,
2014-05-04T09:17:54Z,,0.0,mm,
2014-05-04T21:15:57Z,,0.0,mm,
2014-05-05T09:13:59Z,,0.0,mm,
2014-05-05T21:12:02Z,,0.0,mm,
2014-05-06T09:10:04Z,,0.0,mm,
2014-05-06T21:08:07Z,,0.0,mm,
2014-05-07T09:06:09Z,,0.0,mm,
2014-05-07T21:04:12Z,,0.0,mm,
2014-05-08T09:02:14Z,,0.0,mm,
2014-05-08T21:00:17Z,,0.0,mm,
2014-05-09T08:58:19Z,,0.0,mm,
2014-05-09T20:56:22Z,,0.0,mm,
2014-05-10T08:54:25Z,,0.0,mm,
2014-05-10T20:52:27Z,,0.0,mm,
2014-05-11T08:50:29Z,,0.0,mm,
2014-05-11T20:48:32Z,,0.0,mm,
2014-05-12T04:03:05Z,,1.016,mm,
2014-05-12T04:08:22Z,,1.016,mm,
2014-05-12T04:18:31Z,,1.016,mm,
2014-05-12T04:29:59Z,,1.016,mm,
2014-05-12T04:41:04Z,,1.016,mm,
2014-05-12T04:51:31Z,,1.016,mm,
2014-05-12T08:46:34Z,,0.0,mm,
2014-05-12T10:19:22Z,,2.032,mm,
2014-05-12T12:56:15Z,,1.016,mm,
2014-05-12T14:19:01Z,,1.016,mm,
2014-05-12T14:55:38Z,,1.016,mm,
2014-05-12T15:23:00Z,,1.016,mm,
2014-05-12T15:28:51Z,,1.016,mm,
2014-05-12T15:30:27Z,,1.016,mm,
2014-05-12T15:31:40Z,,1.016,mm,
2014-05-12T15:32:33Z,,1.016,mm,
2014-05-12T15:33:19Z,,1.016,mm,
2014-05-12T15:34:56Z,,1.016,mm,
2014-05-12T15:37:13Z,,1.016,mm,
2014-05-12T15:39:51Z,,1.016,mm,
2014-05-12T15:46:34Z,,1.016,mm,
2014-05-12T15:50:07Z,,1.016,mm,
2014-05-12T15:53:33Z,,1.016,mm,
2014-05-12T20:44:37Z,,1.016,mm,
2014-05-12T22:34:25Z,,1.016,mm,
2014-05-13T08:42:40Z,,0.0,mm,
2014-05-13T20:40:42Z,,0.0,mm,
2014-05-14T08:38:45Z,,0.0,mm,
2014-05-14T20:36:47Z,,0.0,mm,
2014-05-15T08:34:50Z,,0.0,mm,
2014-05-15T20:32:53Z,,0.0,mm,
2014-05-16T08:30:56Z,,0.0,mm,
2014-05-16T20:28:58Z,,0.0,mm,
2014-05-17T08:27:01Z,,0.0,mm,
2014-05-17T20:25:04Z,,0.0,mm,
2014-05-18T08:23:07Z,,0.0,mm,
2014-05-18T20:21:09Z,,0.0,mm,
2014-05-19T08:19:12Z,,0.0,mm,
2014-05-19T20:17:14Z,,0.0,mm,
2014-05-20T08:15:17Z,,0.0,mm,
2014-05-20T20:13:19Z,,0.0,mm,
2014-05-21T08:11:22Z,,0.0,mm,
2014-05-21T20:09:24Z,,0.0,mm,
2014-05-22T08:07:27Z,,0.0,mm,
2014-05-22T20:05:29Z,,0.0,mm,
2014-05-23T08:03:32Z,,0.0,mm,
2014-05-23T20:01:34Z,,0.0,mm,
2014-05-24T05:37:14Z,,1.016,mm,
2014-05-24T05:39:48Z,,1.016,mm,
2014-05-24T06:43:50Z,,2.032,mm,
2014-05-24T07:03:27Z,,1.016,mm,
2014-05-24T07:45:51Z,,3.0479999999999996,mm,
2014-05-24T07:59:37Z,,0.0,mm,
2014-05-24T08:10:13Z,,1.016,mm,
2014-05-24T09:27:04Z,,1.016,mm,
2014-05-24T09:34:11Z,,1.016,mm,
2014-05-24T15:21:43Z,,2.032,mm,
2014-05-24T19:57:39Z,,0.0,mm,
2014-05-25T07:55:42Z,,0.0,mm,
2014-05-25T14:50:36Z,,1.016,mm,
2014-05-25T14:51:06Z,,1.016,mm,
2014-05-25T14:51:41Z,,1.016,mm,
2014-05-25T14:53:43Z,,1.016,mm,
2014-05-25T14:59:22Z,,1.016,mm,
2014-05-25T19:53:44Z,,0.0,mm,
2014-05-26T02:11:25Z,,1.016,mm,
2014-05-26T02:14:46Z,,1.016,mm,
2014-05-26T02:19:22Z,,1.016,mm,
2014-05-26T02:25:46Z,,1.016,mm,
2014-05-26T02:39:49Z,,1.016,mm,
2014-05-26T07:51:47Z,,0.0,mm,
2014-05-26T19:49:49Z,,0.0,mm,
2014-05-27T07:47:51Z,,0.0,mm,
2014-05-27T19:45:54Z,,0.0,mm,
2014-05-28T07:43:57Z,,0.0,mm,
2014-05-28T19:41:59Z,,0.0,mm,
2014-05-29T07:40:02Z,,0.0,mm,
2014-05-29T19:38:04Z,,0.0,mm,
2014-05-30T07:36:07Z,,0.0,mm,
2014-05-30T19:34:09Z,,0.0,mm,
2014-05-31T07:32:12Z,,0.0,mm,
2014-06-01T07:28:17Z,,0.0,mm,
2014-06-01T19:26:19Z,,0.0,mm,
2014-06-01T22:54:04Z,,1.016,mm,
2014-06-01T22:56:42Z,,1.016,mm,
2014-06-01T23:01:58Z,,1.016,mm,
2014-06-01T23:14:27Z,,1.016,mm,
2014-06-01T23:16:15Z,,1.016,mm,
2014-06-01T23:17:21Z,,1.016,mm,
2014-06-01T23:18:05Z,,1.016,mm,
2014-06-01T23:18:38Z,,1.016,mm,
2014-06-01T23:19:09Z,,1.016,mm,
2014-06-01T23:19:43Z,,1.016,mm,
2014-06-01T23:20:22Z,,1.016,mm,
2014-06-01T23:21:13Z,,1.016,mm,
2014-06-01T23:22:08Z,,1.016,mm,
2014-06-01T23:23:28Z,,2.032,mm,
2014-06-01T23:24:06Z,,1.016,mm,
2014-06-01T23:24:38Z,,1.016,mm,
2014-06-01T23:25:06Z,,1.016,mm,
2014-06-01T23:25:35Z,,1.016,mm,
2014-06-01T23:27:20Z,,3.0479999999999996,mm,
2014-06-01T23:27:58Z,,1.016,mm,
2014-06-01T23:29:39Z,,2.032,mm,
2014-06-01T23:32:35Z,,2.032,mm,
2014-06-01T23:33:49Z,,1.016,mm,
2014-06-01T23:36:39Z,,2.032,mm,
2014-06-01T23:37:44Z,,1.016,mm,
2014-06-01T23:38:37Z,,1.016,mm,
2014-06-01T23:39:46Z,,1.016,mm,
2014-06-01T23:41:04Z,,1.016,mm,
2014-06-01T23:45:10Z,,2.032,mm,
2014-06-01T23:46:55Z,,1.016,mm,
2014-06-02T00:09:00Z,,3.0479999999999996,mm,
2014-06-02T19:20:52Z,,2.032,mm,
2014-06-03T07:18:00Z,,0.0,mm,
2014-06-03T19:15:07Z,,0.0,mm,
2014-06-04T02:16:26Z,,1.016,mm,
2014-06-04T02:28:06Z,,1.016,mm,
2014-06-04T02:34:44Z,,1.016,mm,
2014-06-04T02:35:43Z,,1.016,mm,
2014-06-04T02:37:04Z,,1.016,mm,
2014-06-04T02:52:48Z,,1.016,mm,
2014-06-04T02:54:47Z,,1.016,mm,
2014-06-04T02:56:46Z,,2.032,mm,
2014-06-04T02:57:55Z,,1.016,mm,
2014-06-04T03:02:51Z,,2.032,mm,
2014-06-04T03:05:45Z,,2.032,mm,
2014-06-04T07:12:14Z,,1.016,mm,
2014-06-04T19:09:21Z,,0.0,mm,
2014-06-05T07:06:29Z,,0.0,mm,
2014-06-05T08:39:12Z,,1.016,mm,
2014-06-05T08:49:38Z,,1.016,mm,
2014-06-05T08:54:10Z,,1.016,mm,
2014-06-05T09:00:53Z,,1.016,mm,
2014-06-05T09:14:43Z,,1.016,mm,
2014-06-05T09:33:10Z,,2.032,mm,
2014-06-05T09:41:34Z,,1.016,mm,
2014-06-05T09:48:19Z,,1.016,mm,
2014-06-05T09:56:23Z,,1.016,mm,
2014-06-05T10:03:28Z,,1.016,mm,
2014-06-05T10:09:51Z,,1.016,mm,
2014-06-05T10:18:39Z,,1.016,mm,
2014-06-05T10:47:05Z,,1.016,mm,
2014-06-05T19:03:36Z,,0.0,mm,
2014-06-06T07:00:43Z,,0.0,mm,
2014-06-06T18:57:51Z,,0.0,mm,
2014-06-07T05:26:50Z,,1.016,mm,
2014-06-07T05:48:37Z,,1.016,mm,
2014-06-07T06:11:33Z,,2.032,mm,
2014-06-07T06:21:47Z,,1.016,mm,
2014-06-07T06:32:54Z,,1.016,mm,
2014-06-07T06:48:44Z,,1.016,mm,
2014-06-07T06:54:58Z,,0.0,mm,
2014-06-07T07:58:22Z,,1.016,mm,
2014-06-07T08:12:02Z,,1.016,mm,
2014-06-07T08:19:29Z,,1.016,mm,
2014-06-07T09:26:26Z,,2.032,mm,
2014-06-07T13:08:19Z,,1.016,mm,
2014-06-07T13:15:21Z,,1.016,mm,
2014-06-07T18:52:05Z,,0.0,mm,
2014-06-08T06:49:12Z,,0.0,mm,
2014-06-08T18:46:20Z,,0.0,mm,
2014-06-09T06:43:27Z,,0.0,mm,
2014-06-09T15:35:54Z,,1.016,mm,
2014-06-09T15:44:47Z,,1.016,mm,
2014-06-09T17:17:23Z,,1.016,mm,
2014-06-09T17:31:22Z,,1.016,mm,
2014-06-09T17:38:42Z,,1.016,mm,
2014-06-09T17:42:26Z,,1.016,mm,
2014-06-09T17:45:16Z,,1.016,mm,
2014-06-09T17:49:08Z,,1.016,mm,
2014-06-09T17:55:23Z,,1.016,mm,
2014-06-09T18:40:34Z,,0.0,mm,
2014-06-09T18:50:48Z,,1.016,mm,
2014-06-09T19:03:47Z,,1.016,mm,
2014-06-09T19:21:17Z,,1.016,mm,
2014-06-09T19:42:33Z,,1.016,mm,
2014-06-09T19:54:44Z,,1.016,mm,
2014-06-09T20:02:39Z,,1.016,mm,
2014-06-09T20:09:38Z,,1.016,mm,
2014-06-09T20:19:43Z,,1.016,mm,
2014-06-09T20:43:46Z,,2.032,mm,
2014-06-09T20:48:50Z,,1.016,mm,
2014-06-09T21:08:15Z,,2.032,mm,
2014-06-09T21:35:29Z,,1.016,mm,
2014-06-09T21:56:53Z,,1.016,mm,
2014-06-09T22:32:43Z,,1.016,mm,
2014-06-09T23:09:43Z,,1.016,mm,
2014-06-10T00:44:42Z,,1.016,mm,
2014-06-10T02:43:18Z,,1.016,mm,
2014-06-10T03:03:43Z,,1.016,mm,
2014-06-10T03:13:28Z,,1.016,mm,
2014-06-10T03:21:31Z,,1.016,mm,
2014-06-10T03:31:15Z,,1.016,mm,
2014-06-10T03:48:01Z,,1.016,mm,
2014-06-10T04:26:17Z,,1.016,mm,
2014-06-10T04:40:56Z,,1.016,mm,
2014-06-10T04:56:36Z,,1.016,mm,
2014-06-10T05:12:33Z,,1.016,mm,
2014-06-10T05:22:54Z,,1.016,mm,
2014-06-10T05:32:53Z,,1.016,mm,
2014-06-10T05:43:54Z,,1.016,mm,
2014-06-10T05:55:22Z,,1.016,mm,
2014-06-10T06:16:38Z,,1.016,mm,
2014-06-10T06:37:42Z,,0.0,mm,
2014-06-10T08:48:24Z,,2.032,mm,
2014-06-10T10:10:21Z,,1.016,mm,
2014-06-10T18:34:49Z,,0.0,mm,
2014-06-11T06:31:56Z,,0.0,mm,
2014-06-11T18:29:04Z,,0.0,mm,
2014-06-12T03:54:11Z,,1.016,mm,
2014-06-12T04:01:42Z,,1.016,mm,
2014-06-12T04:10:53Z,,2.032,mm,
2014-06-12T04:15:16Z,,1.016,mm,
2014-06-12T04:18:29Z,,1.016,mm,
2014-06-12T04:22:00Z,,1.016,mm,
2014-06-12T04:30:47Z,,2.032,mm,
2014-06-12T04:40:47Z,,1.016,mm,
2014-06-12T04:49:14Z,,1.016,mm,
2014-06-12T04:57:01Z,,1.016,mm,
2014-06-12T05:06:35Z,,1.016,mm,
2014-06-12T05:17:53Z,,1.016,mm,
2014-06-12T05:33:52Z,,2.032,mm,
2014-06-12T05:49:16Z,,1.016,mm,
2014-06-12T05:59:18Z,,1.016,mm,
2014-06-12T06:05:46Z,,1.016,mm,
2014-06-12T06:16:35Z,,1.016,mm,
2014-06-12T06:26:11Z,,0.0,mm,
2014-06-12T06:26:32Z,,1.016,mm,
2014-06-12T06:39:29Z,,1.016,mm,
2014-06-12T07:00:47Z,,1.016,mm,
2014-06-12T18:23:18Z,,0.0,mm,
2014-06-13T06:20:26Z,,0.0,mm,
2014-06-13T18:17:33Z,,0.0,mm,
2014-06-14T06:14:40Z,,0.0,mm,
2014-06-14T18:11:48Z,,0.0,mm,
2014-06-15T03:49:43Z,,1.016,mm,
2014-06-15T03:53:07Z,,1.016,mm,
2014-06-15T03:57:25Z,,1.016,mm,
2014-06-15T04:00:50Z,,1.016,mm,
2014-06-15T04:21:30Z,,2.032,mm,
2014-06-15T05:22:03Z,,1.016,mm,
2014-06-15T05:50:08Z,,1.016,mm,
2014-06-15T06:02:49Z,,1.016,mm,
2014-06-15T06:08:55Z,,0.0,mm,
2014-06-15T06:10:17Z,,1.016,mm,
2014-06-15T06:20:34Z,,1.016,mm,
2014-06-15T06:31:35Z,,1.016,mm,
2014-06-15T06:40:14Z,,1.016,mm,
2014-06-15T06:53:30Z,,1.016,mm,
2014-06-15T18:06:02Z,,0.0,mm,
2014-06-16T06:03:09Z,,0.0,mm,
2014-06-16T18:00:17Z,,0.0,mm,
2014-06-17T05:57:24Z,,0.0,mm,
2014-06-17T17:54:31Z,,0.0,mm,
2014-06-18T05:51:38Z,,0.0,mm,
2014-06-18T17:48:46Z,,0.0,mm,
2014-06-19T05:45:53Z,,0.0,mm,
2014-06-19T11:46:05Z,,1.016,mm,
2014-06-19T17:43:00Z,,0.0,mm,
2014-06-20T05:40:08Z,,0.0,mm,
2014-06-20T17:37:15Z,,0.0,mm,
2014-06-21T05:34:22Z,,0.0,mm,
2014-06-21T17:31:30Z,,0.0,mm,
2014-06-22T05:28:37Z,,0.0,mm,
2014-06-22T17:25:44Z,,0.0,mm,
2014-06-22T19:43:35Z,,1.016,mm,
2014-06-22T19:44:46Z,,1.016,mm,
2014-06-22T19:45:48Z,,1.016,mm,
2014-06-22T19:46:36Z,,1.016,mm,
2014-06-22T19:47:31Z,,1.016,mm,
2014-06-22T19:48:43Z,,1.016,mm,
2014-06-22T19:50:20Z,,1.016,mm,
2014-06-22T19:55:12Z,,1.016,mm,
2014-06-22T19:59:03Z,,1.016,mm,
2014-06-22T20:14:00Z,,1.016,mm,
2014-06-22T22:09:47Z,,1.016,mm,
2014-06-23T05:22:52Z,,0.0,mm,
2014-06-23T17:19:59Z,,0.0,mm,
2014-06-24T05:17:06Z,,0.0,mm,
2014-06-24T17:14:13Z,,0.0,mm,
2014-06-25T05:11:21Z,,0.0,mm,
2014-06-25T17:08:28Z,,0.0,mm,
2014-06-26T05:05:35Z,,0.0,mm,
2014-06-26T17:02:43Z,,0.0,mm,
2014-06-27T02:16:32Z,,1.016,mm,
2014-06-27T04:59:50Z,,0.0,mm,
2014-06-27T16:56:57Z,,0.0,mm,
2014-06-28T04:54:05Z,,0.0,mm,
2014-06-28T16:19:13Z,,1.016,mm,
2014-06-28T16:37:44Z,,1.016,mm,
2014-06-28T16:54:54Z,,1.016,mm,
2014-06-28T17:34:26Z,,1.016,mm,
2014-06-29T04:48:19Z,,0.0,mm,
2014-06-29T16:45:27Z,,0.0,mm,
2014-06-30T04:42:34Z,,0.0,mm,
2014-06-30T16:39:41Z,,0.0,mm,
2014-06-30T21:28:31Z,,1.016,mm,
2014-06-30T21:36:41Z,,1.016,mm,
2014-06-30T21:39:01Z,,1.016,mm,
2014-07-01T04:36:48Z,,0.0,mm,
2014-07-01T16:33:56Z,,0.0,mm,
2014-07-02T04:31:03Z,,0.0,mm,
2014-07-02T16:28:10Z,,0.0,mm,
2014-07-03T04:25:18Z,,0.0,mm,
2014-07-03T16:22:25Z,,0.0,mm,
2014-07-04T04:19:32Z,,0.0,mm,
2014-07-04T16:16:40Z,,0.0,mm,
2014-07-05T04:13:47Z,,0.0,mm,
2014-07-05T16:10:54Z,,0.0,mm,
2014-07-06T04:08:02Z,,0.0,mm,
2014-07-06T16:05:09Z,,0.0,mm,
2014-07-07T04:02:16Z,,0.0,mm,
2014-07-07T15:59:24Z,,0.0,mm,
2014-07-07T22:38:34Z,,1.016,mm,
2014-07-07T22:41:50Z,,2.032,mm,
2014-07-07T22:43:01Z,,1.016,mm,
2014-07-07T22:44:33Z,,1.016,mm,
2014-07-07T22:46:19Z,,1.016,mm,
2014-07-07T22:50:43Z,,2.032,mm,
2014-07-07T22:52:24Z,,1.016,mm,
2014-07-07T22:53:02Z,,1.016,mm,
2014-07-07T22:53:45Z,,1.016,mm,
2014-07-07T22:54:58Z,,2.032,mm,
2014-07-07T22:55:42Z,,2.032,mm,
2014-07-07T22:56:34Z,,2.032,mm,
2014-07-07T22:57:09Z,,1.016,mm,
2014-07-07T22:58:29Z,,2.032,mm,
2014-07-07T22:59:23Z,,1.016,mm,
2014-07-07T22:59:59Z,,1.016,mm,
2014-07-07T23:00:50Z,,1.016,mm,
2014-07-07T23:02:51Z,,2.032,mm,
2014-07-07T23:06:07Z,,3.0479999999999996,mm,
2014-07-07T23:08:01Z,,2.032,mm,
2014-07-07T23:09:03Z,,1.016,mm,
2014-07-07T23:11:04Z,,2.032,mm,
2014-07-07T23:12:42Z,,1.016,mm,
2014-07-07T23:14:50Z,,1.016,mm,
2014-07-07T23:17:19Z,,1.016,mm,
2014-07-07T23:19:55Z,,1.016,mm,
2014-07-07T23:21:31Z,,1.016,mm,
2014-07-07T23:22:55Z,,1.016,mm,
2014-07-07T23:27:40Z,,1.016,mm,
2014-07-07T23:38:38Z,,1.016,mm,
2014-07-08T00:52:46Z,,3.0479999999999996,mm,
2014-07-08T03:56:31Z,,0.0,mm,
2014-07-08T15:53:38Z,,0.0,mm,
2014-07-09T03:50:45Z,,0.0,mm,
2014-07-09T15:47:53Z,,0.0,mm,
2014-07-10T03:45:00Z,,0.0,mm,
2014-07-10T15:42:07Z,,0.0,mm,
2014-07-11T03:39:15Z,,0.0,mm,
2014-07-11T15:36:22Z,,0.0,mm,
2014-07-12T03:33:29Z,,0.0,mm,
2014-07-12T15:30:37Z,,0.0,mm,
2014-07-13T03:27:44Z,,0.0,mm,
2014-07-13T05:48:41Z,,1.016,mm,
2014-07-13T06:02:41Z,,1.016,mm,
2014-07-13T06:15:28Z,,1.016,mm,
2014-07-13T06:39:08Z,,1.016,mm,
2014-07-13T06:41:22Z,,1.016,mm,
2014-07-13T06:45:10Z,,1.016,mm,
2014-07-13T06:47:40Z,,1.016,mm,
2014-07-13T07:01:04Z,,1.016,mm,
2014-07-13T07:07:49Z,,1.016,mm,
2014-07-13T07:12:45Z,,1.016,mm,
2014-07-13T07:21:13Z,,1.016,mm,
2014-07-13T07:41:33Z,,1.016,mm,
2014-07-14T03:21:59Z,,0.0,mm,
2014-07-14T10:22:09Z,,1.016,mm,
2014-07-14T11:37:22Z,,2.032,mm,
2014-07-14T12:50:44Z,,1.016,mm,
2014-07-14T15:19:06Z,,0.0,mm,
2014-07-15T03:16:13Z,,0.0,mm,
2014-07-15T15:13:21Z,,0.0,mm,
2014-07-16T03:10:28Z,,0.0,mm,
2014-07-16T15:07:35Z,,0.0,mm,
2014-07-17T03:04:43Z,,0.0,mm,
2014-07-17T15:01:50Z,,0.0,mm,
2014-07-18T02:58:57Z,,0.0,mm,
2014-07-18T14:56:05Z,,0.0,mm,
2014-07-19T02:53:12Z,,0.0,mm,
2014-07-19T14:50:19Z,,0.0,mm,
2014-07-20T02:47:27Z,,0.0,mm,
2014-07-20T14:44:34Z,,0.0,mm,
2014-07-21T02:41:41Z,,0.0,mm,
2014-07-21T14:38:48Z,,0.0,mm,
2014-07-22T02:35:56Z,,0.0,mm,
2014-07-22T14:33:03Z,,0.0,mm,
2014-07-23T02:30:11Z,,0.0,mm,
2014-07-23T14:27:18Z,,0.0,mm,
2014-07-24T02:24:25Z,,0.0,mm,
2014-07-24T14:21:33Z,,0.0,mm,
2014-07-25T02:18:40Z,,0.0,mm,
2014-07-25T14:15:47Z,,0.0,mm,
2014-07-26T02:12:55Z,,0.0,mm,
2014-07-26T14:10:02Z,,0.0,mm,
2014-07-27T02:07:09Z,,0.0,mm,
2014-07-27T14:04:17Z,,0.0,mm,
2014-07-28T02:01:24Z,,0.0,mm,
2014-07-28T13:58:31Z,,0.0,mm,
2014-07-29T01:55:39Z,,0.0,mm,
2014-07-29T13:52:46Z,,0.0,mm,
2014-07-30T01:49:53Z,,0.0,mm,
2014-07-30T13:47:01Z,,0.0,mm,
2014-07-31T01:44:08Z,,0.0,mm,
2014-07-31T13:41:15Z,,0.0,mm,
2014-08-01T01:38:23Z,,0.0,mm,
2014-08-01T13:35:30Z,,0.0,mm,
2014-08-02T01:32:37Z,,0.0,mm,
2014-08-02T13:29:45Z,,0.0,mm,
2014-08-03T01:26:52Z,,0.0,mm,
2014-08-03T07:22:00Z,,1.016,mm,
2014-08-03T07:33:27Z,,1.016,mm,
2014-08-03T07:45:17Z,,1.016,mm,
2014-08-03T07:52:01Z,,1.016,mm,
2014-08-03T08:05:03Z,,1.016,mm,
2014-08-03T08:14:23Z,,1.016,mm,
2014-08-03T08:22:06Z,,1.016,mm,
2014-08-03T09:11:30Z,,3.0479999999999996,mm,
2014-08-03T09:44:08Z,,1.016,mm,
2014-08-03T09:52:33Z,,1.016,mm,
2014-08-03T10:04:04Z,,1.016,mm,
2014-08-03T10:17:49Z,,1.016,mm,
2014-08-03T10:50:06Z,,1.016,mm,
2014-08-03T11:56:02Z,,1.016,mm,
2014-08-03T12:02:00Z,,1.016,mm,
2014-08-03T12:03:25Z,,1.016,mm,
2014-08-03T12:05:09Z,,1.016,mm,
2014-08-03T13:23:59Z,,0.0,mm,
2014-08-04T13:18:14Z,,0.0,mm,
2014-08-05T01:15:21Z,,0.0,mm,
2014-08-05T13:12:28Z,,0.0,mm,
2014-08-06T01:09:36Z,,0.0,mm,
2014-08-06T13:06:43Z,,0.0,mm,
2014-08-06T17:07:21Z,,2.032,mm,
2014-08-06T17:08:31Z,,2.032,mm,
2014-08-06T17:08:58Z,,1.016,mm,
2014-08-06T17:09:26Z,,1.016,mm,
2014-08-06T17:09:50Z,,1.016,mm,
2014-08-06T17:10:15Z,,1.016,mm,
2014-08-06T17:10:39Z,,1.016,mm,
2014-08-06T17:11:03Z,,1.016,mm,
2014-08-06T17:11:33Z,,1.016,mm,
2014-08-06T17:12:10Z,,1.016,mm,
2014-08-06T17:12:43Z,,1.016,mm,
2014-08-06T17:15:20Z,,4.064,mm,
2014-08-06T17:17:42Z,,2.032,mm,
2014-08-06T17:19:38Z,,1.016,mm,
2014-08-06T17:21:08Z,,1.016,mm,
2014-08-06T17:22:18Z,,1.016,mm,
2014-08-06T17:25:15Z,,1.016,mm,
2014-08-06T17:30:02Z,,1.016,mm,
2014-08-06T17:35:18Z,,1.016,mm,
2014-08-06T17:45:16Z,,1.016,mm,
2014-08-06T18:13:08Z,,1.016,mm,
2014-08-06T19:09:32Z,,3.0479999999999996,mm,
2014-08-06T19:45:40Z,,1.016,mm,
2014-08-06T20:26:22Z,,1.016,mm,
2014-08-06T20:57:40Z,,1.016,mm,
2014-08-06T21:34:51Z,,1.016,mm,
2014-08-06T21:57:40Z,,1.016,mm,
2014-08-06T21:58:50Z,,1.016,mm,
2014-08-06T21:59:44Z,,1.016,mm,
2014-08-06T22:01:14Z,,1.016,mm,
2014-08-06T22:02:22Z,,1.016,mm,
2014-08-06T22:03:23Z,,1.016,mm,
2014-08-06T22:04:35Z,,1.016,mm,
2014-08-06T22:06:04Z,,1.016,mm,
2014-08-06T22:07:51Z,,1.016,mm,
2014-08-06T22:08:53Z,,1.016,mm,
2014-08-06T22:11:05Z,,2.032,mm,
2014-08-06T22:12:49Z,,2.032,mm,
2014-08-06T22:14:49Z,,2.032,mm,
2014-08-06T22:15:49Z,,1.016,mm,
2014-08-06T22:18:56Z,,2.032,mm,
2014-08-06T22:23:31Z,,1.016,mm,
2014-08-06T22:33:48Z,,1.016,mm,
2014-08-06T22:47:29Z,,1.016,mm,
2014-08-06T23:00:30Z,,1.016,mm,
2014-08-06T23:16:23Z,,1.016,mm,
2014-08-06T23:38:55Z,,1.016,mm,
2014-08-06T23:41:57Z,,2.032,mm,
2014-08-06T23:43:04Z,,1.016,mm,
2014-08-06T23:44:29Z,,1.016,mm,
2014-08-07T00:01:12Z,,1.016,mm,
2014-08-07T00:07:41Z,,2.032,mm,
2014-08-07T00:12:46Z,,1.016,mm,
2014-08-07T00:36:54Z,,3.0479999999999996,mm,
2014-08-07T00:57:04Z,,1.016,mm,
2014-08-07T01:03:50Z,,0.0,mm,
2014-08-07T13:00:58Z,,0.0,mm,
2014-08-08T00:58:05Z,,0.0,mm,
2014-08-08T12:55:12Z,,0.0,mm,
2014-08-09T00:52:20Z,,0.0,mm,
2014-08-09T12:49:27Z,,0.0,mm,
2014-08-10T00:46:34Z,,0.0,mm,
2014-08-10T05:31:32Z,,1.016,mm,
2014-08-10T05:49:42Z,,1.016,mm,
2014-08-10T06:32:53Z,,3.0479999999999996,mm,
2014-08-10T06:52:47Z,,1.016,mm,
2014-08-10T07:22:09Z,,1.016,mm,
2014-08-10T12:43:41Z,,0.0,mm,
2014-08-11T00:40:49Z,,0.0,mm,
2014-08-11T12:37:56Z,,0.0,mm,
2014-08-12T00:35:03Z,,0.0,mm,
2014-08-12T12:32:11Z,,0.0,mm,
2014-08-13T12:26:25Z,,0.0,mm,
2014-08-14T00:23:33Z,,0.0,mm,
2014-08-14T12:20:40Z,,0.0,mm,
2014-08-15T00:17:48Z,,0.0,mm,
2014-08-15T12:14:55Z,,0.0,mm,
2014-08-16T00:12:02Z,,0.0,mm,
2014-08-16T01:04:52Z,,1.016,mm,
2014-08-16T01:06:16Z,,1.016,mm,
2014-08-16T01:07:02Z,,1.016,mm,
2014-08-16T01:09:47Z,,1.016,mm,
2014-08-16T01:25:13Z,,1.016,mm,
2014-08-16T01:29:03Z,,1.016,mm,
2014-08-16T12:09:09Z,,0.0,mm,
2014-08-17T00:06:17Z,,0.0,mm,
2014-08-17T12:03:24Z,,0.0,mm,
2014-08-18T00:00:31Z,,0.0,mm,
2014-08-18T11:57:39Z,,0.0,mm,
2014-08-19T11:51:53Z,,0.0,mm,
2014-08-19T23:49:01Z,,0.0,mm,
2014-08-20T11:46:08Z,,0.0,mm,
2014-08-20T23:43:16Z,,0.0,mm,
2014-08-21T11:40:23Z,,0.0,mm,
2014-08-21T23:37:30Z,,0.0,mm,
2014-08-22T11:34:38Z,,0.0,mm,
2014-08-22T23:31:45Z,,0.0,mm,
2014-08-23T11:28:52Z,,0.0,mm,
2014-08-23T23:26:00Z,,0.0,mm,
2014-08-24T11:23:07Z,,0.0,mm,
2014-08-24T23:20:15Z,,0.0,mm,
2014-08-25T11:17:22Z,,0.0,mm,
2014-08-25T23:14:30Z,,0.0,mm,
2014-08-26T11:11:37Z,,0.0,mm,
2014-08-26T23:08:44Z,,0.0,mm,
2014-08-27T11:05:52Z,,0.0,mm,
2014-08-27T23:02:59Z,,0.0,mm,
2014-08-28T11:00:06Z,,0.0,mm,
2014-08-28T22:57:14Z,,0.0,mm,
2014-08-29T10:54:21Z,,0.0,mm,
2014-08-29T12:15:32Z,,1.016,mm,
2014-08-29T19:53:17Z,,1.016,mm,
2014-08-29T19:56:17Z,,1.016,mm,
2014-08-29T19:59:40Z,,1.016,mm,
2014-08-29T20:17:12Z,,1.016,mm,
2014-08-29T22:30:03Z,,1.016,mm,
2014-08-29T22:51:28Z,,0.0,mm,
2014-08-30T10:48:35Z,,0.0,mm,
2014-08-30T22:45:43Z,,0.0,mm,
2014-08-31T10:42:50Z,,0.0,mm,
2014-08-31T22:18:10Z,,1.016,mm,
2014-08-31T22:19:01Z,,1.016,mm,
2014-08-31T22:19:45Z,,1.016,mm,
2014-08-31T22:20:27Z,,1.016,mm,
2014-08-31T22:21:28Z,,1.016,mm,
2014-08-31T22:22:14Z,,1.016,mm,
2014-08-31T22:23:06Z,,1.016,mm,
2014-08-31T22:24:06Z,,1.016,mm,
2014-08-31T22:25:06Z,,1.016,mm,
2014-08-31T22:26:38Z,,1.016,mm,
2014-08-31T22:29:53Z,,2.032,mm,
2014-08-31T22:38:33Z,,2.032,mm,
2014-08-31T22:39:58Z,,0.0,mm,
2014-08-31T22:57:30Z,,1.016,mm,
2014-08-31T23:28:20Z,,1.016,mm,
2014-09-01T00:04:40Z,,1.016,mm,
2014-09-01T00:48:14Z,,2.032,mm,
2014-09-01T00:58:10Z,,1.016,mm,
2014-09-01T01:09:57Z,,1.016,mm,
2014-09-01T01:19:21Z,,1.016,mm,
2014-09-01T01:28:18Z,,1.016,mm,
2014-09-01T01:41:39Z,,1.016,mm,
2014-09-01T01:53:13Z,,1.016,mm,
2014-09-01T02:06:27Z,,1.016,mm,
2014-09-01T02:24:22Z,,1.016,mm,
2014-09-01T02:35:06Z,,1.016,mm,
2014-09-01T02:44:15Z,,1.016,mm,
2014-09-01T02:52:02Z,,1.016,mm,
2014-09-01T03:39:24Z,,4.064,mm,
2014-09-01T10:37:05Z,,1.016,mm,
2014-09-01T21:00:06Z,,1.016,mm,
2014-09-01T21:12:43Z,,1.016,mm,
2014-09-01T21:14:56Z,,1.016,mm,
2014-09-01T21:18:30Z,,1.016,mm,
2014-09-01T21:22:15Z,,2.032,mm,
2014-09-01T21:23:56Z,,1.016,mm,
2014-09-01T21:25:46Z,,1.016,mm,
2014-09-01T21:26:56Z,,1.016,mm,
2014-09-01T21:28:24Z,,1.016,mm,
2014-09-01T22:34:12Z,,0.0,mm,
2014-09-02T10:31:19Z,,0.0,mm,
2014-09-02T22:28:27Z,,0.0,mm,
2014-09-03T06:40:59Z,,1.016,mm,
2014-09-03T06:45:10Z,,1.016,mm,
2014-09-03T07:57:03Z,,1.016,mm,
2014-09-03T08:10:02Z,,1.016,mm,
2014-09-03T08:14:59Z,,1.016,mm,
2014-09-03T08:17:33Z,,1.016,mm,
2014-09-03T08:23:50Z,,1.016,mm,
2014-09-03T08:41:00Z,,1.016,mm,
2014-09-03T08:48:50Z,,1.016,mm,
2014-09-03T09:33:13Z,,1.016,mm,
2014-09-03T09:59:43Z,,1.016,mm,
2014-09-03T10:25:34Z,,0.0,mm,
2014-09-03T22:22:41Z,,0.0,mm,
2014-09-04T10:19:49Z,,0.0,mm,
2014-09-04T22:16:56Z,,0.0,mm,
2014-09-05T10:14:03Z,,0.0,mm,
2014-09-05T16:14:56Z,,1.016,mm,
2014-09-05T16:19:37Z,,1.016,mm,
2014-09-05T16:26:26Z,,1.016,mm,
2014-09-05T17:05:27Z,,1.016,mm,
2014-09-05T17:28:52Z,,1.016,mm,
2014-09-05T22:11:11Z,,0.0,mm,
2014-09-06T10:08:18Z,,0.0,mm,
2014-09-07T10:02:33Z,,0.0,mm,
2014-09-07T21:59:40Z,,0.0,mm,
2014-09-08T09:56:47Z,,0.0,mm,
2014-09-08T21:53:55Z,,0.0,mm,
2014-09-09T09:51:02Z,,0.0,mm,
2014-09-09T21:48:09Z,,0.0,mm,
2014-09-10T00:53:44Z,,1.016,mm,
2014-09-10T02:09:08Z,,1.016,mm,
2014-09-10T02:19:11Z,,1.016,mm,
2014-09-10T02:24:10Z,,1.016,mm,
2014-09-10T02:41:55Z,,1.016,mm,
2014-09-10T02:52:00Z,,1.016,mm,
2014-09-10T03:02:05Z,,1.016,mm,
2014-09-10T03:29:44Z,,1.016,mm,
2014-09-10T03:37:06Z,,1.016,mm,
2014-09-10T04:02:57Z,,1.016,mm,
2014-09-10T09:45:17Z,,0.0,mm,
2014-09-10T21:42:24Z,,0.0,mm,
2014-09-11T06:18:38Z,,1.016,mm,
2014-09-11T09:39:31Z,,0.0,mm,
2014-09-11T21:36:39Z,,0.0,mm,
2014-09-12T09:33:46Z,,0.0,mm,
2014-09-12T21:30:54Z,,0.0,mm,
2014-09-13T09:28:02Z,,0.0,mm,
2014-09-13T21:25:09Z,,0.0,mm,
2014-09-14T09:22:16Z,,0.0,mm,
2014-09-14T21:19:24Z,,0.0,mm,
2014-09-15T09:16:31Z,,0.0,mm,
2014-09-15T21:13:38Z,,0.0,mm,
2014-09-16T09:10:46Z,,0.0,mm,
2014-09-16T21:07:53Z,,0.0,mm,
2014-09-17T05:25:56Z,,1.016,mm,
2014-09-17T08:06:38Z,,1.016,mm,
2014-09-17T09:05:00Z,,0.0,mm,
2014-09-17T21:02:08Z,,0.0,mm,
2014-09-18T08:59:15Z,,0.0,mm,
2014-09-18T20:56:22Z,,0.0,mm,
2014-09-19T08:53:30Z,,0.0,mm,
2014-09-19T20:50:37Z,,0.0,mm,
2014-09-20T08:47:44Z,,0.0,mm,
2014-09-20T20:44:52Z,,0.0,mm,
2014-09-21T08:41:59Z,,0.0,mm,
2014-09-21T20:39:06Z,,0.0,mm,
2014-09-22T08:36:14Z,,0.0,mm,
2014-09-22T20:33:21Z,,0.0,mm,
2014-09-23T08:30:29Z,,0.0,mm,
2014-09-23T20:27:36Z,,0.0,mm,
2014-09-24T07:10:27Z,,1.016,mm,
2014-09-24T07:59:21Z,,1.016,mm,
2014-09-24T08:24:43Z,,0.0,mm,
2014-09-24T20:21:51Z,,0.0,mm,
2014-09-25T08:18:58Z,,0.0,mm,
2014-09-25T20:16:05Z,,0.0,mm,
2014-09-26T08:13:13Z,,0.0,mm,
2014-09-26T08:17:00Z,,1.016,mm,
2014-09-26T20:10:20Z,,0.0,mm,
2014-09-27T08:07:27Z,,0.0,mm,
2014-09-27T20:04:35Z,,0.0,mm,
2014-09-28T08:01:42Z,,0.0,mm,
2014-09-28T19:58:49Z,,0.0,mm,
2014-09-29T07:55:57Z,,0.0,mm,
2014-09-29T19:53:04Z,,0.0,mm,
2014-09-30T07:50:12Z,,0.0,mm,
2014-09-30T19:47:19Z,,0.0,mm,
2014-10-01T05:47:10Z,,1.016,mm,
2014-10-01T05:48:14Z,,1.016,mm,
2014-10-01T05:48:36Z,,1.016,mm,
2014-10-01T05:49:00Z,,1.016,mm,
2014-10-01T05:49:54Z,,2.032,mm,
2014-10-01T05:51:22Z,,1.016,mm,
2014-10-01T06:10:20Z,,1.016,mm,
2014-10-01T07:44:26Z,,0.0,mm,
2014-10-01T08:57:04Z,,1.016,mm,
2014-10-01T09:23:20Z,,1.016,mm,
2014-10-01T09:34:43Z,,1.016,mm,
2014-10-01T09:36:21Z,,1.016,mm,
2014-10-01T09:41:36Z,,1.016,mm,
2014-10-01T09:48:22Z,,1.016,mm,
2014-10-01T09:50:25Z,,1.016,mm,
2014-10-01T10:54:45Z,,1.016,mm,
2014-10-01T10:57:11Z,,1.016,mm,
2014-10-01T19:41:33Z,,0.0,mm,
2014-10-01T21:24:38Z,,1.016,mm,
2014-10-01T21:51:47Z,,1.016,mm,
2014-10-01T21:55:03Z,,1.016,mm,
2014-10-01T21:59:49Z,,1.016,mm,
2014-10-01T22:03:52Z,,1.016,mm,
2014-10-01T22:06:40Z,,1.016,mm,
2014-10-01T22:08:45Z,,1.016,mm,
2014-10-01T22:11:54Z,,1.016,mm,
2014-10-01T23:19:49Z,,1.016,mm,
2014-10-01T23:29:47Z,,2.032,mm,
2014-10-01T23:59:51Z,,1.016,mm,
2014-10-02T00:22:02Z,,1.016,mm,
2014-10-02T01:52:50Z,,1.016,mm,
2014-10-02T07:38:41Z,,0.0,mm,
2014-10-02T08:40:18Z,,1.016,mm,
2014-10-02T08:42:16Z,,1.016,mm,
2014-10-02T08:43:44Z,,1.016,mm,
2014-10-02T08:45:16Z,,1.016,mm,
2014-10-02T08:46:07Z,,1.016,mm,
2014-10-02T08:46:47Z,,1.016,mm,
2014-10-02T08:47:23Z,,1.016,mm,
2014-10-02T08:48:11Z,,1.016,mm,
2014-10-02T08:49:00Z,,1.016,mm,
2014-10-02T08:49:51Z,,1.016,mm,
2014-10-02T08:50:38Z,,1.016,mm,
2014-10-02T08:51:42Z,,1.016,mm,
2014-10-02T08:53:48Z,,1.016,mm,
2014-10-02T09:00:53Z,,2.032,mm,
2014-10-02T09:03:17Z,,1.016,mm,
2014-10-02T09:05:05Z,,1.016,mm,
2014-10-02T09:07:45Z,,1.016,mm,
2014-10-02T09:12:17Z,,2.032,mm,
2014-10-02T09:13:22Z,,1.016,mm,
2014-10-02T09:14:12Z,,1.016,mm,
2014-10-02T09:14:56Z,,1.016,mm,
2014-10-02T09:19:09Z,,2.032,mm,
2014-10-02T09:33:54Z,,1.016,mm,
2014-10-02T09:57:38Z,,2.032,mm,
2014-10-02T11:15:40Z,,1.016,mm,
2014-10-02T11:16:45Z,,1.016,mm,
2014-10-02T11:17:33Z,,1.016,mm,
2014-10-02T11:19:15Z,,1.016,mm,
2014-10-02T11:20:00Z,,1.016,mm,
2014-10-02T11:20:37Z,,1.016,mm,
2014-10-02T11:21:07Z,,1.016,mm,
2014-10-02T11:22:23Z,,2.032,mm,
2014-10-02T11:23:16Z,,1.016,mm,
2014-10-02T11:24:04Z,,1.016,mm,
2014-10-02T11:28:50Z,,3.0479999999999996,mm,
2014-10-02T11:32:29Z,,2.032,mm,
2014-10-02T11:38:58Z,,3.0479999999999996,mm,
2014-10-02T11:40:09Z,,1.016,mm,
2014-10-02T11:42:37Z,,2.032,mm,
2014-10-02T11:43:56Z,,1.016,mm,
2014-10-02T11:46:13Z,,1.016,mm,
2014-10-02T11:49:23Z,,1.016,mm,
2014-10-02T11:54:23Z,,1.016,mm,
2014-10-02T12:00:12Z,,1.016,mm,
2014-10-02T12:10:48Z,,1.016,mm,
2014-10-02T19:35:48Z,,0.0,mm,
2014-10-03T07:32:55Z,,0.0,mm,
2014-10-03T10:03:39Z,,1.016,mm,
2014-10-03T19:30:03Z,,0.0,mm,
2014-10-04T07:27:10Z,,0.0,mm,
2014-10-04T19:24:18Z,,0.0,mm,
2014-10-05T07:21:25Z,,0.0,mm,
2014-10-05T19:18:33Z,,0.0,mm,
2014-10-05T22:53:29Z,,2.032,mm,
2014-10-05T22:58:15Z,,1.016,mm,
2014-10-06T07:15:40Z,,0.0,mm,
2014-10-06T19:12:48Z,,0.0,mm,
2014-10-06T22:02:15Z,,1.016,mm,
2014-10-06T22:43:56Z,,1.016,mm,
2014-10-07T07:09:55Z,,0.0,mm,
2014-10-07T19:07:02Z,,0.0,mm,
2014-10-08T07:04:10Z,,0.0,mm,
2014-10-08T19:01:17Z,,0.0,mm,
2014-10-09T00:39:01Z,,1.016,mm,
2014-10-09T00:43:07Z,,1.016,mm,
2014-10-09T06:50:50Z,,1.016,mm,
2014-10-09T06:58:25Z,,0.0,mm,
2014-10-09T07:09:31Z,,1.016,mm,
2014-10-09T07:12:49Z,,1.016,mm,
2014-10-09T07:13:45Z,,1.016,mm,
2014-10-09T07:15:43Z,,1.016,mm,
2014-10-09T07:22:19Z,,3.0479999999999996,mm,
2014-10-09T07:23:16Z,,1.016,mm,
2014-10-09T07:24:10Z,,1.016,mm,
2014-10-09T07:25:43Z,,1.016,mm,
2014-10-09T07:26:36Z,,1.016,mm,
2014-10-09T07:28:16Z,,1.016,mm,
2014-10-09T07:30:53Z,,1.016,mm,
2014-10-09T07:32:13Z,,1.016,mm,
2014-10-09T07:32:51Z,,1.016,mm,
2014-10-09T07:33:27Z,,1.016,mm,
2014-10-09T07:34:12Z,,1.016,mm,
2014-10-09T07:36:51Z,,2.032,mm,
2014-10-09T07:40:32Z,,1.016,mm,
2014-10-09T07:51:08Z,,1.016,mm,
2014-10-09T08:03:05Z,,1.016,mm,
2014-10-09T08:55:13Z,,1.016,mm,
2014-10-09T08:58:27Z,,1.016,mm,
2014-10-09T09:01:37Z,,1.016,mm,
2014-10-09T09:06:07Z,,1.016,mm,
2014-10-09T09:22:36Z,,1.016,mm,
2014-10-09T09:57:50Z,,1.016,mm,
2014-10-09T18:55:13Z,,1.016,mm,
2014-10-09T18:55:36Z,,0.0,mm,
2014-10-09T19:06:16Z,,1.016,mm,
2014-10-09T19:20:32Z,,3.0479999999999996,mm,
2014-10-09T19:36:28Z,,1.016,mm,
2014-10-09T19:49:30Z,,1.016,mm,
2014-10-09T20:28:01Z,,1.016,mm,
2014-10-09T21:07:03Z,,1.016,mm,
2014-10-09T21:19:53Z,,1.016,mm,
2014-10-09T21:38:13Z,,1.016,mm,
2014-10-09T21:56:01Z,,1.016,mm,
2014-10-09T22:19:56Z,,1.016,mm,
2014-10-09T22:43:28Z,,1.016,mm,
2014-10-09T22:54:20Z,,1.016,mm,
2014-10-09T23:06:18Z,,1.016,mm,
2014-10-09T23:18:17Z,,1.016,mm,
2014-10-09T23:25:25Z,,1.016,mm,
2014-10-09T23:30:15Z,,1.016,mm,
2014-10-09T23:35:56Z,,1.016,mm,
2014-10-09T23:48:03Z,,1.016,mm,
2014-10-09T23:54:25Z,,1.016,mm,
2014-10-10T00:02:50Z,,1.016,mm,
2014-10-10T00:11:45Z,,1.016,mm,
2014-10-10T00:21:30Z,,1.016,mm,
2014-10-10T00:31:44Z,,1.016,mm,
2014-10-10T00:40:37Z,,1.016,mm,
2014-10-10T00:51:44Z,,1.016,mm,
2014-10-10T01:16:36Z,,1.016,mm,
2014-10-10T06:52:39Z,,0.0,mm,
2014-10-10T13:04:05Z,,1.016,mm,
2014-10-10T18:49:47Z,,0.0,mm,
2014-10-11T06:46:54Z,,0.0,mm,
2014-10-11T18:44:02Z,,0.0,mm,
2014-10-12T06:41:09Z,,0.0,mm,
2014-10-12T18:38:17Z,,0.0,mm,
2014-10-13T05:51:26Z,,1.016,mm,
2014-10-13T06:35:24Z,,0.0,mm,
2014-10-13T06:39:47Z,,1.016,mm,
2014-10-13T06:59:48Z,,1.016,mm,
2014-10-13T07:30:46Z,,1.016,mm,
2014-10-13T08:09:13Z,,2.032,mm,
2014-10-13T08:23:20Z,,1.016,mm,
2014-10-13T08:33:01Z,,1.016,mm,
2014-10-13T08:40:19Z,,1.016,mm,
2014-10-13T08:57:47Z,,1.016,mm,
2014-10-13T09:15:01Z,,1.016,mm,
2014-10-13T10:20:38Z,,1.016,mm,
2014-10-13T11:32:17Z,,1.016,mm,
2014-10-13T11:40:40Z,,1.016,mm,
2014-10-13T11:48:56Z,,1.016,mm,
2014-10-13T12:01:38Z,,1.016,mm,
2014-10-13T12:27:56Z,,1.016,mm,
2014-10-13T13:01:35Z,,1.016,mm,
2014-10-13T13:30:57Z,,1.016,mm,
2014-10-13T14:06:53Z,,1.016,mm,
2014-10-13T14:50:38Z,,1.016,mm,
2014-10-13T15:16:59Z,,1.016,mm,
2014-10-13T16:29:55Z,,1.016,mm,
2014-10-13T17:25:02Z,,1.016,mm,
2014-10-13T17:45:49Z,,1.016,mm,
2014-10-13T17:57:07Z,,1.016,mm,
2014-10-13T18:31:40Z,,1.016,mm,
2014-10-13T18:32:31Z,,0.0,mm,
2014-10-13T18:58:33Z,,1.016,mm,
2014-10-13T19:17:43Z,,1.016,mm,
2014-10-13T19:40:22Z,,1.016,mm,
2014-10-13T20:01:01Z,,1.016,mm,
2014-10-13T20:29:43Z,,1.016,mm,
2014-10-13T21:08:53Z,,1.016,mm,
2014-10-13T22:34:07Z,,1.016,mm,
2014-10-14T06:29:39Z,,0.0,mm,
2014-10-14T18:26:46Z,,0.0,mm,
2014-10-15T06:23:54Z,,0.0,mm,
2014-10-15T18:21:01Z,,0.0,mm,
2014-10-16T06:18:09Z,,0.0,mm,
2014-10-16T18:15:16Z,,0.0,mm,
2014-10-17T06:12:24Z,,0.0,mm,
2014-10-17T18:09:31Z,,0.0,mm,
2014-10-18T06:06:39Z,,0.0,mm,
2014-10-18T18:03:46Z,,0.0,mm,
2014-10-19T06:00:54Z,,0.0,mm,
2014-10-19T17:58:01Z,,0.0,mm,
2014-10-20T05:55:09Z,,0.0,mm,
2014-10-20T17:52:16Z,,0.0,mm,
2014-10-21T05:49:23Z,,0.0,mm,
2014-10-21T17:46:31Z,,0.0,mm,
2014-10-22T05:43:38Z,,0.0,mm,
2014-10-22T17:40:46Z,,0.0,mm,
2014-10-23T04:08:14Z,,1.016,mm,
2014-10-23T04:24:25Z,,1.016,mm,
2014-10-23T04:40:45Z,,1.016,mm,
2014-10-23T05:29:01Z,,1.016,mm,
2014-10-23T05:37:53Z,,0.0,mm,
2014-10-23T17:35:00Z,,0.0,mm,
2014-10-24T05:32:08Z,,0.0,mm,
2014-10-24T17:29:15Z,,0.0,mm,
2014-10-25T05:26:22Z,,0.0,mm,
2014-10-25T08:50:57Z,,1.016,mm,
2014-10-25T17:23:30Z,,0.0,mm,
2014-10-26T05:20:37Z,,0.0,mm,
2014-10-26T17:17:45Z,,0.0,mm,
2014-10-27T05:14:52Z,,0.0,mm,
2014-10-27T17:11:59Z,,0.0,mm,
2014-10-28T05:09:07Z,,0.0,mm,
2014-10-28T17:06:14Z,,0.0,mm,
2014-10-29T05:03:22Z,,0.0,mm,
2014-10-29T17:00:29Z,,0.0,mm,
2014-10-30T04:57:37Z,,0.0,mm,
2014-10-30T16:54:44Z,,0.0,mm,
2014-10-31T04:51:52Z,,0.0,mm,
2014-10-31T16:48:59Z,,0.0,mm,
2014-11-01T04:46:07Z,,0.0,mm,
2014-11-01T16:43:15Z,,0.0,mm,
2014-11-02T03:40:23Z,,0.0,mm,
2014-11-02T15:37:30Z,,0.0,mm,
2014-11-03T03:34:37Z,,0.0,mm,
2014-11-03T15:31:45Z,,0.0,mm,
2014-11-03T23:10:09Z,,2.032,mm,
2014-11-04T03:28:52Z,,0.0,mm,
2014-11-04T15:26:00Z,,0.0,mm,
2014-11-05T03:23:08Z,,0.0,mm,
2014-11-05T15:20:15Z,,0.0,mm,
2014-11-06T03:17:23Z,,0.0,mm,
2014-11-06T15:14:30Z,,0.0,mm,
2014-11-07T03:11:38Z,,0.0,mm,
2014-11-07T15:08:46Z,,0.0,mm,
2014-11-08T03:05:53Z,,0.0,mm,
2014-11-08T15:03:00Z,,0.0,mm,
2014-11-09T03:00:08Z,,0.0,mm,
2014-11-09T14:57:16Z,,0.0,mm,
2014-11-10T02:54:23Z,,0.0,mm,
2014-11-10T14:51:31Z,,0.0,mm,
2014-11-11T02:48:38Z,,0.0,mm,
2014-11-11T14:45:46Z,,0.0,mm,
2014-11-12T02:42:55Z,,0.0,mm,
2014-11-12T14:40:03Z,,0.0,mm,
2014-11-13T14:34:19Z,,0.0,mm,
2014-11-14T14:28:36Z,,0.0,mm,
2014-11-15T02:25:44Z,,0.0,mm,
2014-11-15T14:22:53Z,,0.0,mm,
2014-11-16T02:20:01Z,,0.0,mm,
2014-11-17T14:11:26Z,,0.0,mm,
2014-11-18T14:05:43Z,,0.0,mm,
2014-11-19T02:02:51Z,,0.0,mm,
2014-11-19T13:59:59Z,,0.0,mm,
2014-11-20T13:54:15Z,,0.0,mm,
2014-11-21T13:48:31Z,,0.0,mm,
2014-11-21T13:57:50Z,,1.016,mm,
2014-11-21T14:11:03Z,,1.016,mm,
2014-11-21T16:33:32Z,,1.016,mm,
2014-11-21T16:36:06Z,,1.016,mm,
2014-11-22T01:45:39Z,,0.0,mm,
2014-11-22T03:23:51Z,,1.016,mm,
2014-11-22T13:42:47Z,,0.0,mm,
2014-11-23T01:39:54Z,,0.0,mm,
2014-11-23T10:37:25Z,,1.016,mm,
2014-11-23T13:37:02Z,,0.0,mm,
2014-11-23T13:41:42Z,,1.016,mm,
2014-11-23T14:50:39Z,,1.016,mm,
2014-11-23T15:02:04Z,,1.016,mm,
2014-11-23T16:50:36Z,,1.016,mm,
2014-11-23T17:07:08Z,,1.016,mm,
2014-11-23T18:14:19Z,,1.016,mm,
2014-11-23T19:05:45Z,,1.016,mm,
2014-11-23T19:52:14Z,,1.016,mm,
2014-11-23T20:30:58Z,,1.016,mm,
2014-11-24T01:34:09Z,,0.0,mm,
2014-11-24T07:51:34Z,,1.016,mm,
2014-11-24T07:52:15Z,,1.016,mm,
2014-11-24T07:52:56Z,,1.016,mm,
2014-11-24T07:53:38Z,,1.016,mm,
2014-11-24T07:54:19Z,,1.016,mm,
2014-11-24T07:54:43Z,,1.016,mm,
2014-11-25T05:17:17Z,,0.0,mm,
2014-11-25T17:15:22Z,,0.0,mm,
2014-11-26T03:56:43Z,,1.016,mm,
2014-11-26T05:13:29Z,,0.0,mm,
2014-11-26T17:11:35Z,,1.016,mm,
2014-11-27T05:09:41Z,,0.0,mm,
2014-11-27T17:07:47Z,,0.0,mm,
2014-11-28T05:05:53Z,,0.0,mm,
2014-11-28T17:03:59Z,,0.0,mm,
2014-11-29T05:02:05Z,,0.0,mm,
2014-11-29T17:00:10Z,,0.0,mm,
2014-11-30T04:58:16Z,,0.0,mm,
2014-11-30T16:56:22Z,,0.0,mm,
2014-12-01T16:52:35Z,,0.0,mm,
2014-12-02T16:48:48Z,,0.0,mm,
2014-12-03T04:46:54Z,,0.0,mm,
2014-12-03T16:45:00Z,,0.0,mm,
2014-12-04T04:43:06Z,,0.0,mm,
2014-12-04T16:41:12Z,,0.0,mm,
2014-12-05T02:13:06Z,,1.016,mm,
2014-12-05T02:28:08Z,,1.016,mm,
2014-12-05T02:47:46Z,,1.016,mm,
2014-12-05T03:00:45Z,,1.016,mm,
2014-12-05T03:17:25Z,,1.016,mm,
2014-12-05T03:32:58Z,,1.016,mm,
2014-12-05T03:57:56Z,,1.016,mm,
2014-12-05T04:30:58Z,,1.016,mm,
2014-12-05T04:39:18Z,,0.0,mm,
2014-12-05T04:55:49Z,,1.016,mm,
2014-12-05T05:17:23Z,,1.016,mm,
2014-12-05T05:35:29Z,,1.016,mm,
2014-12-05T05:51:19Z,,1.016,mm,
2014-12-05T06:08:49Z,,1.016,mm,
2014-12-05T06:26:48Z,,1.016,mm,
2014-12-05T06:44:59Z,,1.016,mm,
2014-12-05T07:04:02Z,,1.016,mm,
2014-12-05T07:43:06Z,,1.016,mm,
2014-12-05T08:08:28Z,,1.016,mm,
2014-12-05T09:13:17Z,,1.016,mm,
2014-12-05T11:47:06Z,,1.016,mm,
2014-12-05T14:43:48Z,,1.016,mm,
2014-12-05T16:37:24Z,,0.0,mm,
2014-12-06T04:35:30Z,,0.0,mm,
2014-12-06T16:33:36Z,,0.0,mm,
2014-12-07T04:31:42Z,,0.0,mm,
2014-12-07T16:29:48Z,,0.0,mm,
2014-12-07T17:54:45Z,,1.016,mm,
2014-12-08T04:27:54Z,,0.0,mm,
2014-12-08T16:26:00Z,,0.0,mm,
2014-12-09T04:24:06Z,,0.0,mm,
2014-12-09T16:22:12Z,,0.0,mm,
2014-12-10T04:20:18Z,,0.0,mm,
2014-12-10T16:18:25Z,,0.0,mm,
2014-12-11T03:09:56Z,,1.016,mm,
2014-12-11T04:16:31Z,,0.0,mm,
2014-12-11T16:14:37Z,,0.0,mm,
2014-12-12T04:12:43Z,,0.0,mm,
2014-12-12T16:10:49Z,,0.0,mm,
2014-12-13T04:08:54Z,,0.0,mm,
2014-12-14T10:02:30Z,,0.0,mm,
2014-12-14T20:11:06Z,,1.016,mm,
2014-12-14T20:23:27Z,,1.016,mm,
2014-12-14T20:33:18Z,,1.016,mm,
2014-12-14T20:42:27Z,,1.016,mm,
2014-12-14T20:49:52Z,,1.016,mm,
2014-12-14T21:14:08Z,,3.0479999999999996,mm,
2014-12-14T21:25:38Z,,1.016,mm,
2014-12-14T21:49:21Z,,1.016,mm,
2014-12-14T22:00:36Z,,0.0,mm,
2014-12-14T22:06:45Z,,1.016,mm,
2014-12-14T22:16:15Z,,1.016,mm,
2014-12-14T22:25:30Z,,1.016,mm,
2014-12-14T22:27:37Z,,1.016,mm,
2014-12-14T22:29:59Z,,1.016,mm,
2014-12-14T22:34:45Z,,1.016,mm,
2014-12-14T22:48:54Z,,1.016,mm,
2014-12-14T23:15:09Z,,2.032,mm,
2014-12-14T23:30:59Z,,1.016,mm,
2014-12-15T03:51:27Z,,1.016,mm,
2014-12-15T08:28:18Z,,1.016,mm,
2014-12-15T09:58:41Z,,0.0,mm,
2014-12-15T21:56:47Z,,0.0,mm,
2014-12-16T09:54:53Z,,0.0,mm,
2014-12-16T21:53:00Z,,0.0,mm,
2014-12-17T09:51:06Z,,0.0,mm,
2014-12-17T21:49:12Z,,0.0,mm,
2014-12-18T09:47:19Z,,0.0,mm,
2014-12-18T15:42:23Z,,1.016,mm,
2014-12-18T19:34:18Z,,1.016,mm,
2014-12-18T21:45:25Z,,0.0,mm,
2014-12-19T09:43:31Z,,0.0,mm,
2014-12-19T21:41:37Z,,0.0,mm,
2014-12-20T09:01:12Z,,1.016,mm,
2014-12-20T09:39:43Z,,0.0,mm,
2014-12-20T10:01:30Z,,1.016,mm,
2014-12-20T10:32:53Z,,1.016,mm,
2014-12-20T10:58:18Z,,1.016,mm,
2014-12-20T21:37:49Z,,0.0,mm,
2014-12-21T09:35:55Z,,0.0,mm,
2014-12-21T21:34:01Z,,0.0,mm,
2014-12-22T05:18:26Z,,1.016,mm,
2014-12-22T09:37:36Z,,1.016,mm,
2014-12-22T10:53:12Z,,1.016,mm,
2014-12-22T16:51:01Z,,1.016,mm,
2014-12-22T21:30:13Z,,0.0,mm,
2014-12-23T09:28:19Z,,0.0,mm,
2014-12-23T21:26:25Z,,0.0,mm,
2014-12-24T03:37:14Z,,1.016,mm,
2014-12-24T04:43:05Z,,1.016,mm,
2014-12-24T06:19:39Z,,1.016,mm,
2014-12-24T09:24:31Z,,0.0,mm,
2014-12-24T21:22:37Z,,0.0,mm,
2014-12-25T09:20:43Z,,0.0,mm,
2014-12-25T21:18:49Z,,0.0,mm,
2014-12-26T09:16:55Z,,0.0,mm,
2014-12-26T21:15:01Z,,0.0,mm,
2014-12-27T09:13:07Z,,0.0,mm,
2014-12-27T21:11:13Z,,0.0,mm,
2014-12-28T21:07:26Z,,0.0,mm,
2014-12-29T21:03:38Z,,0.0,mm,
2015-01-02T08:50:25Z,,0.0,mm,
2015-01-02T20:48:31Z,,0.0,mm,
2015-01-03T08:46:37Z,,0.0,mm,
2015-01-03T20:44:43Z,,0.0,mm,
2015-01-05T20:37:10Z,,0.0,mm,
2015-01-06T20:33:23Z,,0.0,mm,
2015-01-08T20:25:51Z,,0.0,mm,
2015-01-10T20:18:17Z,,0.0,mm,
2015-01-11T20:14:30Z,,0.0,mm,
2015-01-13T20:06:56Z,,0.0,mm,
2015-01-14T20:03:08Z,,0.0,mm,
2015-01-15T19:59:21Z,,0.0,mm,
2015-01-16T19:55:33Z,,0.0,mm,
2015-01-17T07:53:39Z,,0.0,mm,
2015-01-17T19:51:44Z,,0.0,mm,
2015-01-18T07:49:50Z,,0.0,mm,
2015-01-18T19:47:56Z,,0.0,mm,
2015-01-19T07:46:02Z,,0.0,mm,
2015-01-19T19:44:08Z,,0.0,mm,
2015-01-20T07:42:14Z,,0.0,mm,
2015-01-20T19:40:20Z,,0.0,mm,
2015-01-21T07:38:26Z,,0.0,mm,
2015-01-21T19:36:32Z,,0.0,mm,
2015-01-22T07:34:38Z,,0.0,mm,
2015-01-23T19:28:56Z,,0.0,mm,
2015-01-24T07:27:02Z,,0.0,mm,
2015-01-24T19:25:08Z,,0.0,mm,
2015-01-24T22:00:59Z,,1.016,mm,
2015-01-25T01:09:33Z,,1.016,mm,
2015-01-25T07:23:14Z,,0.0,mm,
2015-01-25T19:21:20Z,,0.0,mm,
2015-01-26T19:17:32Z,,0.0,mm,
2015-01-27T07:15:38Z,,0.0,mm,
2015-01-27T19:13:44Z,,0.0,mm,
2015-01-28T07:11:50Z,,0.0,mm,
2015-01-28T19:09:55Z,,0.0,mm,
2015-01-29T07:08:01Z,,0.0,mm,
2015-01-29T19:06:07Z,,0.0,mm,
2015-01-30T19:02:19Z,,0.0,mm,
2015-01-31T05:02:56Z,,1.016,mm,
2015-01-31T06:25:23Z,,1.016,mm,
2015-01-31T07:00:25Z,,0.0,mm,
2015-01-31T07:34:14Z,,1.016,mm,
2015-01-31T08:15:27Z,,1.016,mm,
2015-01-31T08:35:55Z,,1.016,mm,
2015-01-31T09:00:39Z,,1.016,mm,
2015-01-31T09:26:36Z,,1.016,mm,
2015-01-31T10:00:12Z,,1.016,mm,
2015-01-31T12:00:22Z,,1.016,mm,
2015-01-31T12:50:02Z,,1.016,mm,
2015-01-31T13:35:57Z,,1.016,mm,
2015-01-31T14:26:03Z,,1.016,mm,
2015-01-31T15:08:52Z,,1.016,mm,
2015-01-31T15:43:24Z,,1.016,mm,
2015-01-31T16:42:30Z,,1.016,mm,
2015-01-31T17:58:29Z,,2.032,mm,
2015-01-31T18:27:36Z,,1.016,mm,
2015-01-31T18:49:20Z,,1.016,mm,
2015-01-31T18:58:31Z,,0.0,mm,
2015-01-31T19:09:27Z,,1.016,mm,
2015-01-31T19:54:43Z,,1.016,mm,
2015-01-31T20:23:29Z,,1.016,mm,
2015-01-31T20:53:36Z,,1.016,mm,
2015-01-31T21:37:40Z,,1.016,mm,
2015-02-01T06:56:37Z,,0.0,mm,
2015-02-01T18:54:43Z,,0.0,mm,
2015-02-02T06:52:50Z,,0.0,mm,
2015-02-02T13:17:19Z,,1.016,mm,
2015-02-02T18:50:57Z,,1.016,mm,
2015-02-03T06:49:03Z,,0.0,mm,
2015-02-03T11:29:38Z,,1.016,mm,
2015-02-03T12:00:55Z,,1.016,mm,
2015-02-03T12:26:41Z,,1.016,mm,
2015-02-03T12:41:57Z,,1.016,mm,
2015-02-03T12:51:44Z,,1.016,mm,
2015-02-03T13:03:04Z,,1.016,mm,
2015-02-03T13:16:52Z,,1.016,mm,
2015-02-03T13:25:15Z,,1.016,mm,
2015-02-03T13:38:41Z,,1.016,mm,
2015-02-03T13:51:22Z,,1.016,mm,
2015-02-03T14:14:00Z,,1.016,mm,
2015-02-03T18:47:09Z,,0.0,mm,
2015-02-04T06:45:15Z,,0.0,mm,
2015-02-05T14:31:19Z,,0.0,mm,
2015-02-05T14:31:56Z,,1.016,mm,
2015-02-05T14:32:39Z,,1.016,mm,
2015-02-05T14:33:22Z,,1.016,mm,
2015-02-05T14:34:05Z,,1.016,mm,
2015-02-05T14:34:48Z,,1.016,mm,
2015-02-05T14:35:32Z,,1.016,mm,
2015-02-05T14:36:16Z,,1.016,mm,
2015-02-05T14:37:01Z,,1.016,mm,
2015-02-05T14:37:45Z,,1.016,mm,
2015-02-05T14:38:30Z,,1.016,mm,
2015-02-05T14:39:15Z,,1.016,mm,
2015-02-05T14:39:59Z,,1.016,mm,
2015-02-06T12:01:35Z,,0.0,mm,
2015-02-06T23:59:38Z,,0.0,mm,
2015-02-07T11:57:41Z,,0.0,mm,
2015-02-07T23:55:44Z,,0.0,mm,
2015-02-08T11:53:46Z,,0.0,mm,
2015-02-08T23:51:49Z,,0.0,mm,
2015-02-09T23:47:55Z,,0.0,mm,
2015-02-10T11:45:58Z,,0.0,mm,
2015-02-10T23:44:01Z,,0.0,mm,
2015-02-11T23:40:07Z,,0.0,mm,
2015-02-13T11:34:17Z,,0.0,mm,
2015-02-13T23:32:21Z,,0.0,mm,
2015-02-14T11:30:24Z,,0.0,mm,
2015-02-17T11:18:46Z,,1.016,mm,
2015-02-17T11:31:38Z,,1.016,mm,
2015-02-20T21:07:54Z,,1.016,mm,
2015-02-20T23:05:12Z,,0.0,mm,
2015-02-24T22:49:40Z,,4.064,mm,
2015-03-02T10:28:18Z,,3.0479999999999996,mm,
2015-03-02T22:26:21Z,,0.0,mm,
2015-03-05T22:14:42Z,,0.0,mm,
2015-03-06T10:12:45Z,,0.0,mm,
2015-03-06T22:10:48Z,,0.0,mm,
2015-03-07T22:06:53Z,,0.0,mm,
2015-03-08T11:04:56Z,,0.0,mm,
2015-03-08T23:02:59Z,,0.0,mm,
2015-03-09T11:01:02Z,,0.0,mm,
2015-03-09T22:59:04Z,,0.0,mm,
2015-03-10T10:57:07Z,,0.0,mm,
2015-03-10T22:55:10Z,,0.0,mm,
2015-03-17T10:14:53Z,,3.0479999999999996,mm,
2015-03-17T10:15:36Z,,1.016,mm,
2015-03-17T10:17:43Z,,3.0479999999999996,mm,
2015-03-21T09:12:17Z,,0.0,mm,
2015-03-22T09:08:16Z,,0.0,mm,
2015-03-22T21:06:15Z,,0.0,mm,
2015-03-23T09:04:14Z,,0.0,mm,
2015-03-23T21:02:13Z,,0.0,mm,
2015-03-27T20:46:09Z,,0.0,mm,
2015-03-28T08:44:08Z,,0.0,mm,
2015-03-28T20:42:07Z,,0.0,mm,
2015-03-29T08:40:07Z,,0.0,mm,
2015-03-29T20:38:06Z,,0.0,mm,
2015-03-31T08:32:04Z,,0.0,mm,
2015-04-01T08:28:02Z,,0.0,mm,
2015-04-04T08:15:58Z,,0.0,mm,
2015-04-05T20:09:56Z,,0.0,mm,
2015-04-11T19:45:46Z,,0.0,mm,
2015-04-15T13:46:33Z,,4.064,mm,
2015-04-15T13:47:16Z,,1.016,mm,
2015-04-15T13:47:59Z,,1.016,mm,
2015-04-16T10:04:02Z,,1.016,mm,
2015-04-16T10:04:43Z,,1.016,mm,
2015-04-16T10:05:24Z,,1.016,mm,
2015-04-16T10:06:06Z,,1.016,mm,
2015-04-16T10:06:47Z,,1.016,mm,
2015-04-16T10:08:10Z,,2.032,mm,
2015-04-16T10:09:33Z,,2.032,mm,
2015-04-19T00:52:09Z,,1.016,mm,
2015-04-19T04:09:53Z,,1.016,mm,
2015-04-19T04:24:21Z,,1.016,mm,
2015-04-19T04:28:03Z,,1.016,mm,
2015-04-19T04:32:10Z,,1.016,mm,
2015-04-19T04:37:40Z,,1.016,mm,
2015-04-19T04:44:28Z,,1.016,mm,
2015-04-20T04:05:50Z,,2.032,mm,
2015-04-21T04:01:47Z,,0.0,mm,
2015-04-21T15:59:45Z,,0.0,mm,
2015-04-22T03:57:44Z,,0.0,mm,
2015-04-23T08:17:34Z,,1.016,mm,
2015-04-23T08:17:56Z,,1.016,mm,
2015-04-23T15:51:39Z,,0.0,mm,
2015-04-24T15:47:36Z,,0.0,mm,
2015-04-25T02:40:43Z,,1.016,mm,
2015-04-25T02:42:22Z,,1.016,mm,
2015-04-25T02:43:29Z,,1.016,mm,
2015-04-25T02:49:10Z,,1.016,mm,
2015-04-25T03:14:47Z,,1.016,mm,
2015-04-25T03:45:35Z,,0.0,mm,
2015-04-25T03:57:00Z,,1.016,mm,
2015-04-25T06:10:07Z,,1.016,mm,
2015-04-25T06:23:41Z,,1.016,mm,
2015-04-25T06:26:22Z,,2.032,mm,
2015-04-25T06:28:14Z,,1.016,mm,
2015-04-25T06:29:17Z,,1.016,mm,
2015-04-25T06:30:47Z,,1.016,mm,
2015-04-25T06:31:56Z,,1.016,mm,
2015-04-25T06:33:21Z,,1.016,mm,
2015-04-25T06:35:02Z,,1.016,mm,
2015-04-25T06:38:19Z,,1.016,mm,
2015-04-25T06:39:53Z,,1.016,mm,
2015-04-25T06:42:44Z,,1.016,mm,
2015-04-25T06:43:33Z,,1.016,mm,
2015-04-25T06:44:19Z,,1.016,mm,
2015-04-25T06:55:47Z,,2.032,mm,
2015-04-25T07:02:52Z,,2.032,mm,
2015-04-25T07:04:31Z,,1.016,mm,
2015-04-25T07:05:52Z,,1.016,mm,
2015-04-25T07:07:25Z,,1.016,mm,
2015-04-25T12:04:50Z,,1.016,mm,
2015-04-25T12:33:08Z,,1.016,mm,
2015-04-25T15:43:33Z,,0.0,mm,
2015-04-26T15:39:30Z,,0.0,mm,
2015-04-27T03:37:29Z,,0.0,mm,
2015-04-28T03:33:26Z,,0.0,mm,
2015-04-28T15:31:24Z,,0.0,mm,
2015-04-30T03:25:20Z,,0.0,mm,
2015-05-07T20:28:19Z,,1.016,mm,
2015-05-07T20:53:37Z,,1.016,mm,
2015-05-07T21:10:08Z,,1.016,mm,
2015-05-07T21:55:29Z,,1.016,mm,
2015-05-07T22:19:16Z,,1.016,mm,
2015-05-07T23:52:05Z,,0.0,mm,
2015-05-08T03:11:00Z,,1.016,mm,
2015-05-08T03:31:05Z,,1.016,mm,
2015-05-08T03:42:37Z,,1.016,mm,
2015-05-08T03:56:39Z,,1.016,mm,
2015-05-08T04:07:09Z,,1.016,mm,
2015-05-08T04:26:00Z,,1.016,mm,
2015-05-08T11:50:04Z,,0.0,mm,
2015-05-10T23:39:59Z,,2.032,mm,
2015-05-11T11:37:59Z,,0.0,mm,
2015-05-14T02:34:42Z,,4.064,mm,
2015-05-16T20:11:30Z,,2.032,mm,
2015-05-20T09:22:04Z,,1.016,mm,
2015-05-20T09:22:31Z,,1.016,mm,
2015-05-20T09:23:15Z,,1.016,mm,
2015-05-20T09:23:59Z,,1.016,mm,
2015-05-20T09:24:43Z,,1.016,mm,
2015-05-20T09:25:26Z,,1.016,mm,
2015-05-20T09:26:54Z,,2.032,mm,
2015-05-20T09:27:37Z,,1.016,mm,
2015-05-20T09:28:21Z,,1.016,mm,
2015-05-20T09:29:05Z,,1.016,mm,
2015-05-20T09:29:49Z,,1.016,mm,
2015-05-20T09:30:32Z,,1.016,mm,
2015-05-20T09:31:16Z,,1.016,mm,
2015-05-20T09:32:00Z,,1.016,mm,
2015-05-20T09:32:44Z,,1.016,mm,
2015-05-20T09:54:29Z,,1.016,mm,
2015-05-20T10:15:53Z,,1.016,mm,
2015-05-20T10:16:14Z,,1.016,mm,
2015-05-20T10:18:34Z,,0.0,mm,
2015-05-20T10:19:17Z,,3.0479999999999996,mm,
2015-05-20T16:26:49Z,,0.0,mm,
2015-05-21T16:22:47Z,,3.0479999999999996,mm,
2015-05-22T04:20:47Z,,0.0,mm,
2015-05-29T07:13:59Z,,1.016,mm,
2015-05-29T07:14:41Z,,1.016,mm,
2015-05-29T07:15:24Z,,1.016,mm,
2015-05-29T07:16:06Z,,1.016,mm,
2015-05-29T07:16:49Z,,1.016,mm,
2015-05-29T07:17:31Z,,1.016,mm,
2015-05-29T07:18:14Z,,1.016,mm,
