,gamma_vario
0,9.141613385041554
1,2.144576177285319
2,51.35259142382271
3,45.59940839889197
4,0.34599162326869803
5,8.252329130193907
6,1.118039047091413
7,16.25874685872576
8,1.9186808199445988
9,2.9537962548476457
10,46.7002908365651
11,48.02706863157897
12,33.918616819944596
13,66.61053606648197
14,18.47480890858726
15,17.49688217174515
16,6.968442858725763
17,6.2421463933518
18,63.17635474792244
19,68.75797167867039
20,36.286228919667586
21,38.084813473684214
22,38.084813473684214
23,15.226490858725754
24,92.09096048753463
25,90.04932396675902
26,28.482831069252075
27,26.838656
28,21.437183468144045
29,37.018244254847644
30,19.630020609418285
31,4.9696978614958445
32,33.195179789473684
33,18.165989939058168
34,17.831436055401657
35,4.915368598337952
36,11.434880177285315
37,2.138857307479224
38,2.3676120997229915
39,0.8950031246537393
40,1.3782476232686982
41,63.77683607756232
42,66.92507390581721
43,47.93270727977841
44,1.4039825373961217
45,2.9452179501385034
46,24.95482454293628
47,3.088189695290858
48,150.02311162326865
49,73.03282685872577
50,101.59858154016615
51,80.19285185595568
52,113.14497967867037
53,80.19285185595568
54,6.605294626038783
55,5.933327423822716
56,7.0399287313019405
57,24.931412919667586
58,15.475261695290863
59,65.74984616066483
60,18.123098415512466
61,32.56038524099724
62,30.184194836565105
63,8.555429229916895
64,4.068975867036012
65,1.0322559999999996
66,59.57632620498617
67,55.6503220831025
68,41.77920336842105
69,82.0286090637119
70,56.576778991689764
71,9.905082504155125
72,28.894589695290865
73,27.69934590581718
74,18.63779669806094
75,9.141613385041554
76,15.935630714681439
77,14.414411346260385
78,9.141613385041554
79,4.077554171745154
80,4.0318032132964
81,27.625000598337948
82,26.669949340720226
83,26.72999747368421
84,14.048403678670363
85,15.8298316232687
86,14.849045451523544
87,16.318794991689753
88,18.963772277008307
89,13.982636675900276
90,20.919625750692518
91,13.693833750692521
92,82.31169311911358
93,88.5681366869806
94,51.615659434903044
95,45.871054714681435
96,49.8399503601108
97,53.96611492520774
98,53.96611492520774
99,9.213099257617731
100,26.286785063711914
101,20.27625289750693
102,114.30019137950141
103,110.51715900277007
104,6.130628432132966
105,4.958260121883657
106,152.62233795013856
107,116.85652618282543
108,39.35154313573406
109,43.211780254847646
110,48.58179900277009
111,32.16292378947369
112,42.39398187257617
113,40.16648208310249
114,33.09795900277009
115,51.63853491412741
116,31.4166112797784
117,31.1621215734072
118,31.676819855955685
119,98.44748427700833
120,67.09664000000001
121,83.40971612188365
122,10.008022160664824
123,47.88123745152353
124,34.44475284210526
125,26.62419838227147
126,17.279565119113574
127,19.915964099722988
128,24.659766603878122
129,11.637900055401667
130,25.420376288088647
131,26.326817152354568
132,7.563205318559561
133,9.141613385041554
134,107.44040704709141
135,45.91966510803325
136,52.98818818836564
137,34.742134072022154
138,21.262757939058172
139,16.493220520775626
140,17.940094581717457
141,22.918370747922438
142,16.127212853185604
143,16.05858641551247
144,9.267428520775624
145,3.7201248088642664
146,5.19273378393352
147,0.8349549916897508
148,0.7320153351800556
149,82.58333943490304
150,136.3121212631579
151,88.82262639335178
152,84.21321732963989
153,62.19842801108032
154,1.7957251191135741
155,3.0996274349030486
156,3.3341010969529097
157,6.490917229916899
158,23.572287767313025
159,1.7385364210526317
160,9.141613385041554
161,5.555882016620498
162,114.06285828254855
163,177.13913280886422
164,93.00312022160661
165,124.5140928531856
166,101.04671060387811
167,136.94119694182825
168,98.96504199445985
169,101.2640276565097
170,61.09754557340718
171,21.425745728531854
172,14.300033950138506
173,12.907489152354572
174,14.89765584487535
175,10.39118643767313
176,9.121597340720223
177,5.009729950138505
178,176.6015590470914
179,37.21840469806095
180,24.777003434903047
181,84.34475133518006
182,26.469788897506923
183,44.07532959556786
184,36.54071862603879
185,19.46989225484764
186,17.405380254847643
187,6.133487867036011
188,51.45267164542937
189,46.797511623268704
190,33.1351316565097
191,73.63044875346257
192,48.473140476454276
193,2.790808465373961
194,21.311368332409973
195,20.007466016620498
196,11.100326293628806
197,2.144576177285319
198,8.42389522437673
199,7.5002977506925195
200,2.144576177285319
201,4.309168398891967
202,2.164592221606648
203,20.942501229916903
204,19.830181052631577
205,19.444157340720235
206,7.491719445983379
207,9.573388055401663
208,8.695541540166206
209,9.627717318559558
210,12.132582293628806
211,8.323815002770084
212,14.305752819944596
213,6.931270204986151
214,75.82077588919665
215,82.02860906371191
216,44.89312797783932
217,38.84828259279778
218,42.77428671468142
219,46.96049941274239
220,46.96049941274239
221,2.1674516565096953
222,19.298326160664825
223,13.356420432132968
224,106.93428706925205
225,102.70232341274236
226,1.3696693185595568
227,1.4583118005540165
228,145.81116401108036
229,109.93955315235458
230,32.111453961218835
231,36.0374580831025
232,41.473243833795
233,25.14872997229918
234,35.26255122437672
235,33.43251288642659
236,25.634833905817185
237,44.68438922991689
238,24.202257019390583
239,23.844827656509693
240,24.20797588919668
241,92.86586734626039
242,60.73439734072025
243,76.57566670360112
244,2.7908084653739618
245,41.962207202216064
246,28.299827235457077
247,20.281971767313024
248,10.842977152354573
249,12.498589961218835
250,16.516095999999994
251,4.203369307479225
252,17.711339789473683
253,18.52055986703601
254,1.4869061495844875
255,2.144576177285319
256,100.51199627700828
257,38.89117411634349
258,46.58019457063712
259,28.113963966758995
260,14.088435767313019
261,9.447572919667593
262,11.237579168975074
263,16.255887423822717
264,9.41325970083103
265,9.447572919667593
266,2.22178091966759
267,1.275307966759003
268,0.8177983822714684
269,2.950936819944598
270,3.8287833351800553
271,75.1545275567867
272,128.53731776177284
273,81.05926063157897
274,76.85303188919669
275,54.34070089750692
276,1.2266975734072025
277,0.7920634681440442
278,0.8864248199445983
279,1.5355165429362885
280,14.987549329639885
281,6.35080491966759
282,2.144576177285319
283,0.534714326869806
284,107.0972748587258
285,170.02199933518008
286,85.79734426592796
287,117.36550559556785
288,93.69510346814401
289,129.36083501385042
290,91.87364343490303
291,93.96674978393348
292,53.67159313019389
293,14.360082083102494
294,7.488860011080334
295,5.916170814404431
296,7.923494116343492
297,4.480734493074793
298,3.259755789473684
299,2.164592221606648
300,169.72747754016623
301,29.517946504155127
302,17.19950094182826
303,77.05319233240998
304,18.300383379501387
305,36.3176827036011
306,28.199747013850423
307,12.94752124099723
308,10.394045872576177
309,57.62047273130196
310,52.06459071468144
311,39.497374315789465
312,79.58379222160663
313,12.838862714681438
314,29.5465408531856
315,28.29696780055402
316,16.804898925207752
317,15.884160886426589
318,84.53919290858725
319,91.06728279224373
320,53.78882996121883
321,56.519590293628795
322,56.519590293628795
323,28.731601905817183
324,23.047045318559558
325,115.4954351689751
326,109.70222005540164
327,44.34983534626038
328,41.63337218836565
329,34.07588573961219
330,52.29048607202214
331,33.046489174515244
332,69.86743242105264
333,12.72448531855956
334,50.00007871468142
335,24.17080323545706
336,26.163829362880886
337,9.73637584487535
338,48.58179900277009
339,23.979221096952905
340,19.20968367867036
341,12.038220941828254
342,5.078356387811634
343,7.202916520775624
344,1.5412354127423822
345,1.546954282548476
346,83.50693690858726
347,83.1809613296399
348,61.274830537396106
349,2.6106640664819944
350,5.816090592797785
351,6.104893518005541
352,8.120795124653737
353,30.064634714681432
354,7.511735490304711
355,178.38870586149577
356,94.30702253739607
357,125.81799516897507
358,102.78524702493075
359,137.3215017839335
360,102.78524702493075
361,16.310216686980613
362,15.134988941828253
363,17.125155634349035
364,37.81602659279779
365,25.2116375401662
366,84.67072691412741
367,26.035154792243763
368,43.15173212188365
369,34.47620662603878
370,19.741538570637115
371,10.788647889196683
372,7.800538415512468
373,2.410503623268696
374,0.49182280332409983
375,40.506754836565094
376,8.549710360110799
377,9.09300299168975
378,16.401718603878116
379,51.35259142382271
380,20.710887002770086
381,21.41716742382271
382,51.35259142382271
383,38.568057972299165
384,39.62318945152354
385,13.465078958448753
386,12.824565540166203
387,12.038220941828252
388,25.93221513573407
389,26.67852764542936
390,24.45960616066482
391,20.539320908587257
392,19.607145130193906
393,26.189564277008305
394,18.085925761772852
395,23.27294067590028
396,29.575135202216064
397,31.745446293628813
398,17.379645340720216
399,17.722777529085874
400,19.76727348476454
401,21.926146836565103
402,21.926146836565103
403,50.000078714681436
404,19.964574493074792
405,25.280263977839336
406,33.704159202216076
407,18.16027106925208
408,44.901706282548474
409,45.336340387811624
410,61.735199556786725
411,41.50183818282547
412,12.289851213296398
413,11.29190843213296
414,12.99899106925208
415,16.11291567867036
416,14.788997318559558
417,12.63584283656509
418,8.818497240997226
419,8.358128221606648
420,12.887473108033237
421,9.95941176731302
422,9.093002991689747
423,38.45939944598337
424,27.196085362880886
425,30.97911773961219
426,42.22813464819945
427,19.970293362880888
428,21.54584199445983
429,22.43226681440443
430,25.228794149584495
431,16.298778947368415
432,13.58517522437673
433,41.03289085872577
434,9.510480487534624
435,9.090143556786705
436,46.68313422714682
437,51.35259142382271
438,34.28176505263157
439,22.183495977839332
440,21.980476099723
441,20.038919800554016
442,23.353004853185592
443,28.32270271468144
444,25.28026397783934
445,21.051159756232686
446,26.858672044321327
447,26.747154083102483
448,51.57562734626038
449,47.52952695844876
450,45.25627621052632
451,54.592331168975065
452,56.65684316897505
453,17.6512916565097
454,30.23852409972299
455,11.03169985595568
456,6.702515412742385
457,1.4382957562326868
458,51.63281604432134
459,52.502084254847645
460,53.12544106371191
461,40.81557380609417
462,73.6853141606648
463,54.74102178393353
464,51.35259142382271
465,45.77097449307479
466,36.08892791135736
467,67.5770250637119
468,24.09359849307478
469,38.64812214958447
470,30.201351445983367
471,38.95408168421051
472,26.621338947368418
473,30.201351445983367
474,9.959411767313016
475,21.83178548476454
476,26.36684924099723
477,29.409287977839337
478,26.312519977839333
479,32.06570300277008
480,34.882246382271475
481,37.45001892520775
482,72.69255410526316
483,6.785439024930747
484,10.342576044321328
485,14.13990559556786
486,9.579106925207753
487,1.4783278448753456
488,12.930364631578948
489,21.1798343268698
490,25.200199800554014
491,1.6470345041551266
492,19.941699013850414
493,14.608852919667601
494,41.12725221052632
495,19.28974785595568
496,18.909443013850414
497,20.04177923545707
498,45.59940839889197
499,19.24685633240998
500,21.963319490304716
501,45.59940839889197
502,42.47976491966761
503,34.42187736288089
504,29.357818149584492
505,27.2389768864266
506,25.008617662049865
507,33.09795900277008
508,37.64446049861497
509,33.42679401662052
510,27.865193130193905
511,30.201351445983384
512,35.68860702493075
513,30.52732702493076
514,26.395443590027707
515,72.84696359002771
516,76.85303188919671
517,47.69537418282551
518,45.8681952797784
519,50.28030333518006
520,54.81822652631581
521,54.81822652631581
522,43.69216531855956
523,37.71880580609418
524,39.5831573628809
525,82.04004680332413
526,55.82188817728532
527,37.22984243767312
528,44.05245411634351
529,123.63052746814411
530,93.72083838227145
531,34.567708542936295
532,34.85079259833796
533,39.849084808864276
534,36.41776292520777
535,40.00063485872575
536,35.802984421052635
537,24.31663441551248
538,33.32385436011082
539,30.604531767313034
540,25.111557318559566
541,23.67898043213297
542,87.73604113019393
543,66.0815406094183
544,74.82855197783934
545,41.91359680886427
546,50.47188547368422
547,45.87105471468145
548,42.20811860387814
549,37.152637695290856
550,12.961818415512472
551,8.930015202216069
552,30.28713449307479
553,12.57007583379502
554,11.583570792243776
555,40.120731124653744
556,45.59940839889197
557,82.66626304709142
558,51.97022936288091
559,54.872555789473694
560,43.80940214958448
561,38.00188986149584
562,38.96551942382272
563,37.19266978393354
564,36.958196121883645
565,36.94675838227148
566,36.846678160664815
567,45.81100658171744
568,41.79921941274238
569,42.5169375734072
570,50.7692667036011
571,53.64299878116343
572,55.02982470914129
573,75.20885681994461
574,43.429097307479246
575,33.947211168975095
576,19.735819700831033
577,48.77910001108033
578,49.2680633795014
579,50.7692667036011
580,37.878934160664826
581,70.36050622714683
582,51.03233471468144
583,45.59940839889197
584,41.55330801108034
585,85.74301500277011
586,131.44250362326872
587,66.24166896398891
588,89.91778996121884
589,76.17248638227146
590,90.16370136288087
591,70.6051666260388
592,76.17248638227146
593,38.585214581717466
594,35.93737786149585
595,33.49827988919668
596,33.804239423822715
597,33.44395062603879
598,36.091787346260396
599,37.072573518005534
600,38.116267257617736
601,138.9513796786704
602,22.812571656509704
603,16.670505484764547
604,49.28807942382273
605,10.408343047091416
606,11.045997030470918
607,2.5849291523545714
608,33.81853659833795
609,35.611402282548475
610,28.906027434903045
611,16.021413761772855
612,23.87056257063712
613,17.9858455401662
614,22.24068467590028
615,58.29815880332409
616,70.07617116897511
617,30.221367490304715
618,23.813373872576175
619,72.64108427700833
620,51.01517810526315
621,28.099666792243763
622,36.30910439889197
623,3.308366182825484
624,27.610703423822702
625,37.17265373961219
626,40.32946987257618
627,29.635183335180052
628,24.087879623268694
629,24.805597783933514
630,23.427350160664822
631,23.407334116343492
632,23.244346326869806
633,29.20054922991689
634,29.04328031024931
635,37.18123204432133
636,40.012072598337944
637,14.497334958448763
638,34.936575645429365
639,35.26255122437672
640,36.52928088642659
641,25.23451301939058
642,55.694464609418276
643,38.30213052631577
644,28.428501806094186
645,63.45086049861495
646,20.60222847645429
647,21.056878626038777
648,20.60222847645429
649,22.94124622714681
650,23.953486182825483
651,25.220215844875344
652,8.09791964542936
653,40.06640186149584
654,22.295013939058173
655,40.56108409972298
656,25.426095157894746
657,33.15800713573407
658,68.79228489750695
659,66.3017170969529
660,78.91754388919666
661,74.67414249307478
662,74.8028170637119
663,61.177609750692525
664,95.8545129639889
665,75.5634267479224
666,41.55616744598338
667,46.04262080886426
668,41.55616744598338
669,49.32525207756232
670,21.37713533518005
671,39.27147895844877
672,44.40130517451522
673,45.2191035567867
674,42.271026171745156
675,51.801522703601115
676,53.694468609418294
677,5.1755771745152375
678,0.534714326869806
679,49.39959738504157
680,49.791339966759004
681,38.15915878116342
682,70.08671533518005
683,43.04021416066482
684,8.815637806094184
685,1.1437739612188367
686,15.32371164542936
687,3.3083661828254844
688,58.93867222160666
689,86.76669269806094
690,74.53403018282548
691,1.3839664930747921
692,2.627820675900278
693,6.708234282548476
694,8.658368886426592
695,61.220501274238224
696,0.8263766869806094
697,12.94752124099723
698,2.3132828365650973
699,1.2066815290858728
700,2.3132828365650973
701,0.8864248199445982
702,19.389828077562328
703,10.096664642659281
704,60.37124910803324
705,12.255537994459834
706,26.692824819944597
707,23.773341783933525
708,3.883112598337948
709,5.029745994459833
710,39.87767915789476
711,36.41776292520776
712,18.4833872132964
713,16.699099833795014
714,26.70712199445983
715,21.920427966759007
716,22.64672443213297
717,14.345784908587255
718,41.851225385041545
719,27.590687379501393
720,5.209890393351801
721,6.925551335180053
722,5.209890393351801
723,8.252329130193909
724,0.623356808864266
725,4.663738326869807
726,13.110509030470912
727,4.595111889196675
728,41.94219115789476
729,15.392338083102494
730,4.403529750692524
731,38.26495787257618
732,10.379748698060943
733,5.121247911357337
734,17.179484897506924
735,18.12309841551247
736,15.55818530747922
737,23.461663379501385
738,25.403219678670354
739,19.63859891412743
740,9.201661518005544
741,21.051159756232686
742,20.725184177285325
743,21.505809905817177
744,13.204870382271466
745,40.66956391135733
746,26.449772853185596
747,16.207277030470912
748,4.6122684986149585
749,6.164941650969528
750,4.6122684986149585
751,7.437390182825486
752,0.3517104930747921
753,3.36269544598338
754,11.483490570637116
755,4.1747749584487535
756,8.338112177285316
757,9.46472952908587
758,7.654707235457065
759,14.737527490304707
760,16.744850792243763
761,32.608995634349036
762,18.17170880886427
763,11.96387563434903
764,13.053320332409973
765,5.8589821163434905
766,31.53295453739612
767,8.000698858725762
768,0.8263766869806094
769,8.223734781163435
770,9.936536288088647
771,0.34599162326869803
772,8.252329130193907
773,1.118039047091413
774,16.25874685872576
775,5.355721573407201
776,14.463021739612193
777,3.931722991689751
778,2.602085761772853
779,69.50142475346263
780,36.906726293628815
781,3.834502204986149
782,5.029745994459833
783,12.996131634349032
784,40.415252919667616
785,23.962064487534622
786,3.2797718337950137
787,59.78220551800555
788,1.4983438891966763
789,1.7642713351800552
790,9.33605495844875
791,2.439097972299169
792,43.157450991689736
793,2.905185861495845
794,11.943859590027703
795,10.442656265927983
796,3.0367198670360107
797,0.34599162326869803
798,8.252329130193907
799,1.118039047091413
800,16.25874685872576
801,4.323465573407202
802,53.5257619501385
803,31.124948919667602
804,31.124948919667602
805,79.71818566204988
806,41.89072132963988
807,5.947624598337951
808,15.22935029362881
809,6.708234282548478
810,25.157308277008312
811,8.706979279778393
812,6.376539833795015
813,4.0318032132964
814,53.45999494736843
815,56.29655437119114
816,39.197133650969526
817,3.848799379501385
818,4.197650437673131
819,133.98740068698055
820,68.81230094182823
821,98.98219860387808
822,68.86663020498611
823,5.164139434903048
824,5.398613096952911
825,5.870419855955681
826,19.069571368421048
827,11.909546371191134
828,55.244282326869794
829,14.454443434903043
830,26.04373309695291
831,26.56129081440443
832,6.914113595567867
833,97.02634513019392
834,56.07923731855957
835,4.446421274238228
836,2.8708726426592803
837,4.131883434903048
838,64.2972532299169
839,43.52917752908587
840,1.755693030470914
841,85.26262993905819
842,5.610211279778393
843,7.1714627368421064
844,23.255784066481993
845,12.195489861495844
846,66.8964795567867
847,12.169754947368423
848,27.033097573407208
849,19.304045030470917
850,9.576247490304707
851,34.96516999445984
852,13.119087335180058
853,13.545143135734074
854,19.304045030470917
855,25.42609515789474
856,19.767273484764544
857,11.086029119113574
858,14.500194393351801
859,27.93953843767312
860,6.370820963988922
861,4.294871224376732
862,1.3153400554016619
863,2.4905678005540173
864,18.35757207756232
865,6.250724698060944
866,6.676780498614961
867,19.930261274238234
868,3.0624547811634364
869,24.711236432132974
870,6.4823389252077535
871,36.95819612188368
872,14.663182182825494
873,12.678734360110802
874,9.290303999999997
875,18.057331412742382
876,18.552013650969524
877,15.32371164542936
878,22.781117872576175
879,24.36524480886426
880,20.296268941828266
881,11.04027816066482
882,20.07895188919668
883,20.607947346260385
884,13.433625174515237
885,40.04692196121884
886,16.398859168975072
887,29.85821925761773
888,5.6988537617728525
889,3.79447011634349
890,1.2667296620498614
891,1.7699902049861491
892,19.464173385041548
893,5.0983724321329635
894,6.110612387811635
895,18.040174803324096
896,2.733619767313021
897,17.179484897506928
898,24.52823259833795
899,12.901770282548478
900,1.252432487534627
901,61.580790072022204
902,28.44565841551248
903,2.896607556786704
904,6.047704819944599
905,12.45569843767313
906,40.4695821828255
907,25.772086781163445
908,3.577153063711911
909,51.83297648753463
910,0.43463410526315793
911,0.17728496398891966
912,8.658368886426592
913,3.8516588144044337
914,39.38013748476455
915,6.696796542936287
916,15.129270072022162
917,19.141057240997227
918,0.546152066481994
919,37.80744828808866
920,14.26572073130194
921,55.39297294182825
922,23.544586991689762
923,4.523626016620498
924,11.746558581717446
925,8.869967069252073
926,9.253131346260385
927,6.413712487534625
928,12.467136177285314
929,13.708130925207753
930,38.53374475346261
931,25.30885832686981
932,9.847893806094184
933,10.565611966758999
934,5.561600886426591
935,29.584249650969536
936,7.400217529085871
937,46.142701030470896
938,1.2409947479224368
939,0.5375737617728528
940,8.017855468144045
941,4.686613806094183
942,35.714341939058166
943,8.578304709141273
944,16.02999206648199
945,23.473101119113576
946,0.18872270360110802
947,0.1343934404432133
948,57.11435275346263
949,47.85550253739611
950,25.388922504155126
951,3.997489994459833
952,9.184504908587257
953,7.583221362880885
954,12.032502072022169
955,6.204973739612189
956,0.9722078670360106
957,0.4117586260387811
958,0.4060397562326871
959,0.2859434903047092
960,5.553022581717452
961,13.267777950138504
962,37.481472709141286
963,23.744747434903044
964,9.01293881440443
965,9.773548498614959
966,4.6923326759002775
967,28.689246526315777
968,15.609655135734071
969,105.62752531855955
970,47.666779833795005
971,0.2973812299168975
972,0.9550512576177288
973,0.40603975623268695
974,1.1323362216066477
975,7.380201484764543
976,3.580012498614959
977,35.98598825484763
978,6.762563545706373
979,14.062700853185596
980,19.84161879224377
981,0.48324449861495833
982,56.425228941828266
983,26.152391623268706
984,4.632284542936287
985,7.837711069252075
986,14.63172839889196
987,34.404720753462605
988,20.636541695290862
989,5.0183082548476445
990,47.337944819944596
991,1.078006958448753
992,0.5375737617728531
993,6.0076727313019385
994,2.0244799113573406
995,34.3561103601108
996,4.39495144598338
997,11.086029119113574
998,15.704016487534629
999,0.7863445983379501
1000,34.17596596121885
1001,11.680791578947368
1002,49.6741031357341
1003,21.245601329639893
1004,6.327929440443213
1005,8.38386313573407
1006,10.619941229916893
1007,11.257595213296396
1008,8.469646182825484
1009,15.280820121883652
1010,16.799180055401656
1011,30.979117739612196
1012,18.715001440443217
1013,12.507168265927982
1014,13.270637385041555
1015,7.108555168975069
1016,32.225652642659284
1017,9.358930437673129
1018,41.158705994459844
1019,1.8128817285318561
1020,0.8177983822714678
1021,4.617987368421052
1022,2.130279002770082
1023,29.763857905817172
1024,5.272797961218838
1025,10.614222360110805
1026,18.30324281440443
1027,0.4489312797783935
1028,35.599964542936284
1029,39.817631024930776
1030,15.352305994459835
1031,16.67336491966759
1032,16.67336491966759
1033,2.490567800554016
1034,0.8635493407202218
1035,57.67480199445985
1036,56.35374306925206
1037,4.901071423822716
1038,9.913660808864266
1039,9.121597340720223
1040,6.024829340720222
1041,15.989959977839328
1042,4.675176066481996
1043,47.8412053628809
1044,25.446111202216077
1045,3.9803333850415505
1046,13.848243235457062
1047,6.485198360110803
1048,7.065663645429361
1049,10.388327002770081
1050,7.108555168975069
1051,7.674723279778391
1052,12.001048288088647
1053,6.2650218725761775
1054,1.0036616509695282
1055,0.371726537396122
1056,0.4289152354570637
1057,0.30310009972299173
1058,0.3173972742382272
1059,8.41245748476454
1060,7.840570504155124
1061,5.327127224376732
1062,10.837258282548476
1063,12.349899346260385
1064,35.182487047091406
1065,39.02270812188365
1066,25.254529063711917
1067,8.924296332409972
1068,8.598320753462604
1069,9.261709650969527
1070,4.583674149584487
1071,28.456917440443213
1072,14.634587833795011
1073,6.204973739612189
1074,106.28519534626038
1075,42.476905484764536
1076,65.55254515235455
1077,48.20721303047092
1078,74.868584066482
1079,48.20721303047091
1080,0.3202567091412742
1081,1.0236776952908586
1082,0.42891523545706356
1083,1.0351154349030471
1084,8.180843257617727
1085,4.360638227146814
1086,36.96391499168974
1087,7.8176950249307495
1088,15.486699434903047
1089,21.625906171745154
1090,0.40603975623268684
1091,45.110445030470935
1092,18.420479645429367
1093,8.066465861495843
1094,12.793111756232681
1095,18.972350581717446
1096,27.719361950138506
1097,16.54183091412743
1098,8.955750116343488
1099,36.92102346814405
1100,2.8994669916897506
1101,1.5784080664819946
1102,3.5314021052631577
1103,2.238937529085872
1104,26.286785063711903
1105,5.707432066481996
1106,9.527637096952908
1107,19.06385249861496
1108,0.9922239113573414
1109,66.4704237562327
1110,33.415356277008314
1111,2.9366396454293633
1112,4.892493119113575
1113,12.215505905817174
1114,40.58395957894738
1115,24.736971346260393
1116,2.89088868698061
1117,56.682578083102484
1118,0.6462322880886427
1119,0.7320153351800557
1120,8.921436897506926
1121,2.770792421052631
1122,41.736311844875345
1123,4.209088177285318
1124,13.161978858725764
1125,13.765319623268699
1126,1.6613316786703596
1127,0.18872270360110796
1128,4.575095844875352
1129,20.118983977839335
1130,27.842317650969534
1131,3.720124808864267
1132,11.140358382271465
1133,65.5954366759003
1134,10.368310958448756
1135,17.073685806094186
1136,1.0436937396121875
1137,1.198103224376732
1138,61.66657311911357
1139,5.152701695290862
1140,12.552919224376733
1141,52.936718360110795
1142,54.84968031024928
1143,39.70897249861496
1144,75.62919375069252
1145,6.708234282548475
1146,12.432822958448757
1147,26.272487889196686
1148,35.09098513019391
1149,31.42804901939058
1150,35.12243891412741
1151,35.03665586703601
1152,77.41348113019387
1153,75.12879264265928
1154,67.93159499168978
1155,77.7766293628809
1156,78.55153622160668
1157,13.256340210526316
1158,18.489106083102495
1159,73.50749305263157
1160,74.53974905263156
1161,73.81059315235461
1162,65.36954131855958
1163,95.27762197229917
1164,79.37791290858726
1165,70.8653752022161
1166,19.65861495844874
1167,1.5383759778393333
1168,39.46877996675901
1169,45.79384997229918
1170,39.5231092299169
1171,47.932707279778406
1172,17.505460476454303
1173,33.08652126315789
1174,4.466437318559558
1175,42.67420649307479
1176,27.72222138504156
1177,67.33397309695293
1178,33.769926204986156
1179,2.8737320775623276
1180,12.527184310249313
1181,0.6548105927977833
1182,66.97940316897508
1183,6.822611678670364
1184,59.31897706371192
1185,81.485316432133
1186,8.584023578947368
1187,5.138404520775622
1188,29.786733385041554
1189,39.13136664819946
1190,26.63277668698062
1191,73.63330818836566
1192,84.64785143490306
1193,79.7810932299169
1194,80.32438586149588
1195,79.71532622714685
1196,70.97117429362883
1197,101.21738312465372
1198,85.90600279224375
1199,76.73293562326872
1200,16.953589540166192
1201,1.052272044321329
1202,43.843715368421066
1203,50.37752412188367
1204,43.78938610526317
1205,52.730839047091415
1206,57.90641622160663
1207,62.913286736842096
1208,20.1046868033241
1209,36.75231680886427
1210,46.72316631578946
1211,37.77313506925208
1212,13.979777240997246
1213,1.4068419722991676
1214,9.77926736842106
1215,33.54689028254845
1216,0.3202567091412741
1217,29.083312398891955
1218,43.65213322991688
1219,0.8177983822714668
1220,0.3745859722991693
1221,9.467588963988918
1222,15.069221939058162
1223,7.686161019390581
1224,38.35074091966759
1225,48.4731404764543
1226,44.12679942382271
1227,43.96381163434903
1228,44.02100033240995
1229,36.17471095844874
1230,64.42932337950138
1231,50.257427855955676
1232,40.48959822714681
1233,41.35600700277006
1234,9.376087047091413
1235,17.714199224376724
1236,21.9147090969529
1237,17.659869961218828
1238,23.598916254847637
1239,27.181788188365648
1240,31.07919796121883
1241,4.998292210526314
1242,13.64808279224376
1243,20.593650171745143
1244,14.085576332409971
1245,37.790291678670364
1246,38.041921950138516
1247,32.771983423822704
1248,41.61049670914127
1249,42.82289710803325
1250,14.228548077562328
1251,11.303346171745153
1252,38.2420823933518
1253,38.296411656509704
1254,30.77037899168975
1255,58.27153031578947
1256,34.787885030470925
1257,11.240438603878115
1258,12.432822958448753
1259,37.22698300277009
1260,41.936472288088645
1261,42.12519499168974
1262,36.50068653739611
1263,45.52792252631579
1264,46.52586530747922
1265,14.483037783933522
1266,12.5815135734072
1267,42.08230346814404
1268,42.05084968421051
1269,34.46190945152354
1270,62.19110070914127
1271,38.68529480332409
1272,13.77675736288088
1273,14.680338792243766
1274,41.66196653739612
1275,13.53084596121884
1276,38.673857063711914
1277,2.4991461052631587
1278,8.360987656509694
1279,0.3259755789473688
1280,33.70415920221607
1281,46.25993786149585
1282,46.36287751800555
1283,40.4524255734072
1284,49.57402291412743
1285,50.70921857063714
1286,14.714652011080332
1287,13.86825927977839
1288,46.11696611634348
1289,46.11696611634349
1290,45.98829154570637
1291,38.47655605540166
1292,66.25864685872575
1293,52.71654187257618
1294,42.748551800554026
1295,19.264012941828263
1296,23.6989964764543
1297,19.264012941828263
1298,25.28026397783934
1299,16.616176221606654
1300,16.96788671468144
1301,46.156998204986145
1302,15.292257861495846
1303,13.53084596121884
1304,38.673857063711914
1305,2.4991461052631587
1306,8.360987656509694
1307,0.3259755789473688
1308,33.70415920221607
1309,46.25993786149585
1310,46.36287751800555
1311,40.4524255734072
1312,49.57402291412743
1313,50.70921857063714
1314,14.714652011080332
1315,13.86825927977839
1316,46.11696611634348
1317,46.11696611634349
1318,45.98829154570637
1319,38.47655605540166
1320,66.25864685872575
1321,52.71654187257618
1322,42.748551800554026
1323,19.264012941828263
1324,23.6989964764543
1325,19.264012941828263
1326,25.28026397783934
1327,16.616176221606654
1328,16.96788671468144
1329,46.156998204986145
1330,15.292257861495846
1331,0.2344736620498616
1332,8.326674437673134
1333,1.0236776952908586
1334,15.64110891966759
1335,37.452878360110816
1336,29.743841861495856
1337,12.70446927423823
1338,11.566414182825486
1339,17.977267235457056
1340,18.583467434903042
1341,14.694635966759
1342,22.36078094182825
1343,24.01639375069251
1344,25.551910293628815
1345,16.516095999999997
1346,19.086727977839338
1347,19.644317783933513
1348,13.396452520775625
1349,38.68869038227147
1350,26.66708990581718
1351,16.075743024930755
1352,29.78673338504157
1353,3.434181318559557
1354,5.398613096952907
1355,3.434181318559555
1356,6.210692609418281
1357,3.611466282548477
1358,4.635143977839335
1359,21.980476099722996
1360,9.57338805540166
1361,11.48063113573407
1362,25.832134914127423
1363,2.041636520775624
1364,48.29299607756235
1365,38.848282592797794
1366,12.16117664265928
1367,12.878894803324103
1368,9.41611913573407
1369,16.530393174515236
1370,18.257491855955678
1371,34.19884144044322
1372,22.666740476454297
1373,8.546850925207758
1374,32.59952375623268
1375,21.52582595013851
1376,10.614222360110803
1377,39.463061096952906
1378,2.622101806094183
1379,1.4125608421052631
1380,3.0738925207756234
1381,6.522371013850415
1382,5.078356387811635
1383,30.604531767313023
1384,9.724938105263158
1385,15.026330415512467
1386,25.660568819944604
1387,0.6662483324099728
1388,5.2270470027700835
1389,106.12506699168975
1390,95.0390378725762
1391,20.17045380609419
1392,21.680235434903054
1393,31.722570814404442
1394,15.352305994459847
1395,31.28793670914128
1396,2.1903271357340737
1397,8.521116011080334
1398,90.0893560554017
1399,15.81267501385042
1400,27.645016642659286
1401,36.14611660941829
1402,52.453473861495844
1403,72.22360678116345
1404,72.38087570083104
1405,55.22426628254851
1406,105.79051310803328
1407,18.792206182825485
1408,13.53084596121884
1409,27.141756099723004
1410,45.89964906371195
1411,57.50609533518008
1412,52.53067860387813
1413,41.58190236011081
1414,57.208714105263184
1415,57.12579049307482
1416,108.68426122991688
1417,105.43022431024936
1418,97.48671414958451
1419,109.13891137950144
1420,109.77656536288089
1421,3.331241662049866
1422,11.706526493074792
1423,21.860379833795015
1424,104.06627386149584
1425,105.69615175623271
1426,104.73824106371194
1427,93.6665091191136
1428,126.91726917451524
1429,109.30189916897511
1430,100.68928124099727
1431,1.3782476232687024
1432,0.43463410526315566
1433,0.609059634349032
1434,1.5955646759002746
1435,0.5547303711911372
1436,61.983970393351804
1437,69.73017954570639
1438,61.98397039335179
1439,72.84982302493079
1440,78.68307022714679
1441,84.09598049861496
1442,28.811666083102512
1443,49.0307302825485
1444,4.349200487534631
1445,58.39823902493077
1446,36.2862289196676
1447,81.94854488642663
1448,47.52952695844878
1449,55.08129453739616
1450,11.869514282548481
1451,16.03857037119114
1452,87.25279663157892
1453,99.63986863157892
1454,99.65702524099723
1455,93.46062980609416
1456,105.1757346038781
1457,106.55684166204988
1458,3.0452981717451486
1459,10.75147523545706
1460,102.35919122437673
1461,101.69866176177283
1462,88.61388764542933
1463,123.78332852077564
1464,103.94331816066482
1465,95.75961546814403
1466,6.021969905817174
1467,59.59062337950139
1468,66.62483324099719
1469,59.5906233795014
1470,70.21342404432131
1471,23.278659545706365
1472,40.58681901385042
1473,2.6106640664819944
1474,45.79099053739611
1475,23.544586991689748
1476,60.59142559556788
1477,54.21488576177286
1478,61.54647685318561
1479,2.1131223933518006
1480,0.42891523545706367
1481,5.761761329639889
1482,71.94910103047093
1483,49.38530021052634
1484,0.6290756786703601
1485,93.51495906925206
1486,4.746661939058172
1487,6.856924897506924
1488,26.647073861495844
1489,13.762460188365646
1490,74.46254431024933
1491,13.593753529085872
1492,30.984836609418277
1493,20.56219638781164
1494,9.70206262603878
1495,1.0093805207756235
1496,14.33434716897507
1497,1.0637097839335181
1498,9.564809750692518
1499,4.05181925761773
1500,65.31807149030472
1501,67.65994867590028
1502,47.369398603878125
1503,0.42891523545706367
1504,0.5976218947368421
1505,155.087170836565
1506,82.71487344044321
1507,116.67066291412745
1508,82.76920270360111
1509,4.203369307479224
1510,2.8365594238227145
1511,4.312027833795014
1512,23.64752664819944
1513,13.004709939058172
1514,67.19957965650967
1515,15.01489267590028
1516,30.807551645429367
1517,25.940793440443212
1518,6.250724698060941
1519,145.81116401108045
1520,144.89900427700832
1521,135.07970481994462
1522,147.40958812188373
1523,147.66979669806094
1524,29.14621996675901
1525,45.15905542382274
1526,143.61797744044324
1527,142.08532033241005
1528,131.38531492520778
1529,164.86411491412747
1530,139.21158825484764
1531,80.43304438781169
1532,65.22656957340722
1533,123.45324250415517
1534,109.51921622160661
1535,108.94446980609418
1536,100.44908870914124
1537,111.87539058171747
1538,112.42154264819948
1539,17.076545240997223
1540,27.939538437673132
1541,108.2410488199446
1542,107.14874468698059
1543,97.1121281772853
1544,129.19123478116344
1545,103.95761533518007
1546,54.129102714681444
1547,42.9115395900277
1548,91.70207734072021
1549,30.40151188919668
1550,30.87045921329641
1551,26.469788897506927
1552,35.09098513019391
1553,36.52070258171745
1554,13.141962814404433
1555,8.04359038227147
1556,31.939887867036006
1557,32.211534182825496
1558,24.250867412742377
1559,51.969335789473675
1560,28.051056398891973
1561,6.024829340720222
1562,7.21721369529086
1563,26.79576447645429
1564,34.221716919667614
1565,40.44098783379502
1566,27.725080819944605
1567,7.257245783933522
1568,39.87767915789476
1569,45.65373766204987
1570,32.76340511911357
1571,10.27109017174516
1572,23.698996476454294
1573,29.68951259833795
1574,18.334696598337953
1575,5.055480908587259
1576,15.529590958448763
1577,33.82425546814404
1578,29.403569108033228
1579,39.617470581717456
1580,34.87366807756232
1581,35.036655867036
1582,27.347635412742374
1583,54.903115999999976
1584,41.19873808310249
1585,11.706526493074787
1586,15.189318204986149
1587,11.706526493074787
1588,16.67050548476454
1589,8.469646182825482
1590,8.958609551246537
1591,17.596962393351795
1592,6.2106926094182855
1593,24.039269229916897
1594,18.546294781163432
1595,31.97134165096953
1596,1.8243194681440449
1597,1.269589096952909
1598,5.187014914127426
1599,9.356071002770085
1600,7.365904310249306
1601,9.075846382271468
1602,32.18293983379501
1603,27.73937799445983
1604,36.046036387811625
1605,37.5615368864266
1606,8.795621761772853
1607,12.704469274238232
1608,8.05502812188366
1609,33.18660148476453
1610,33.329573229916896
1611,25.600520686980612
1612,53.464105385041556
1613,38.53660418836565
1614,29.38355306371192
1615,54.620925518005535
1616,16.301638382271463
1617,32.35736536288089
1618,16.355967645429356
1619,10.788647889196676
1620,14.137046160664825
1621,10.84297715235457
1622,15.555325872576178
1623,1.6241590249307485
1624,6.945567379501389
1625,9.790705108033244
1626,12.038220941828257
1627,7.677582714681439
1628,28.11968283656509
1629,8.392441440443214
1630,28.199747013850416
1631,23.190017063711913
1632,20.553618083102492
1633,30.698893119113574
1634,25.94079344044322
1635,26.47264833240998
1636,18.217459767313027
1637,45.93735786149584
1638,31.68539816066483
1639,6.736828631578947
1640,9.08728412188366
1641,6.736828631578947
1642,10.517001573407201
1643,2.1445761772853196
1644,5.447223490304712
1645,14.137046160664825
1646,5.893295335180059
1647,34.24459239889195
1648,21.648781650969525
1649,42.71995745152354
1650,3.9688956454293636
1651,4.617987368421051
1652,10.994527202216066
1653,16.63905170083102
1654,13.911150803324096
1655,16.11291567867036
1656,38.347881484764535
1657,48.78767831578947
1658,5.967640642659283
1659,3.7515785927977836
1660,44.59574674792244
1661,44.570011833795
1662,35.471289972299154
1663,65.15561984487535
1664,48.65042544044321
1665,43.95237389473684
1666,11.260454648199447
1667,17.877187013850413
1668,21.963319490304702
1669,17.931516277008303
1670,23.89915691966758
1671,2.2389375290858715
1672,9.825018326869806
1673,4.503609972299169
1674,14.400114171745148
1675,6.079158603878113
1676,29.057577484764543
1677,15.014892675900281
1678,26.152391623268702
1679,11.043137595567869
1680,15.884160886426594
1681,22.29501393905818
1682,22.921230182825486
1683,19.13533837119114
1684,27.28472784487535
1685,29.00610765650969
1686,17.616978437673133
1687,9.95941176731302
1688,24.190819279778403
1689,24.676923213296405
1690,17.19950094182826
1691,44.05584969529085
1692,30.656001595567876
1693,20.43066238227147
1694,24.656907168975067
1695,5.627367889196675
1696,8.012136598337952
1697,5.627367889196674
1698,9.235974736842106
1699,1.0522720443213298
1700,3.274052963988921
1701,15.841269362880885
1702,7.3659043102493085
1703,6.573840842105262
1704,21.634484476454297
1705,4.086132476454296
1706,21.53154481994459
1707,28.808806648199447
1708,16.670505484764544
1709,1.9501346038781164
1710,21.788893961218832
1711,22.538065905817177
1712,19.252575202216068
1713,27.467731678670354
1714,29.166236011080333
1715,15.864144842105269
1716,7.568924188365652
1717,24.556826947368418
1718,25.131573362880886
1719,16.90783858171745
1720,44.52050786703601
1721,20.284831202216065
1722,1.6842071578947362
1723,3.763016332409972
1724,16.31879499168975
1725,3.860237119113573
1726,77.60792270360112
1727,10.4254996565097
1728,69.88458903047092
1729,52.66507204432133
1730,93.25475049307482
1731,12.444260698060935
1732,37.01252538504157
1733,47.28647499168974
1734,95.15055583379501
1735,92.15386805540166
1736,84.31329755124652
1737,94.00392243767315
1738,94.2183800554017
1739,4.2376825263157905
1740,17.179484897506924
1741,25.50615933518005
1742,89.65472195013851
1743,91.0129535290859
1744,90.03788622714681
1745,81.59397495844877
1746,112.38848043213295
1747,87.75605717451525
1748,12.941802371191132
1749,2.253234703601108
1750,3.1682538725761744
1751,1.1723683102493077
1752,6.839768288088642
1753,1.118039047091413
1754,52.43059838227148
1755,59.67354699168976
1756,52.484927645429366
1757,26.458351157894736
1758,45.10472616066483
1759,6.782579590027703
1760,56.016329750692506
1761,37.724524675900284
1762,83.11805376177283
1763,45.70520749030472
1764,2.1359978725761786
1765,21.68023543490305
1766,45.141898814404456
1767,31.596755678670366
1768,60.20826131855957
1769,1.103741872576177
1770,17.45970951800555
1771,15.094956853185602
1772,59.84225365096953
1773,53.38279020498615
1774,62.49866867590031
1775,63.156338703601115
1776,14.997736066481991
1777,17.26812737950139
1778,59.38474406648201
1779,59.11309775069255
1780,58.96726657063713
1781,51.20390080886426
1782,80.07472145152354
1783,65.73840842105263
1784,56.19075527977842
1785,29.798171124653717
1786,4.992573340720219
1787,28.642959423822713
1788,33.87858473130194
1789,28.53430089750692
1790,35.70862306925208
1791,39.980618814404444
1792,44.67009205540165
1793,12.552919224376737
1794,24.93999122437673
1795,34.18454426592798
1796,23.321551069252074
1797,58.272423889196695
1798,19.19824593905818
1799,23.54458699168976
1800,76.24397225484768
1801,75.94659102493075
1802,68.52063858171746
1803,78.78886931855956
1804,79.5323223933518
1805,14.302893385041552
1806,19.63002060941828
1807,75.15166812188367
1808,74.49685752908589
1809,65.98717925761771
1810,95.64148506371191
1811,71.55449901385043
1812,33.915757385041545
1813,28.903168000000004
1814,68.95527268698059
1815,31.645366072022153
1816,5.218468698060943
1817,8.598320753462604
1818,12.733063623268697
1819,12.947521240997233
1820,1.1409145263157894
1821,35.339755966759
1822,18.86941092520776
1823,7.546048709141272
1824,5.15270169529086
1825,9.393243656509696
1826,3.814486160664822
1827,3.8745342936288103
1828,2.4076441883656505
1829,0.9378946481994459
1830,6.56812197229917
1831,8.655509451523546
1832,63.839743645429365
1833,44.055313551246535
1834,5.544444277008313
1835,3.479932277008311
1836,4.938244077562328
1837,0.7634691191135734
1838,22.418505783933515
1839,12.941802371191141
1840,1.1723683102493079
1841,149.09665471468145
1842,78.06257285318559
1843,2.816543379501385
1844,1.538375977839335
1845,2.8165433795013852
1846,1.1609305706371191
1847,0.8349549916897508
1848,2.490567800554017
1849,20.833842703601107
1850,10.92304132963989
1851,63.07913396121883
1852,12.921786326869809
1853,28.162574360110806
1854,24.29947780609419
1855,6.894097551246537
1856,4.5036099722991665
1857,29.68379372853185
1858,41.641950493074795
1859,0.46608788919667543
1860,1.812881728531855
1861,8.446770703601107
1862,13.702412055401663
1863,11.440599047091409
1864,13.693833750692516
1865,41.31025604432132
1866,35.88876746814403
1867,43.97810880886425
1868,45.11330446537397
1869,6.35080491966759
1870,14.605993484764548
1871,12.67301549030471
1872,41.173003168975065
1873,40.93567007202215
1874,34.07588573961218
1875,61.57274791135733
1876,46.30568881994459
1877,38.076235168975074
1878,44.02671920221604
1879,10.868712066481994
1880,26.109500099722997
1881,10.923041329639888
1882,16.43889125761773
1883,20.65655773961219
1884,16.547549783933515
1885,21.966178925207753
1886,5.698853761772853
1887,14.008371590027703
1888,8.432473529085874
1889,21.274195678670356
1890,14.740386925207755
1891,41.701998626038765
1892,13.010428808864265
1893,27.28472784487535
1894,31.645366072022153
1895,21.485793861495843
1896,24.788441174515242
1897,20.96537670914127
1898,8.160827213296397
1899,4.566517540166207
1900,8.749870803324102
1901,15.332289950138497
1902,19.584269650969528
1903,24.405276897506923
1904,26.63277668698061
1905,18.171708808864267
1906,14.660322747922446
1907,28.499987678670358
1908,6.43086909695291
1909,4.294871224376733
1910,4.617987368421052
1911,6.313632265927979
1912,21.940444011080324
1913,11.95529732963989
1914,13.602331833795011
1915,29.658058814404427
1916,2.622101806094185
1917,9.782126803324099
1918,15.475261695290863
1919,36.020301473684235
1920,23.433069030470925
1921,6.476620055401661
1922,43.31757934626038
1923,1.6241590249307487
1924,0.7320153351800556
1925,6.965583423822717
1926,4.400670315789473
1927,33.260946792243764
1928,8.446770703601107
1929,14.791856753462604
1930,23.218611412742387
1931,0.3574293628808866
1932,8.706979279778391
1933,18.300383379501387
1934,7.185759911357339
1935,9.207380387811634
1936,63.12488491966756
1937,5.667399977839335
1938,9.93653628808864
1939,2.464832886426591
1940,1.1037418725761774
1941,12.461417307479222
1942,29.111906747922443
1943,33.70415920221607
1944,20.77951344044321
1945,12.109706814404428
1946,11.672213274238228
1947,13.213448686980609
1948,11.043137595567867
1949,13.98835554570637
1950,13.422187434903048
1951,20.716605872576178
1952,23.115671756232686
1953,45.00178650415511
1954,35.128157783933524
1955,18.75503352908588
1956,18.06876915235457
1957,19.24971576731302
1958,10.880149806094185
1959,36.67850764542937
1960,23.518852077562325
1961,13.030444853185594
1962,125.146027966759
1963,63.75967946814406
1964,86.0604122770083
1965,63.86833799445986
1966,8.847091590027699
1967,8.632633972299168
1968,8.847091590027699
1969,9.750673019390586
1970,10.268230736842106
1971,11.563554747922433
1972,10.502704398891964
1973,3.2912095734072007
1974,42.82575654293628
1975,0.9693484321329634
1976,7.523173229916895
1977,2.502005540166207
1978,10.665692188365648
1979,1.1952437894736838
1980,10.774350714681441
1981,2.121700698060941
1982,12.55291922437673
1983,14.199953728531852
1984,23.550305861495843
1985,11.260454648199447
1986,0.5204171523545702
1987,14.84904545152354
1988,16.041429806094182
1989,14.523069872576182
1990,22.169198803324104
1991,24.46246559556787
1992,24.985742182825494
1993,11.863795412742384
1994,19.661474393351806
1995,20.70230869806094
1996,11.943859590027701
1997,39.55938831024931
1998,24.859927047091418
1999,14.680338792243766
2000,47.59529396121883
2001,7.117133473684211
2002,6.37082096398892
2003,8.392441440443212
2004,4.583674149584488
2005,0.7548908144044318
2006,30.198492011080337
2007,0.2316142271468144
2008,3.6114662825484762
2009,5.232765872576178
2010,7.065663645429363
2011,0.34599162326869803
2012,99.70849506925205
2013,38.239222958448764
2014,46.20560859833796
2015,27.073129662049862
2016,13.033304288088639
2017,8.16654608310249
2018,9.825018326869806
2019,15.26080407756232
2020,7.943510160664817
2021,7.949229030470911
2022,0.39746145152354573
2023,0.886424819944598
2024,0.6119190692520775
2025,4.720927024930749
2026,6.753985240997231
2027,73.42456944044322
2028,125.78368195013847
2029,78.14549646537397
2030,73.07571838227148
2031,50.574825130193915
2032,4.1862126980609435
2033,2.230359224376732
2034,3.688671024930748
2035,0.6004813296398891
2036,20.4626523102493
2037,10.551314792243772
2038,0.34599162326869803
2039,0.4117586260387811
2040,106.21656890858729
2041,169.36146987257618
2042,84.4219560775623
2043,116.2760608975069
2044,92.89446169529087
2045,127.74239485872572
2046,90.58117885872575
2047,93.00312022160666
2048,51.5756273462604
2049,12.978975024930744
2050,6.07629916897507
2051,4.037522083102493
2052,6.130628432132965
2053,3.3341010969529083
2054,2.4648328864265943
2055,2.979531168975069
2056,169.6302567534626
2057,26.86439091412742
2058,14.07413859279778
2059,74.70559627700833
2060,14.497334958448754
2061,32.18293983379501
2062,22.560941385041552
2063,11.67507270914127
2064,8.849951024930744
2065,8.252329130193907
2066,1.118039047091413
2067,16.25874685872576
2068,103.32568022160662
2069,87.9733742271468
2070,46.47153604432131
2071,38.46797775069253
2072,32.886360819944606
2073,41.68484201662049
2074,42.705660277008334
2075,17.900062493074795
2076,15.006314371191142
2077,38.43652396675901
2078,38.16487765096954
2079,38.207769174515235
2080,31.14782439889197
2081,58.18860670360111
2082,45.21338468698063
2083,35.06239078116344
2084,13.385014781163425
2085,14.179937684210529
2086,17.9972832797784
2087,14.179937684210529
2088,19.31834220498616
2089,5.979078382271472
2090,13.282075124653742
2091,11.045997030470911
2092,20.7537785263158
2093,16.004257152354572
2094,41.95934776731303
2095,10.717162016620504
2096,46.03690193905817
2097,40.18077925761772
2098,48.8677424930748
2099,49.83995036011082
2100,14.768981274238225
2101,13.922588542936287
2102,45.68233201108033
2103,45.444998914127424
2104,38.25923900277007
2105,65.94625359556788
2106,42.53123474792245
2107,8.967187855955675
2108,23.698996476454298
2109,19.264012941828263
2110,7.274402393351802
2111,16.67050548476455
2112,7.726193108033241
2113,24.533951468144043
2114,17.022215977839334
2115,46.21132746814404
2116,15.292257861495846
2117,27.32761936842105
2118,22.755382958448752
2119,30.66172046537397
2120,31.891277473684216
2121,20.636541695290862
2122,14.726089750692521
2123,28.188309274238236
2124,27.373370326869814
2125,27.78226951800555
2126,21.237023024930746
2127,47.44428005540167
2128,24.588280731301943
2129,20.605087911357334
2130,7.826273329639891
2131,3.814486160664822
2132,7.923494116343492
2133,14.182797119113571
2134,12.707328709141278
2135,32.86062590581719
2136,13.819648886426588
2137,10.259652432132958
2138,17.602681263157887
2139,19.035258149584482
2140,31.868401994459838
2141,20.73090304709142
2142,13.994074415512461
2143,14.560242526315786
2144,9.25313134626038
2145,32.242094393351785
2146,22.349343202216065
2147,11.41200469806094
2148,1.5355165429362874
2149,2.8823103822714664
2150,1.5355165429362871
2151,3.434181318559556
2152,5.5015527534626045
2153,4.432124099722991
2154,28.485690504155126
2155,8.978625595567864
2156,13.64808279224377
2157,24.76556569529086
2158,0.6519511578947369
2159,9.032954858725766
2160,6.0477048199446015
2161,12.824565540166207
2162,14.520210437673137
2163,40.46958218282549
2164,26.85867204432133
2165,10.968792288088643
2166,9.55623144598338
2167,10.488407224376735
2168,5.315689484764544
2169,28.842941152354562
2170,18.12309841551247
2171,7.0199126869806125
2172,47.92126954016621
2173,0.4489312797783935
2174,1.0322560000000005
2175,0.4489312797783935
2176,1.275307966759003
2177,8.87568593905817
2178,5.264219656509698
2179,37.532942537396124
2180,9.250271911357341
2181,17.139452808864263
2182,24.139349451523543
2183,0.2745057506925206
2184,10.488407224376733
2185,7.514594925207755
2186,14.194234858725759
2187,15.758345750692518
2188,36.10036565096953
2189,23.53600868698061
2190,12.575794703601108
2191,11.054575335180056
2192,12.021064332409978
2193,6.590997451523546
2194,30.69799954570637
2195,8.604039623268699
2196,43.42909730747922
2197,0.6519511578947369
2198,7.011334382271468
2199,4.317746703601108
2200,8.421035789473683
2201,14.863342626038783
2202,23.27008124099724
2203,15.70401648753462
2204,12.141160598337951
2205,19.209683678670356
2206,20.539320908587257
2207,28.37703197783935
2208,18.25463242105263
2209,16.261606293628812
2210,16.819196099722987
2211,10.897306415512462
2212,36.01297417174515
2213,13.413609130193905
2214,33.58978180609419
2215,3.8773937285318545
2216,2.2389375290858715
2217,4.263417440443213
2218,4.091851346260388
2219,25.022914836565107
2220,8.704119844875345
2221,12.132582293628808
2222,24.636891124653737
2223,1.0637097839335188
2224,8.669806626038783
2225,5.941905728531857
2226,12.432822958448757
2227,14.04840367867036
2228,39.25146291412743
2229,25.663428254847652
2230,10.945916808864267
2231,9.316038914127423
2232,10.368310958448754
2233,5.1098101717451545
2234,28.893696121883647
2235,6.916973030470916
2236,47.71253079224377
2237,0.3202567091412744
2238,8.275204609418278
2239,4.535063756232687
2240,8.306658393351801
2241,15.967084498614957
2242,22.566660254847655
2243,14.139905595567873
2244,5.15270169529086
2245,6.911254160664822
2246,47.595293961218836
2247,0.3946020166204988
2248,8.223734781163433
2249,4.557939235457066
2250,8.326674437673134
2251,1.8071628587257613
2252,1.049412609418282
2253,6.0877369085872575
2254,8.381003700831027
2255,77.79378597229916
2256,55.00123036011078
2257,1.1866654847645428
2258,21.685060731301938
2259,12.907489152354573
2260,0.9893644764542937
2261,95.51370406648196
2262,6.696796542936288
2263,4.509328842105262
2264,6.696796542936288
2265,3.8287833351800553
2266,29.357818149584485
2267,16.401718603878116
2268,78.22556064265925
2269,17.39966138504155
2270,36.10036565096953
2271,26.85581260941828
2272,9.347492698060938
2273,0.5890435900277007
2274,3.096768000000001
2275,73.41027226592796
2276,125.5263328088643
2277,78.31420312465377
2278,73.1729391689751
2279,51.1810253296399
2280,2.2189214847645427
2281,1.2953240110803326
2282,2.7364792022160684
2283,0.8092200775623268
2284,22.507148265927974
2285,6.001953861495845
2286,0.6834049418282548
2287,168.42071578947366
2288,92.64569085872577
2289,127.28488527423826
2290,92.70002012188367
2291,51.84441422714683
2292,13.7109903601108
2293,6.8483465927977845
2294,5.012589385041551
2295,7.01133438227147
2296,3.7973295512465364
2297,2.905185861495845
2298,1.9587129085872572
2299,168.57512527423825
2300,27.61070342382271
2301,15.040627590027704
2302,74.64268870914124
2303,15.812675013850415
2304,33.0264731301939
2305,24.167943800554013
2306,9.636295623268694
2307,2.979531168975069
2308,4.555079800554019
2309,67.09092113019388
2310,118.36058894182823
2311,72.804072066482
2312,68.74653393905817
2313,47.7811572299169
2314,0.23161422714681446
2315,7.528892099722992
2316,0.1343934404432133
2317,158.41555306371185
2318,77.22761786149583
2319,107.537627833795
2320,85.01957797229915
2321,119.14407410526319
2322,85.12823649861492
2323,46.68599366204986
2324,10.313981695290854
2325,4.472156188365651
2326,3.0595953462603878
2327,4.689473240997231
2328,2.0759497396121884
2329,1.361091013850416
2330,1.2124003988919667
2331,158.2068143157895
2332,24.17080323545706
2333,13.059039202216063
2334,68.84947359556784
2335,14.523069872576176
2336,30.816129950138492
2337,24.665485473684207
2338,6.8369088531855935
2339,0.6176379390581718
2340,77.6508142271468
2341,130.79055246537396
2342,83.73855113573408
2343,78.97187315235455
2344,57.40315567867036
2345,1.6070024155124656
2346,2.095965783933518
2347,3.151097263157895
2348,3.8202050304709148
2349,25.369442603878117
2350,2.464832886426594
2351,3.4256030138504157
2352,171.59182909695286
2353,96.1742335290859
2354,131.46823853739608
2355,96.22856279224379
2356,56.450963855955685
2357,17.60268126315789
2358,10.771491279778393
2359,9.238834171745154
2360,11.15179612188366
2361,7.182900476454294
2362,6.156363346260389
2363,3.219723700831025
2364,171.18292990581713
2365,32.774842858725755
2366,20.513585994459834
2367,79.28355155678673
2368,22.180636542936295
2369,39.40015352908587
2370,32.04568695844875
2371,13.582315789473682
2372,78.78886931855955
2373,131.77419807202216
2374,85.05103175623272
2375,80.56171895844876
2376,59.16742701385045
2377,2.273250747922438
2378,2.436238537396122
2379,3.062454781163435
2380,5.53586597229917
2381,23.213428686980606
2382,2.579210282548477
2383,8.252329130193907
2384,5.084075257617729
2385,109.84805123545706
2386,171.89778863157892
2387,89.15718027700832
2388,120.15345462603875
2389,96.88337338504157
2390,132.12018969529086
2391,95.01330295844873
2392,96.93770264819946
2393,57.76630391135733
2394,19.198245939058168
2395,12.38993143490305
2396,10.934479069252077
2397,12.770236277008312
2398,8.686963235457064
2399,7.577502493074796
2400,4.349200487534627
2401,171.34591769529084
2402,34.56484910803324
2403,22.37507811634349
2404,80.45591986703602
2405,24.342369329639883
2406,41.55616744598338
2407,34.92513790581719
2408,17.568368044321325
2409,14.960563412742378
2410,4.792412897506925
2411,9.261709650969527
2412,73.3559430027701
2413,74.4968575290859
2414,74.01075359556788
2415,63.61098885318559
2416,95.32909180055398
2417,78.50864469806096
2418,69.50142475346263
2419,38.30498996121884
2420,44.35269478116343
2421,38.30498996121884
2422,47.014828675900254
2423,27.176069318559556
2424,18.220319202216064
2425,53.34561755124654
2426,33.26380622714683
2427,8.858529329639884
2428,20.690870958448755
2429,127.89394490858723
2430,126.87884551800555
2431,113.08493154570635
2432,149.53468439889193
2433,121.1142247534626
2434,58.13517101385042
2435,37.61014727977838
2436,81.90565336288087
2437,0.8463927313019384
2438,5.064059213296396
2439,80.92772662603878
2440,80.5331246094183
2441,68.4148394903047
2442,102.00944659279777
2443,74.80281706371193
2444,27.250414626038786
2445,14.260001861495846
2446,45.80242827700831
2447,2.624961240997232
2448,75.46334652631583
2449,76.60426105263161
2450,76.6357148365651
2451,64.17429752908588
2452,98.37438997229918
2453,78.83462027700834
2454,70.43074109695293
2455,32.10001622160663
2456,10.665692188365643
2457,13.710990360110792
2458,10.72002145152354
2459,4.449280709141276
2460,30.61882894182826
2461,41.098657861495845
2462,46.44580113019392
2463,40.98999933518006
2464,49.61691443767314
2465,54.143399889196694
2466,57.886400177285324
2467,35.985988254847626
2468,11.855217108033244
2469,23.633229473684217
2470,2.4562545817174493
2471,26.75573238781164
2472,30.99913378393352
2473,37.30132831024931
2474,54.02044418836565
2475,54.726724609418305
2476,54.90400957340719
2477,43.71218136288088
2478,74.62749796121882
2479,57.85208695844875
2480,48.7819594459834
2481,51.01803754016618
2482,18.757892963988912
2483,26.755732387811623
2484,18.8665514903047
2485,4.312027833795014
2486,19.535659257617734
2487,26.306801108033245
2488,30.172757096952907
2489,26.252471844875355
2490,32.83203155678671
2491,36.249056265927976
2492,39.291495002770084
2493,55.00694922991688
2494,5.024027124653741
2495,11.643618925207756
2496,6.822611678670358
2497,13.05046089750693
2498,2.6249612409972314
2499,20.779513440443218
2500,19.372671468144052
2501,24.099317362880896
2502,3.1082057396121887
2503,2.2846884875346274
2504,165.42402801108034
2505,91.29031871468142
2506,126.00957730747919
2507,91.507635767313
2508,8.990063335180055
2509,8.035012077562326
2510,9.75067301939058
2511,6.044845385041551
2512,29.8925324764543
2513,18.63493726315789
2514,75.31179647645428
2515,20.073233019390585
2516,36.84953759556787
2517,30.498732675900282
2518,11.98389167867036
2519,2.1846082659279777
2520,6.739688066481995
2521,1.3782476232686982
2522,167.9775033795014
2523,84.77080713573407
2524,115.9100532299169
2525,92.43123324099723
2526,128.2370770969529
2527,92.81153808310249
2528,53.39994681440445
2529,14.374379257617722
2530,7.957807335180055
2531,6.2421463933518
2532,8.120795124653739
2533,4.795272332409972
2534,3.997489994459835
2535,3.013844387811634
2536,167.40847583379502
2537,29.946861739612192
2538,17.92865684210526
2539,76.39838173961218
2540,19.74725744044321
2541,37.12118391135734
2542,30.227086360110803
2543,10.462672310249307
2544,3.439900188365652
2545,6.485198360110805
2546,2.176029961218837
2547,166.26756130747918
2548,84.07882388919663
2549,114.78915474792242
2550,91.44758763434903
2551,127.06756822160658
2552,91.99088026592798
2553,53.29986659279778
2554,15.103535157894735
2555,8.924296332409973
2556,7.554627013850417
2557,9.304601174515238
2558,5.933327423822716
2559,5.015448819944599
2560,3.4913700166204977
2561,165.64134506371187
2562,30.43868454293628
2563,18.992366626038784
2564,76.07812503047091
2565,20.876734227146823
2566,37.87893416066482
2567,31.828369905817173
2568,11.51780378947368
2569,22.121839412742386
2570,8.392441440443212
2571,1.118039047091413
2572,0.37458597229916907
2573,94.09828378947371
2574,153.85475439335175
2575,73.81059315235454
2576,103.66309354016617
2577,81.6826174404432
2578,114.54038391135732
2579,79.49800917451525
2580,81.6826174404432
2581,43.50916148476454
2582,9.14447281994459
2583,3.5485587146814406
2584,2.2189214847645427
2585,3.7115465041551254
2586,1.4983438891966763
2587,0.8835653850415516
2588,1.1037418725761772
2589,154.03775822714684
2590,21.50580990581717
2591,10.714302581717453
2592,64.9777987368421
2593,11.806606714681438
2594,27.250414626038786
2595,21.202709806094184
2596,8.003558293628805
2597,5.776058504155123
2598,30.30911639889196
2599,18.65548945152354
2600,189.66470868698062
2601,105.62234259279774
2602,137.090423700831
2603,112.17259309695292
2604,149.7734472132964
2605,113.78888867590027
2606,73.92264725761771
2607,33.84480765650969
2608,27.492573019390576
2609,25.814084731301943
2610,27.791383966758996
2611,24.592391168975066
2612,23.639484487534627
2613,23.621613019390576
2614,188.91768131855957
2615,50.16789180055402
2616,38.204731024930744
2617,97.66667983379502
2618,39.78456880886426
2619,57.89622948476454
2620,50.81269437119114
2621,30.245493972299162
2622,7.783381806094188
2623,170.34797491412738
2624,88.87409622160662
2625,119.29848359002769
2626,97.02634513019392
2627,130.4760146260388
2628,97.02634513019392
2629,15.386619213296402
2630,14.754684099722995
2631,16.418875213296406
2632,35.20822196121884
2633,23.853405961218836
2634,79.8354224930748
2635,24.839911002770076
2636,40.81557380609417
2637,33.987243257617735
2638,18.709282570637118
2639,16.25874685872576
2640,162.5846091523545
2641,87.98481196675901
2642,122.37523554570637
2643,88.14779975623271
2644,48.58179900277008
2645,11.466333961218835
2646,5.181296044321329
2647,3.651498371191137
2648,5.452942360110804
2649,2.664993329639888
2650,1.7842873795013852
2651,1.5412354127423824
2652,162.57889028254849
2653,25.223075279778385
2654,13.548002570637118
2655,71.11128660387811
2656,14.525929307479226
2657,31.35084427700831
2658,23.87628144044321
2659,7.826273329639887
2660,50.37466468698061
2661,11.47777170083102
2662,112.41010490858721
2663,122.7984319113573
2664,112.41010490858721
2665,126.79878134072018
2666,94.6873273795014
2667,21.72598639335179
2668,74.20805460387811
2669,135.27128695844877
2670,102.91964046537393
2671,46.1913114238227
2672,52.882389096952885
2673,46.1913114238227
2674,55.65032208310248
2675,35.005202083102496
2676,40.4524255734072
2677,70.29634765650967
2678,78.5315201772853
2679,70.29634765650967
2680,81.81415144598333
2681,56.36518080886426
2682,63.013366958448756
2683,52.28476720221605
2684,59.43907332963986
2685,52.28476720221605
2686,62.252757274238235
2687,67.72571567867034
2688,72.87555793905818
2689,23.121390626038785
2690,41.47038439889197
2691,3.1225029141274225
2692,50.709218570637105
2693,31.230748011080333
2694,74.262383867036
2695,38.965519423822705
2696,45.91966510803323
2697,79.50086860941826
2698,88.13922145152351
2699,79.50086860941826
2700,91.82789247645431
2701,62.11836383379502
2702,44.45277500277007
2703,93.7179789473684
2704,71.9776953795014
2705,38.974097728531866
2706,52.23043793905816
2707,59.38474406648197
2708,52.23043793905816
2709,62.198428011080345
2710,41.416055135734084
2711,31.285077274238226
2712,74.31671313019389
2713,45.81100658171744
2714,14.174218814404439
2715,8.71841701939058
2716,35.33117766204986
2717,3.7258436786703584
2718,12.452839002770085
2719,23.19001706371192
2720,0.340272753462604
2721,0.10865852631578948
2722,0.5204171523545705
2723,8.912858592797784
2724,3.9374418614958446
2725,39.84050650415513
2726,6.791157894736841
2727,15.569623047091415
2728,19.5213620831025
2729,0.3946020166204982
2730,0.2859434903047092
2731,0.188722703601108
2732,0.5919030249307479
2733,2.676431069252078
2734,11.537819833795012
2735,4.938244077562328
2736,45.79099053739612
2737,7.348747700831026
2738,17.900062493074792
2739,19.141057240997227
2740,2.33901775069252
2741,1.0351154349030462
2742,0.5747464155124653
2743,1.295324011080332
2744,3.5857313684210532
2745,8.912858592797784
2746,3.8831125983379495
2747,39.78617724099723
2748,6.791157894736841
2749,15.515293783933517
2750,19.467032819944603
2751,1.155211700831025
2752,13.167697728531854
2753,6.099174648199445
2754,48.656144310249296
2755,8.615477362880883
2756,19.993168842105263
2757,20.710887002770093
2758,1.4239985817174503
2759,15.55532587257617
2760,7.420233573407199
2761,53.41996285872575
2762,9.553372011080329
2763,22.35506207202216
2764,21.245601329639893
2765,2.407644188365649
2766,18.47480890858726
2767,9.696343756232688
2768,57.7691633462604
2769,11.409145263157896
2770,24.751268520775625
2771,22.237825240997232
2772,5.012589385041549
2773,96.94342151800556
2774,78.19124742382273
2775,141.0387671578947
2776,2.727900897506925
2777,12.487152221606646
2778,2.682149939058172
2779,16.945011235457063
2780,4.849601595567867
2781,7.403076963988923
2782,26.524118160664823
2783,0.9493323878116338
2784,4.143321174515235
2785,8.930015202216067
2786,3.1825510470914127
2787,3.9431607313019383
2788,32.50605597783933
2789,15.841269362880888
2790,49.34526812188364
2791,28.811666083102487
2792,35.005202083102496
2793,4.160477783933517
2794,4.254839135734074
2795,7.022772121883655
2796,7.620394016620495
2797,11.800887844875344
2798,14.84332658171746
2799,21.234163590027705
2800,21.886114747922445
2801,0.5976218947368425
