id,Latitude,Longitude
1,38.8447,-94.8653
2,38.8447,-94.861133
3,38.8447,-94.856966
4,38.8447,-94.852799
5,38.8447,-94.848632
6,38.8447,-94.844465
7,38.8447,-94.840298
8,38.8447,-94.836131
9,38.8447,-94.831964
10,38.8447,-94.827797
11,38.8447,-94.82363
12,38.8447,-94.819463
13,38.8447,-94.815296
14,38.8447,-94.811129
15,38.8447,-94.806962
16,38.8447,-94.802795
17,38.8447,-94.798628
18,38.8447,-94.794461
19,38.8447,-94.790294
20,38.8447,-94.786127
21,38.8447,-94.78196
22,38.8447,-94.777793
23,38.8447,-94.773626
24,38.8447,-94.769459
25,38.8447,-94.765292
26,38.8447,-94.761125
27,38.8447,-94.756958
28,38.8447,-94.752791
29,38.8447,-94.748624
30,38.8447,-94.744457
31,38.8447,-94.74029
32,38.8447,-94.736123
33,38.8447,-94.731956
34,38.8447,-94.727789
35,38.8447,-94.723622
36,38.8447,-94.719455
37,38.8447,-94.715288
38,38.8447,-94.711121
39,38.8447,-94.706954
40,38.8447,-94.702787
41,38.8447,-94.69862
42,38.8447,-94.694453
43,38.8447,-94.690286
44,38.8447,-94.686119
45,38.8447,-94.681952
46,38.8447,-94.677785
47,38.8447,-94.673618
48,38.8447,-94.669451
49,38.8447,-94.665284
50,38.8447,-94.661117
51,38.8447,-94.65695
52,38.8447,-94.652783
53,38.8447,-94.648616
54,38.8447,-94.644449
55,38.8447,-94.640282
56,38.8447,-94.636115
57,38.8447,-94.631948
58,38.8447,-94.627781
59,38.8447,-94.623614
60,38.8447,-94.619447
61,38.8447,-94.61528
62,38.8447,-94.611113
63,38.8447,-94.606946
64,38.8447,-94.602779
65,38.8447,-94.598612
66,38.8447,-94.594445
67,38.8447,-94.590278
68,38.8447,-94.586111
69,38.848867,-94.8653
70,38.848867,-94.861133
71,38.848867,-94.856966
72,38.848867,-94.852799
73,38.848867,-94.848632
74,38.848867,-94.844465
75,38.848867,-94.840298
76,38.848867,-94.836131
77,38.848867,-94.831964
78,38.848867,-94.827797
79,38.848867,-94.82363
80,38.848867,-94.819463
81,38.848867,-94.815296
82,38.848867,-94.811129
83,38.848867,-94.806962
84,38.848867,-94.802795
85,38.848867,-94.798628
86,38.848867,-94.794461
87,38.848867,-94.790294
88,38.848867,-94.786127
89,38.848867,-94.78196
90,38.848867,-94.777793
91,38.848867,-94.773626
92,38.848867,-94.769459
93,38.848867,-94.765292
94,38.848867,-94.761125
95,38.848867,-94.756958
96,38.848867,-94.752791
97,38.848867,-94.748624
98,38.848867,-94.744457
99,38.848867,-94.74029
100,38.848867,-94.736123
101,38.848867,-94.731956
102,38.848867,-94.727789
103,38.848867,-94.723622
104,38.848867,-94.719455
105,38.848867,-94.715288
106,38.848867,-94.711121
107,38.848867,-94.706954
108,38.848867,-94.702787
109,38.848867,-94.69862
110,38.848867,-94.694453
111,38.848867,-94.690286
112,38.848867,-94.686119
113,38.848867,-94.681952
114,38.848867,-94.677785
115,38.848867,-94.673618
116,38.848867,-94.669451
117,38.848867,-94.665284
118,38.848867,-94.661117
119,38.848867,-94.65695
120,38.848867,-94.652783
121,38.848867,-94.648616
122,38.848867,-94.644449
123,38.848867,-94.640282
124,38.848867,-94.636115
125,38.848867,-94.631948
126,38.848867,-94.627781
127,38.848867,-94.623614
128,38.848867,-94.619447
129,38.848867,-94.61528
130,38.848867,-94.611113
131,38.848867,-94.606946
132,38.848867,-94.602779
133,38.848867,-94.598612
134,38.848867,-94.594445
135,38.848867,-94.590278
136,38.848867,-94.586111
137,38.853034,-94.8653
138,38.853034,-94.861133
139,38.853034,-94.856966
140,38.853034,-94.852799
141,38.853034,-94.848632
142,38.853034,-94.844465
143,38.853034,-94.840298
144,38.853034,-94.836131
145,38.853034,-94.831964
146,38.853034,-94.827797
147,38.853034,-94.82363
148,38.853034,-94.819463
149,38.853034,-94.815296
150,38.853034,-94.811129
151,38.853034,-94.806962
152,38.853034,-94.802795
153,38.853034,-94.798628
154,38.853034,-94.794461
155,38.853034,-94.790294
156,38.853034,-94.786127
157,38.853034,-94.78196
158,38.853034,-94.777793
159,38.853034,-94.773626
160,38.853034,-94.769459
161,38.853034,-94.765292
162,38.853034,-94.761125
163,38.853034,-94.756958
164,38.853034,-94.752791
165,38.853034,-94.748624
166,38.853034,-94.744457
167,38.853034,-94.74029
168,38.853034,-94.736123
169,38.853034,-94.731956
170,38.853034,-94.727789
171,38.853034,-94.723622
172,38.853034,-94.719455
173,38.853034,-94.715288
174,38.853034,-94.711121
175,38.853034,-94.706954
176,38.853034,-94.702787
177,38.853034,-94.69862
178,38.853034,-94.694453
179,38.853034,-94.690286
180,38.853034,-94.686119
181,38.853034,-94.681952
182,38.853034,-94.677785
183,38.853034,-94.673618
184,38.853034,-94.669451
185,38.853034,-94.665284
186,38.853034,-94.661117
187,38.853034,-94.65695
188,38.853034,-94.652783
189,38.853034,-94.648616
190,38.853034,-94.644449
191,38.853034,-94.640282
192,38.853034,-94.636115
193,38.853034,-94.631948
194,38.853034,-94.627781
195,38.853034,-94.623614
196,38.853034,-94.619447
197,38.853034,-94.61528
198,38.853034,-94.611113
199,38.853034,-94.606946
200,38.853034,-94.602779
201,38.853034,-94.598612
202,38.853034,-94.594445
203,38.853034,-94.590278
204,38.853034,-94.586111
205,38.857201,-94.8653
206,38.857201,-94.861133
207,38.857201,-94.856966
208,38.857201,-94.852799
209,38.857201,-94.848632
210,38.857201,-94.844465
211,38.857201,-94.840298
212,38.857201,-94.836131
213,38.857201,-94.831964
214,38.857201,-94.827797
215,38.857201,-94.82363
216,38.857201,-94.819463
217,38.857201,-94.815296
218,38.857201,-94.811129
219,38.857201,-94.806962
220,38.857201,-94.802795
221,38.857201,-94.798628
222,38.857201,-94.794461
223,38.857201,-94.790294
224,38.857201,-94.786127
225,38.857201,-94.78196
226,38.857201,-94.777793
227,38.857201,-94.773626
228,38.857201,-94.769459
229,38.857201,-94.765292
230,38.857201,-94.761125
231,38.857201,-94.756958
232,38.857201,-94.752791
233,38.857201,-94.748624
234,38.857201,-94.744457
235,38.857201,-94.74029
236,38.857201,-94.736123
237,38.857201,-94.731956
238,38.857201,-94.727789
239,38.857201,-94.723622
240,38.857201,-94.719455
241,38.857201,-94.715288
242,38.857201,-94.711121
243,38.857201,-94.706954
244,38.857201,-94.702787
245,38.857201,-94.69862
246,38.857201,-94.694453
247,38.857201,-94.690286
248,38.857201,-94.686119
249,38.857201,-94.681952
250,38.857201,-94.677785
251,38.857201,-94.673618
252,38.857201,-94.669451
253,38.857201,-94.665284
254,38.857201,-94.661117
255,38.857201,-94.65695
256,38.857201,-94.652783
257,38.857201,-94.648616
258,38.857201,-94.644449
259,38.857201,-94.640282
260,38.857201,-94.636115
261,38.857201,-94.631948
262,38.857201,-94.627781
263,38.857201,-94.623614
264,38.857201,-94.619447
265,38.857201,-94.61528
266,38.857201,-94.611113
267,38.857201,-94.606946
268,38.857201,-94.602779
269,38.857201,-94.598612
270,38.857201,-94.594445
271,38.857201,-94.590278
272,38.857201,-94.586111
273,38.861368,-94.8653
274,38.861368,-94.861133
275,38.861368,-94.856966
276,38.861368,-94.852799
277,38.861368,-94.848632
278,38.861368,-94.844465
279,38.861368,-94.840298
280,38.861368,-94.836131
281,38.861368,-94.831964
282,38.861368,-94.827797
283,38.861368,-94.82363
284,38.861368,-94.819463
285,38.861368,-94.815296
286,38.861368,-94.811129
287,38.861368,-94.806962
288,38.861368,-94.802795
289,38.861368,-94.798628
290,38.861368,-94.794461
291,38.861368,-94.790294
292,38.861368,-94.786127
293,38.861368,-94.78196
294,38.861368,-94.777793
295,38.861368,-94.773626
296,38.861368,-94.769459
297,38.861368,-94.765292
298,38.861368,-94.761125
299,38.861368,-94.756958
300,38.861368,-94.752791
301,38.861368,-94.748624
302,38.861368,-94.744457
303,38.861368,-94.74029
304,38.861368,-94.736123
305,38.861368,-94.731956
306,38.861368,-94.727789
307,38.861368,-94.723622
308,38.861368,-94.719455
309,38.861368,-94.715288
310,38.861368,-94.711121
311,38.861368,-94.706954
312,38.861368,-94.702787
313,38.861368,-94.69862
314,38.861368,-94.694453
315,38.861368,-94.690286
316,38.861368,-94.686119
317,38.861368,-94.681952
318,38.861368,-94.677785
319,38.861368,-94.673618
320,38.861368,-94.669451
321,38.861368,-94.665284
322,38.861368,-94.661117
323,38.861368,-94.65695
324,38.861368,-94.652783
325,38.861368,-94.648616
326,38.861368,-94.644449
327,38.861368,-94.640282
328,38.861368,-94.636115
329,38.861368,-94.631948
330,38.861368,-94.627781
331,38.861368,-94.623614
332,38.861368,-94.619447
333,38.861368,-94.61528
334,38.861368,-94.611113
335,38.861368,-94.606946
336,38.861368,-94.602779
337,38.861368,-94.598612
338,38.861368,-94.594445
339,38.861368,-94.590278
340,38.861368,-94.586111
341,38.865535,-94.8653
342,38.865535,-94.861133
343,38.865535,-94.856966
344,38.865535,-94.852799
345,38.865535,-94.848632
346,38.865535,-94.844465
347,38.865535,-94.840298
348,38.865535,-94.836131
349,38.865535,-94.831964
350,38.865535,-94.827797
351,38.865535,-94.82363
352,38.865535,-94.819463
353,38.865535,-94.815296
354,38.865535,-94.811129
355,38.865535,-94.806962
356,38.865535,-94.802795
357,38.865535,-94.798628
358,38.865535,-94.794461
359,38.865535,-94.790294
360,38.865535,-94.786127
361,38.865535,-94.78196
362,38.865535,-94.777793
363,38.865535,-94.773626
364,38.865535,-94.769459
365,38.865535,-94.765292
366,38.865535,-94.761125
367,38.865535,-94.756958
368,38.865535,-94.752791
369,38.865535,-94.748624
370,38.865535,-94.744457
371,38.865535,-94.74029
372,38.865535,-94.736123
373,38.865535,-94.731956
374,38.865535,-94.727789
375,38.865535,-94.723622
376,38.865535,-94.719455
377,38.865535,-94.715288
378,38.865535,-94.711121
379,38.865535,-94.706954
380,38.865535,-94.702787
381,38.865535,-94.69862
382,38.865535,-94.694453
383,38.865535,-94.690286
384,38.865535,-94.686119
385,38.865535,-94.681952
386,38.865535,-94.677785
387,38.865535,-94.673618
388,38.865535,-94.669451
389,38.865535,-94.665284
390,38.865535,-94.661117
391,38.865535,-94.65695
392,38.865535,-94.652783
393,38.865535,-94.648616
394,38.865535,-94.644449
395,38.865535,-94.640282
396,38.865535,-94.636115
397,38.865535,-94.631948
398,38.865535,-94.627781
399,38.865535,-94.623614
400,38.865535,-94.619447
401,38.865535,-94.61528
402,38.865535,-94.611113
403,38.865535,-94.606946
404,38.865535,-94.602779
405,38.865535,-94.598612
406,38.865535,-94.594445
407,38.865535,-94.590278
408,38.865535,-94.586111
409,38.869702,-94.8653
410,38.869702,-94.861133
411,38.869702,-94.856966
412,38.869702,-94.852799
413,38.869702,-94.848632
414,38.869702,-94.844465
415,38.869702,-94.840298
416,38.869702,-94.836131
417,38.869702,-94.831964
418,38.869702,-94.827797
419,38.869702,-94.82363
420,38.869702,-94.819463
421,38.869702,-94.815296
422,38.869702,-94.811129
423,38.869702,-94.806962
424,38.869702,-94.802795
425,38.869702,-94.798628
426,38.869702,-94.794461
427,38.869702,-94.790294
428,38.869702,-94.786127
429,38.869702,-94.78196
430,38.869702,-94.777793
431,38.869702,-94.773626
432,38.869702,-94.769459
433,38.869702,-94.765292
434,38.869702,-94.761125
435,38.869702,-94.756958
436,38.869702,-94.752791
437,38.869702,-94.748624
438,38.869702,-94.744457
439,38.869702,-94.74029
440,38.869702,-94.736123
441,38.869702,-94.731956
442,38.869702,-94.727789
443,38.869702,-94.723622
444,38.869702,-94.719455
445,38.869702,-94.715288
446,38.869702,-94.711121
447,38.869702,-94.706954
448,38.869702,-94.702787
449,38.869702,-94.69862
450,38.869702,-94.694453
451,38.869702,-94.690286
452,38.869702,-94.686119
453,38.869702,-94.681952
454,38.869702,-94.677785
455,38.869702,-94.673618
456,38.869702,-94.669451
457,38.869702,-94.665284
458,38.869702,-94.661117
459,38.869702,-94.65695
460,38.869702,-94.652783
461,38.869702,-94.648616
462,38.869702,-94.644449
463,38.869702,-94.640282
464,38.869702,-94.636115
465,38.869702,-94.631948
466,38.869702,-94.627781
467,38.869702,-94.623614
468,38.869702,-94.619447
469,38.869702,-94.61528
470,38.869702,-94.611113
471,38.869702,-94.606946
472,38.869702,-94.602779
473,38.869702,-94.598612
474,38.869702,-94.594445
475,38.869702,-94.590278
476,38.869702,-94.586111
477,38.873869,-94.8653
478,38.873869,-94.861133
479,38.873869,-94.856966
480,38.873869,-94.852799
481,38.873869,-94.848632
482,38.873869,-94.844465
483,38.873869,-94.840298
484,38.873869,-94.836131
485,38.873869,-94.831964
486,38.873869,-94.827797
487,38.873869,-94.82363
488,38.873869,-94.819463
489,38.873869,-94.815296
490,38.873869,-94.811129
491,38.873869,-94.806962
492,38.873869,-94.802795
493,38.873869,-94.798628
494,38.873869,-94.794461
495,38.873869,-94.790294
496,38.873869,-94.786127
497,38.873869,-94.78196
498,38.873869,-94.777793
499,38.873869,-94.773626
500,38.873869,-94.769459
501,38.873869,-94.765292
502,38.873869,-94.761125
503,38.873869,-94.756958
504,38.873869,-94.752791
505,38.873869,-94.748624
506,38.873869,-94.744457
507,38.873869,-94.74029
508,38.873869,-94.736123
509,38.873869,-94.731956
510,38.873869,-94.727789
511,38.873869,-94.723622
512,38.873869,-94.719455
513,38.873869,-94.715288
514,38.873869,-94.711121
515,38.873869,-94.706954
516,38.873869,-94.702787
517,38.873869,-94.69862
518,38.873869,-94.694453
519,38.873869,-94.690286
520,38.873869,-94.686119
521,38.873869,-94.681952
522,38.873869,-94.677785
523,38.873869,-94.673618
524,38.873869,-94.669451
525,38.873869,-94.665284
526,38.873869,-94.661117
527,38.873869,-94.65695
528,38.873869,-94.652783
529,38.873869,-94.648616
530,38.873869,-94.644449
531,38.873869,-94.640282
532,38.873869,-94.636115
533,38.873869,-94.631948
534,38.873869,-94.627781
535,38.873869,-94.623614
536,38.873869,-94.619447
537,38.873869,-94.61528
538,38.873869,-94.611113
539,38.873869,-94.606946
540,38.873869,-94.602779
541,38.873869,-94.598612
542,38.873869,-94.594445
543,38.873869,-94.590278
544,38.873869,-94.586111
545,38.878036,-94.8653
546,38.878036,-94.861133
547,38.878036,-94.856966
548,38.878036,-94.852799
549,38.878036,-94.848632
550,38.878036,-94.844465
551,38.878036,-94.840298
552,38.878036,-94.836131
553,38.878036,-94.831964
554,38.878036,-94.827797
555,38.878036,-94.82363
556,38.878036,-94.819463
557,38.878036,-94.815296
558,38.878036,-94.811129
559,38.878036,-94.806962
560,38.878036,-94.802795
561,38.878036,-94.798628
562,38.878036,-94.794461
563,38.878036,-94.790294
564,38.878036,-94.786127
565,38.878036,-94.78196
566,38.878036,-94.777793
567,38.878036,-94.773626
568,38.878036,-94.769459
569,38.878036,-94.765292
570,38.878036,-94.761125
571,38.878036,-94.756958
572,38.878036,-94.752791
573,38.878036,-94.748624
574,38.878036,-94.744457
575,38.878036,-94.74029
576,38.878036,-94.736123
577,38.878036,-94.731956
578,38.878036,-94.727789
579,38.878036,-94.723622
580,38.878036,-94.719455
581,38.878036,-94.715288
582,38.878036,-94.711121
583,38.878036,-94.706954
584,38.878036,-94.702787
585,38.878036,-94.69862
586,38.878036,-94.694453
587,38.878036,-94.690286
588,38.878036,-94.686119
589,38.878036,-94.681952
590,38.878036,-94.677785
591,38.878036,-94.673618
592,38.878036,-94.669451
593,38.878036,-94.665284
594,38.878036,-94.661117
595,38.878036,-94.65695
596,38.878036,-94.652783
597,38.878036,-94.648616
598,38.878036,-94.644449
599,38.878036,-94.640282
600,38.878036,-94.636115
601,38.878036,-94.631948
602,38.878036,-94.627781
603,38.878036,-94.623614
604,38.878036,-94.619447
605,38.878036,-94.61528
606,38.878036,-94.611113
607,38.878036,-94.606946
608,38.878036,-94.602779
609,38.878036,-94.598612
610,38.878036,-94.594445
611,38.878036,-94.590278
612,38.878036,-94.586111
613,38.882203,-94.8653
614,38.882203,-94.861133
615,38.882203,-94.856966
616,38.882203,-94.852799
617,38.882203,-94.848632
618,38.882203,-94.844465
619,38.882203,-94.840298
620,38.882203,-94.836131
621,38.882203,-94.831964
622,38.882203,-94.827797
623,38.882203,-94.82363
624,38.882203,-94.819463
625,38.882203,-94.815296
626,38.882203,-94.811129
627,38.882203,-94.806962
628,38.882203,-94.802795
629,38.882203,-94.798628
630,38.882203,-94.794461
631,38.882203,-94.790294
632,38.882203,-94.786127
633,38.882203,-94.78196
634,38.882203,-94.777793
635,38.882203,-94.773626
636,38.882203,-94.769459
637,38.882203,-94.765292
638,38.882203,-94.761125
639,38.882203,-94.756958
640,38.882203,-94.752791
641,38.882203,-94.748624
642,38.882203,-94.744457
643,38.882203,-94.74029
644,38.882203,-94.736123
645,38.882203,-94.731956
646,38.882203,-94.727789
647,38.882203,-94.723622
648,38.882203,-94.719455
649,38.882203,-94.715288
650,38.882203,-94.711121
651,38.882203,-94.706954
652,38.882203,-94.702787
653,38.882203,-94.69862
654,38.882203,-94.694453
655,38.882203,-94.690286
656,38.882203,-94.686119
657,38.882203,-94.681952
658,38.882203,-94.677785
659,38.882203,-94.673618
660,38.882203,-94.669451
661,38.882203,-94.665284
662,38.882203,-94.661117
663,38.882203,-94.65695
664,38.882203,-94.652783
665,38.882203,-94.648616
666,38.882203,-94.644449
667,38.882203,-94.640282
668,38.882203,-94.636115
669,38.882203,-94.631948
670,38.882203,-94.627781
671,38.882203,-94.623614
672,38.882203,-94.619447
673,38.882203,-94.61528
674,38.882203,-94.611113
675,38.882203,-94.606946
676,38.882203,-94.602779
677,38.882203,-94.598612
678,38.882203,-94.594445
679,38.882203,-94.590278
680,38.882203,-94.586111
681,38.88637,-94.8653
682,38.88637,-94.861133
683,38.88637,-94.856966
684,38.88637,-94.852799
685,38.88637,-94.848632
686,38.88637,-94.844465
687,38.88637,-94.840298
688,38.88637,-94.836131
689,38.88637,-94.831964
690,38.88637,-94.827797
691,38.88637,-94.82363
692,38.88637,-94.819463
693,38.88637,-94.815296
694,38.88637,-94.811129
695,38.88637,-94.806962
696,38.88637,-94.802795
697,38.88637,-94.798628
698,38.88637,-94.794461
699,38.88637,-94.790294
700,38.88637,-94.786127
701,38.88637,-94.78196
702,38.88637,-94.777793
703,38.88637,-94.773626
704,38.88637,-94.769459
705,38.88637,-94.765292
706,38.88637,-94.761125
707,38.88637,-94.756958
708,38.88637,-94.752791
709,38.88637,-94.748624
710,38.88637,-94.744457
711,38.88637,-94.74029
712,38.88637,-94.736123
713,38.88637,-94.731956
714,38.88637,-94.727789
715,38.88637,-94.723622
716,38.88637,-94.719455
717,38.88637,-94.715288
718,38.88637,-94.711121
719,38.88637,-94.706954
720,38.88637,-94.702787
721,38.88637,-94.69862
722,38.88637,-94.694453
723,38.88637,-94.690286
724,38.88637,-94.686119
725,38.88637,-94.681952
726,38.88637,-94.677785
727,38.88637,-94.673618
728,38.88637,-94.669451
729,38.88637,-94.665284
730,38.88637,-94.661117
731,38.88637,-94.65695
732,38.88637,-94.652783
733,38.88637,-94.648616
734,38.88637,-94.644449
735,38.88637,-94.640282
736,38.88637,-94.636115
737,38.88637,-94.631948
738,38.88637,-94.627781
739,38.88637,-94.623614
740,38.88637,-94.619447
741,38.88637,-94.61528
742,38.88637,-94.611113
743,38.88637,-94.606946
744,38.88637,-94.602779
745,38.88637,-94.598612
746,38.88637,-94.594445
747,38.88637,-94.590278
748,38.88637,-94.586111
749,38.890537,-94.8653
750,38.890537,-94.861133
751,38.890537,-94.856966
752,38.890537,-94.852799
753,38.890537,-94.848632
754,38.890537,-94.844465
755,38.890537,-94.840298
756,38.890537,-94.836131
757,38.890537,-94.831964
758,38.890537,-94.827797
759,38.890537,-94.82363
760,38.890537,-94.819463
761,38.890537,-94.815296
762,38.890537,-94.811129
763,38.890537,-94.806962
764,38.890537,-94.802795
765,38.890537,-94.798628
766,38.890537,-94.794461
767,38.890537,-94.790294
768,38.890537,-94.786127
769,38.890537,-94.78196
770,38.890537,-94.777793
771,38.890537,-94.773626
772,38.890537,-94.769459
773,38.890537,-94.765292
774,38.890537,-94.761125
775,38.890537,-94.756958
776,38.890537,-94.752791
777,38.890537,-94.748624
778,38.890537,-94.744457
779,38.890537,-94.74029
780,38.890537,-94.736123
781,38.890537,-94.731956
782,38.890537,-94.727789
783,38.890537,-94.723622
784,38.890537,-94.719455
785,38.890537,-94.715288
786,38.890537,-94.711121
787,38.890537,-94.706954
788,38.890537,-94.702787
789,38.890537,-94.69862
790,38.890537,-94.694453
791,38.890537,-94.690286
792,38.890537,-94.686119
793,38.890537,-94.681952
794,38.890537,-94.677785
795,38.890537,-94.673618
796,38.890537,-94.669451
797,38.890537,-94.665284
798,38.890537,-94.661117
799,38.890537,-94.65695
800,38.890537,-94.652783
801,38.890537,-94.648616
802,38.890537,-94.644449
803,38.890537,-94.640282
804,38.890537,-94.636115
805,38.890537,-94.631948
806,38.890537,-94.627781
807,38.890537,-94.623614
808,38.890537,-94.619447
809,38.890537,-94.61528
810,38.890537,-94.611113
811,38.890537,-94.606946
812,38.890537,-94.602779
813,38.890537,-94.598612
814,38.890537,-94.594445
815,38.890537,-94.590278
816,38.890537,-94.586111
817,38.894704,-94.8653
818,38.894704,-94.861133
819,38.894704,-94.856966
820,38.894704,-94.852799
821,38.894704,-94.848632
822,38.894704,-94.844465
823,38.894704,-94.840298
824,38.894704,-94.836131
825,38.894704,-94.831964
826,38.894704,-94.827797
827,38.894704,-94.82363
828,38.894704,-94.819463
829,38.894704,-94.815296
830,38.894704,-94.811129
831,38.894704,-94.806962
832,38.894704,-94.802795
833,38.894704,-94.798628
834,38.894704,-94.794461
835,38.894704,-94.790294
836,38.894704,-94.786127
837,38.894704,-94.78196
838,38.894704,-94.777793
839,38.894704,-94.773626
840,38.894704,-94.769459
841,38.894704,-94.765292
842,38.894704,-94.761125
843,38.894704,-94.756958
844,38.894704,-94.752791
845,38.894704,-94.748624
846,38.894704,-94.744457
847,38.894704,-94.74029
848,38.894704,-94.736123
849,38.894704,-94.731956
850,38.894704,-94.727789
851,38.894704,-94.723622
852,38.894704,-94.719455
853,38.894704,-94.715288
854,38.894704,-94.711121
855,38.894704,-94.706954
856,38.894704,-94.702787
857,38.894704,-94.69862
858,38.894704,-94.694453
859,38.894704,-94.690286
860,38.894704,-94.686119
861,38.894704,-94.681952
862,38.894704,-94.677785
863,38.894704,-94.673618
864,38.894704,-94.669451
865,38.894704,-94.665284
866,38.894704,-94.661117
867,38.894704,-94.65695
868,38.894704,-94.652783
869,38.894704,-94.648616
870,38.894704,-94.644449
871,38.894704,-94.640282
872,38.894704,-94.636115
873,38.894704,-94.631948
874,38.894704,-94.627781
875,38.894704,-94.623614
876,38.894704,-94.619447
877,38.894704,-94.61528
878,38.894704,-94.611113
879,38.894704,-94.606946
880,38.894704,-94.602779
881,38.894704,-94.598612
882,38.894704,-94.594445
883,38.894704,-94.590278
884,38.894704,-94.586111
885,38.898871,-94.8653
886,38.898871,-94.861133
887,38.898871,-94.856966
888,38.898871,-94.852799
889,38.898871,-94.848632
890,38.898871,-94.844465
891,38.898871,-94.840298
892,38.898871,-94.836131
893,38.898871,-94.831964
894,38.898871,-94.827797
895,38.898871,-94.82363
896,38.898871,-94.819463
897,38.898871,-94.815296
898,38.898871,-94.811129
899,38.898871,-94.806962
900,38.898871,-94.802795
901,38.898871,-94.798628
902,38.898871,-94.794461
903,38.898871,-94.790294
904,38.898871,-94.786127
905,38.898871,-94.78196
906,38.898871,-94.777793
907,38.898871,-94.773626
908,38.898871,-94.769459
909,38.898871,-94.765292
910,38.898871,-94.761125
911,38.898871,-94.756958
912,38.898871,-94.752791
913,38.898871,-94.748624
914,38.898871,-94.744457
915,38.898871,-94.74029
916,38.898871,-94.736123
917,38.898871,-94.731956
918,38.898871,-94.727789
919,38.898871,-94.723622
920,38.898871,-94.719455
921,38.898871,-94.715288
922,38.898871,-94.711121
923,38.898871,-94.706954
924,38.898871,-94.702787
925,38.898871,-94.69862
926,38.898871,-94.694453
927,38.898871,-94.690286
928,38.898871,-94.686119
929,38.898871,-94.681952
930,38.898871,-94.677785
931,38.898871,-94.673618
932,38.898871,-94.669451
933,38.898871,-94.665284
934,38.898871,-94.661117
935,38.898871,-94.65695
936,38.898871,-94.652783
937,38.898871,-94.648616
938,38.898871,-94.644449
939,38.898871,-94.640282
940,38.898871,-94.636115
941,38.898871,-94.631948
942,38.898871,-94.627781
943,38.898871,-94.623614
944,38.898871,-94.619447
945,38.898871,-94.61528
946,38.898871,-94.611113
947,38.898871,-94.606946
948,38.898871,-94.602779
949,38.898871,-94.598612
950,38.898871,-94.594445
951,38.898871,-94.590278
952,38.898871,-94.586111
953,38.903038,-94.8653
954,38.903038,-94.861133
955,38.903038,-94.856966
956,38.903038,-94.852799
957,38.903038,-94.848632
958,38.903038,-94.844465
959,38.903038,-94.840298
960,38.903038,-94.836131
961,38.903038,-94.831964
962,38.903038,-94.827797
963,38.903038,-94.82363
964,38.903038,-94.819463
965,38.903038,-94.815296
966,38.903038,-94.811129
967,38.903038,-94.806962
968,38.903038,-94.802795
969,38.903038,-94.798628
970,38.903038,-94.794461
971,38.903038,-94.790294
972,38.903038,-94.786127
973,38.903038,-94.78196
974,38.903038,-94.777793
975,38.903038,-94.773626
976,38.903038,-94.769459
977,38.903038,-94.765292
978,38.903038,-94.761125
979,38.903038,-94.756958
980,38.903038,-94.752791
981,38.903038,-94.748624
982,38.903038,-94.744457
983,38.903038,-94.74029
984,38.903038,-94.736123
985,38.903038,-94.731956
986,38.903038,-94.727789
987,38.903038,-94.723622
988,38.903038,-94.719455
989,38.903038,-94.715288
990,38.903038,-94.711121
991,38.903038,-94.706954
992,38.903038,-94.702787
993,38.903038,-94.69862
994,38.903038,-94.694453
995,38.903038,-94.690286
996,38.903038,-94.686119
997,38.903038,-94.681952
998,38.903038,-94.677785
999,38.903038,-94.673618
1000,38.903038,-94.669451
1001,38.903038,-94.665284
1002,38.903038,-94.661117
1003,38.903038,-94.65695
1004,38.903038,-94.652783
1005,38.903038,-94.648616
1006,38.903038,-94.644449
1007,38.903038,-94.640282
1008,38.903038,-94.636115
1009,38.903038,-94.631948
1010,38.903038,-94.627781
1011,38.903038,-94.623614
1012,38.903038,-94.619447
1013,38.903038,-94.61528
1014,38.903038,-94.611113
1015,38.903038,-94.606946
1016,38.903038,-94.602779
1017,38.903038,-94.598612
1018,38.903038,-94.594445
1019,38.903038,-94.590278
1020,38.903038,-94.586111
1021,38.907205,-94.8653
1022,38.907205,-94.861133
1023,38.907205,-94.856966
1024,38.907205,-94.852799
1025,38.907205,-94.848632
1026,38.907205,-94.844465
1027,38.907205,-94.840298
1028,38.907205,-94.836131
1029,38.907205,-94.831964
1030,38.907205,-94.827797
1031,38.907205,-94.82363
1032,38.907205,-94.819463
1033,38.907205,-94.815296
1034,38.907205,-94.811129
1035,38.907205,-94.806962
1036,38.907205,-94.802795
1037,38.907205,-94.798628
1038,38.907205,-94.794461
1039,38.907205,-94.790294
1040,38.907205,-94.786127
1041,38.907205,-94.78196
1042,38.907205,-94.777793
1043,38.907205,-94.773626
1044,38.907205,-94.769459
1045,38.907205,-94.765292
1046,38.907205,-94.761125
1047,38.907205,-94.756958
1048,38.907205,-94.752791
1049,38.907205,-94.748624
1050,38.907205,-94.744457
1051,38.907205,-94.74029
1052,38.907205,-94.736123
1053,38.907205,-94.731956
1054,38.907205,-94.727789
1055,38.907205,-94.723622
1056,38.907205,-94.719455
1057,38.907205,-94.715288
1058,38.907205,-94.711121
1059,38.907205,-94.706954
1060,38.907205,-94.702787
1061,38.907205,-94.69862
1062,38.907205,-94.694453
1063,38.907205,-94.690286
1064,38.907205,-94.686119
1065,38.907205,-94.681952
1066,38.907205,-94.677785
1067,38.907205,-94.673618
1068,38.907205,-94.669451
1069,38.907205,-94.665284
1070,38.907205,-94.661117
1071,38.907205,-94.65695
1072,38.907205,-94.652783
1073,38.907205,-94.648616
1074,38.907205,-94.644449
1075,38.907205,-94.640282
1076,38.907205,-94.636115
1077,38.907205,-94.631948
1078,38.907205,-94.627781
1079,38.907205,-94.623614
1080,38.907205,-94.619447
1081,38.907205,-94.61528
1082,38.907205,-94.611113
1083,38.907205,-94.606946
1084,38.907205,-94.602779
1085,38.907205,-94.598612
1086,38.907205,-94.594445
1087,38.907205,-94.590278
1088,38.907205,-94.586111
1089,38.911372,-94.8653
1090,38.911372,-94.861133
1091,38.911372,-94.856966
1092,38.911372,-94.852799
1093,38.911372,-94.848632
1094,38.911372,-94.844465
1095,38.911372,-94.840298
1096,38.911372,-94.836131
1097,38.911372,-94.831964
1098,38.911372,-94.827797
1099,38.911372,-94.82363
1100,38.911372,-94.819463
1101,38.911372,-94.815296
1102,38.911372,-94.811129
1103,38.911372,-94.806962
1104,38.911372,-94.802795
1105,38.911372,-94.798628
1106,38.911372,-94.794461
1107,38.911372,-94.790294
1108,38.911372,-94.786127
1109,38.911372,-94.78196
1110,38.911372,-94.777793
1111,38.911372,-94.773626
1112,38.911372,-94.769459
1113,38.911372,-94.765292
1114,38.911372,-94.761125
1115,38.911372,-94.756958
1116,38.911372,-94.752791
1117,38.911372,-94.748624
1118,38.911372,-94.744457
1119,38.911372,-94.74029
1120,38.911372,-94.736123
1121,38.911372,-94.731956
1122,38.911372,-94.727789
1123,38.911372,-94.723622
1124,38.911372,-94.719455
1125,38.911372,-94.715288
1126,38.911372,-94.711121
1127,38.911372,-94.706954
1128,38.911372,-94.702787
1129,38.911372,-94.69862
1130,38.911372,-94.694453
1131,38.911372,-94.690286
1132,38.911372,-94.686119
1133,38.911372,-94.681952
1134,38.911372,-94.677785
1135,38.911372,-94.673618
1136,38.911372,-94.669451
1137,38.911372,-94.665284
1138,38.911372,-94.661117
1139,38.911372,-94.65695
1140,38.911372,-94.652783
1141,38.911372,-94.648616
1142,38.911372,-94.644449
1143,38.911372,-94.640282
1144,38.911372,-94.636115
1145,38.911372,-94.631948
1146,38.911372,-94.627781
1147,38.911372,-94.623614
1148,38.911372,-94.619447
1149,38.911372,-94.61528
1150,38.911372,-94.611113
1151,38.911372,-94.606946
1152,38.911372,-94.602779
1153,38.911372,-94.598612
1154,38.911372,-94.594445
1155,38.911372,-94.590278
1156,38.911372,-94.586111
1157,38.915539,-94.8653
1158,38.915539,-94.861133
1159,38.915539,-94.856966
1160,38.915539,-94.852799
1161,38.915539,-94.848632
1162,38.915539,-94.844465
1163,38.915539,-94.840298
1164,38.915539,-94.836131
1165,38.915539,-94.831964
1166,38.915539,-94.827797
1167,38.915539,-94.82363
1168,38.915539,-94.819463
1169,38.915539,-94.815296
1170,38.915539,-94.811129
1171,38.915539,-94.806962
1172,38.915539,-94.802795
1173,38.915539,-94.798628
1174,38.915539,-94.794461
1175,38.915539,-94.790294
1176,38.915539,-94.786127
1177,38.915539,-94.78196
1178,38.915539,-94.777793
1179,38.915539,-94.773626
1180,38.915539,-94.769459
1181,38.915539,-94.765292
1182,38.915539,-94.761125
1183,38.915539,-94.756958
1184,38.915539,-94.752791
1185,38.915539,-94.748624
1186,38.915539,-94.744457
1187,38.915539,-94.74029
1188,38.915539,-94.736123
1189,38.915539,-94.731956
1190,38.915539,-94.727789
1191,38.915539,-94.723622
1192,38.915539,-94.719455
1193,38.915539,-94.715288
1194,38.915539,-94.711121
1195,38.915539,-94.706954
1196,38.915539,-94.702787
1197,38.915539,-94.69862
1198,38.915539,-94.694453
1199,38.915539,-94.690286
1200,38.915539,-94.686119
1201,38.915539,-94.681952
1202,38.915539,-94.677785
1203,38.915539,-94.673618
1204,38.915539,-94.669451
1205,38.915539,-94.665284
1206,38.915539,-94.661117
1207,38.915539,-94.65695
1208,38.915539,-94.652783
1209,38.915539,-94.648616
1210,38.915539,-94.644449
1211,38.915539,-94.640282
1212,38.915539,-94.636115
1213,38.915539,-94.631948
1214,38.915539,-94.627781
1215,38.915539,-94.623614
1216,38.915539,-94.619447
1217,38.915539,-94.61528
1218,38.915539,-94.611113
1219,38.915539,-94.606946
1220,38.915539,-94.602779
1221,38.915539,-94.598612
1222,38.915539,-94.594445
1223,38.915539,-94.590278
1224,38.915539,-94.586111
1225,38.919706,-94.8653
1226,38.919706,-94.861133
1227,38.919706,-94.856966
1228,38.919706,-94.852799
1229,38.919706,-94.848632
1230,38.919706,-94.844465
1231,38.919706,-94.840298
1232,38.919706,-94.836131
1233,38.919706,-94.831964
1234,38.919706,-94.827797
1235,38.919706,-94.82363
1236,38.919706,-94.819463
1237,38.919706,-94.815296
1238,38.919706,-94.811129
1239,38.919706,-94.806962
1240,38.919706,-94.802795
1241,38.919706,-94.798628
1242,38.919706,-94.794461
1243,38.919706,-94.790294
1244,38.919706,-94.786127
1245,38.919706,-94.78196
1246,38.919706,-94.777793
1247,38.919706,-94.773626
1248,38.919706,-94.769459
1249,38.919706,-94.765292
1250,38.919706,-94.761125
1251,38.919706,-94.756958
1252,38.919706,-94.752791
1253,38.919706,-94.748624
1254,38.919706,-94.744457
1255,38.919706,-94.74029
1256,38.919706,-94.736123
1257,38.919706,-94.731956
1258,38.919706,-94.727789
1259,38.919706,-94.723622
1260,38.919706,-94.719455
1261,38.919706,-94.715288
1262,38.919706,-94.711121
1263,38.919706,-94.706954
1264,38.919706,-94.702787
1265,38.919706,-94.69862
1266,38.919706,-94.694453
1267,38.919706,-94.690286
1268,38.919706,-94.686119
1269,38.919706,-94.681952
1270,38.919706,-94.677785
1271,38.919706,-94.673618
1272,38.919706,-94.669451
1273,38.919706,-94.665284
1274,38.919706,-94.661117
1275,38.919706,-94.65695
1276,38.919706,-94.652783
1277,38.919706,-94.648616
1278,38.919706,-94.644449
1279,38.919706,-94.640282
1280,38.919706,-94.636115
1281,38.919706,-94.631948
1282,38.919706,-94.627781
1283,38.919706,-94.623614
1284,38.919706,-94.619447
1285,38.919706,-94.61528
1286,38.919706,-94.611113
1287,38.919706,-94.606946
1288,38.919706,-94.602779
1289,38.919706,-94.598612
1290,38.919706,-94.594445
1291,38.919706,-94.590278
1292,38.919706,-94.586111
1293,38.923873,-94.8653
1294,38.923873,-94.861133
1295,38.923873,-94.856966
1296,38.923873,-94.852799
1297,38.923873,-94.848632
1298,38.923873,-94.844465
1299,38.923873,-94.840298
1300,38.923873,-94.836131
1301,38.923873,-94.831964
1302,38.923873,-94.827797
1303,38.923873,-94.82363
1304,38.923873,-94.819463
1305,38.923873,-94.815296
1306,38.923873,-94.811129
1307,38.923873,-94.806962
1308,38.923873,-94.802795
1309,38.923873,-94.798628
1310,38.923873,-94.794461
1311,38.923873,-94.790294
1312,38.923873,-94.786127
1313,38.923873,-94.78196
1314,38.923873,-94.777793
1315,38.923873,-94.773626
1316,38.923873,-94.769459
1317,38.923873,-94.765292
1318,38.923873,-94.761125
1319,38.923873,-94.756958
1320,38.923873,-94.752791
1321,38.923873,-94.748624
1322,38.923873,-94.744457
1323,38.923873,-94.74029
1324,38.923873,-94.736123
1325,38.923873,-94.731956
1326,38.923873,-94.727789
1327,38.923873,-94.723622
1328,38.923873,-94.719455
1329,38.923873,-94.715288
1330,38.923873,-94.711121
1331,38.923873,-94.706954
1332,38.923873,-94.702787
1333,38.923873,-94.69862
1334,38.923873,-94.694453
1335,38.923873,-94.690286
1336,38.923873,-94.686119
1337,38.923873,-94.681952
1338,38.923873,-94.677785
1339,38.923873,-94.673618
1340,38.923873,-94.669451
1341,38.923873,-94.665284
1342,38.923873,-94.661117
1343,38.923873,-94.65695
1344,38.923873,-94.652783
1345,38.923873,-94.648616
1346,38.923873,-94.644449
1347,38.923873,-94.640282
1348,38.923873,-94.636115
1349,38.923873,-94.631948
1350,38.923873,-94.627781
1351,38.923873,-94.623614
1352,38.923873,-94.619447
1353,38.923873,-94.61528
1354,38.923873,-94.611113
1355,38.923873,-94.606946
1356,38.923873,-94.602779
1357,38.923873,-94.598612
1358,38.923873,-94.594445
1359,38.923873,-94.590278
1360,38.923873,-94.586111
1361,38.92804,-94.8653
1362,38.92804,-94.861133
1363,38.92804,-94.856966
1364,38.92804,-94.852799
1365,38.92804,-94.848632
1366,38.92804,-94.844465
1367,38.92804,-94.840298
1368,38.92804,-94.836131
1369,38.92804,-94.831964
1370,38.92804,-94.827797
1371,38.92804,-94.82363
1372,38.92804,-94.819463
1373,38.92804,-94.815296
1374,38.92804,-94.811129
1375,38.92804,-94.806962
1376,38.92804,-94.802795
1377,38.92804,-94.798628
1378,38.92804,-94.794461
1379,38.92804,-94.790294
1380,38.92804,-94.786127
1381,38.92804,-94.78196
1382,38.92804,-94.777793
1383,38.92804,-94.773626
1384,38.92804,-94.769459
1385,38.92804,-94.765292
1386,38.92804,-94.761125
1387,38.92804,-94.756958
1388,38.92804,-94.752791
1389,38.92804,-94.748624
1390,38.92804,-94.744457
1391,38.92804,-94.74029
1392,38.92804,-94.736123
1393,38.92804,-94.731956
1394,38.92804,-94.727789
1395,38.92804,-94.723622
1396,38.92804,-94.719455
1397,38.92804,-94.715288
1398,38.92804,-94.711121
1399,38.92804,-94.706954
1400,38.92804,-94.702787
1401,38.92804,-94.69862
1402,38.92804,-94.694453
1403,38.92804,-94.690286
1404,38.92804,-94.686119
1405,38.92804,-94.681952
1406,38.92804,-94.677785
1407,38.92804,-94.673618
1408,38.92804,-94.669451
1409,38.92804,-94.665284
1410,38.92804,-94.661117
1411,38.92804,-94.65695
1412,38.92804,-94.652783
1413,38.92804,-94.648616
1414,38.92804,-94.644449
1415,38.92804,-94.640282
1416,38.92804,-94.636115
1417,38.92804,-94.631948
1418,38.92804,-94.627781
1419,38.92804,-94.623614
1420,38.92804,-94.619447
1421,38.92804,-94.61528
1422,38.92804,-94.611113
1423,38.92804,-94.606946
1424,38.92804,-94.602779
1425,38.92804,-94.598612
1426,38.92804,-94.594445
1427,38.92804,-94.590278
1428,38.92804,-94.586111
1429,38.932207,-94.8653
1430,38.932207,-94.861133
1431,38.932207,-94.856966
1432,38.932207,-94.852799
1433,38.932207,-94.848632
1434,38.932207,-94.844465
1435,38.932207,-94.840298
1436,38.932207,-94.836131
1437,38.932207,-94.831964
1438,38.932207,-94.827797
1439,38.932207,-94.82363
1440,38.932207,-94.819463
1441,38.932207,-94.815296
1442,38.932207,-94.811129
1443,38.932207,-94.806962
1444,38.932207,-94.802795
1445,38.932207,-94.798628
1446,38.932207,-94.794461
1447,38.932207,-94.790294
1448,38.932207,-94.786127
1449,38.932207,-94.78196
1450,38.932207,-94.777793
1451,38.932207,-94.773626
1452,38.932207,-94.769459
1453,38.932207,-94.765292
1454,38.932207,-94.761125
1455,38.932207,-94.756958
1456,38.932207,-94.752791
1457,38.932207,-94.748624
1458,38.932207,-94.744457
1459,38.932207,-94.74029
1460,38.932207,-94.736123
1461,38.932207,-94.731956
1462,38.932207,-94.727789
1463,38.932207,-94.723622
1464,38.932207,-94.719455
1465,38.932207,-94.715288
1466,38.932207,-94.711121
1467,38.932207,-94.706954
1468,38.932207,-94.702787
1469,38.932207,-94.69862
1470,38.932207,-94.694453
1471,38.932207,-94.690286
1472,38.932207,-94.686119
1473,38.932207,-94.681952
1474,38.932207,-94.677785
1475,38.932207,-94.673618
1476,38.932207,-94.669451
1477,38.932207,-94.665284
1478,38.932207,-94.661117
1479,38.932207,-94.65695
1480,38.932207,-94.652783
1481,38.932207,-94.648616
1482,38.932207,-94.644449
1483,38.932207,-94.640282
1484,38.932207,-94.636115
1485,38.932207,-94.631948
1486,38.932207,-94.627781
1487,38.932207,-94.623614
1488,38.932207,-94.619447
1489,38.932207,-94.61528
1490,38.932207,-94.611113
1491,38.932207,-94.606946
1492,38.932207,-94.602779
1493,38.932207,-94.598612
1494,38.932207,-94.594445
1495,38.932207,-94.590278
1496,38.932207,-94.586111
1497,38.936374,-94.8653
1498,38.936374,-94.861133
1499,38.936374,-94.856966
1500,38.936374,-94.852799
1501,38.936374,-94.848632
1502,38.936374,-94.844465
1503,38.936374,-94.840298
1504,38.936374,-94.836131
1505,38.936374,-94.831964
1506,38.936374,-94.827797
1507,38.936374,-94.82363
1508,38.936374,-94.819463
1509,38.936374,-94.815296
1510,38.936374,-94.811129
1511,38.936374,-94.806962
1512,38.936374,-94.802795
1513,38.936374,-94.798628
1514,38.936374,-94.794461
1515,38.936374,-94.790294
1516,38.936374,-94.786127
1517,38.936374,-94.78196
1518,38.936374,-94.777793
1519,38.936374,-94.773626
1520,38.936374,-94.769459
1521,38.936374,-94.765292
1522,38.936374,-94.761125
1523,38.936374,-94.756958
1524,38.936374,-94.752791
1525,38.936374,-94.748624
1526,38.936374,-94.744457
1527,38.936374,-94.74029
1528,38.936374,-94.736123
1529,38.936374,-94.731956
1530,38.936374,-94.727789
1531,38.936374,-94.723622
1532,38.936374,-94.719455
1533,38.936374,-94.715288
1534,38.936374,-94.711121
1535,38.936374,-94.706954
1536,38.936374,-94.702787
1537,38.936374,-94.69862
1538,38.936374,-94.694453
1539,38.936374,-94.690286
1540,38.936374,-94.686119
1541,38.936374,-94.681952
1542,38.936374,-94.677785
1543,38.936374,-94.673618
1544,38.936374,-94.669451
1545,38.936374,-94.665284
1546,38.936374,-94.661117
1547,38.936374,-94.65695
1548,38.936374,-94.652783
1549,38.936374,-94.648616
1550,38.936374,-94.644449
1551,38.936374,-94.640282
1552,38.936374,-94.636115
1553,38.936374,-94.631948
1554,38.936374,-94.627781
1555,38.936374,-94.623614
1556,38.936374,-94.619447
1557,38.936374,-94.61528
1558,38.936374,-94.611113
1559,38.936374,-94.606946
1560,38.936374,-94.602779
1561,38.936374,-94.598612
1562,38.936374,-94.594445
1563,38.936374,-94.590278
1564,38.936374,-94.586111
1565,38.940541,-94.8653
1566,38.940541,-94.861133
1567,38.940541,-94.856966
1568,38.940541,-94.852799
1569,38.940541,-94.848632
1570,38.940541,-94.844465
1571,38.940541,-94.840298
1572,38.940541,-94.836131
1573,38.940541,-94.831964
1574,38.940541,-94.827797
1575,38.940541,-94.82363
1576,38.940541,-94.819463
1577,38.940541,-94.815296
1578,38.940541,-94.811129
1579,38.940541,-94.806962
1580,38.940541,-94.802795
1581,38.940541,-94.798628
1582,38.940541,-94.794461
1583,38.940541,-94.790294
1584,38.940541,-94.786127
1585,38.940541,-94.78196
1586,38.940541,-94.777793
1587,38.940541,-94.773626
1588,38.940541,-94.769459
1589,38.940541,-94.765292
1590,38.940541,-94.761125
1591,38.940541,-94.756958
1592,38.940541,-94.752791
1593,38.940541,-94.748624
1594,38.940541,-94.744457
1595,38.940541,-94.74029
1596,38.940541,-94.736123
1597,38.940541,-94.731956
1598,38.940541,-94.727789
1599,38.940541,-94.723622
1600,38.940541,-94.719455
1601,38.940541,-94.715288
1602,38.940541,-94.711121
1603,38.940541,-94.706954
1604,38.940541,-94.702787
1605,38.940541,-94.69862
1606,38.940541,-94.694453
1607,38.940541,-94.690286
1608,38.940541,-94.686119
1609,38.940541,-94.681952
1610,38.940541,-94.677785
1611,38.940541,-94.673618
1612,38.940541,-94.669451
1613,38.940541,-94.665284
1614,38.940541,-94.661117
1615,38.940541,-94.65695
1616,38.940541,-94.652783
1617,38.940541,-94.648616
1618,38.940541,-94.644449
1619,38.940541,-94.640282
1620,38.940541,-94.636115
1621,38.940541,-94.631948
1622,38.940541,-94.627781
1623,38.940541,-94.623614
1624,38.940541,-94.619447
1625,38.940541,-94.61528
1626,38.940541,-94.611113
1627,38.940541,-94.606946
1628,38.940541,-94.602779
1629,38.940541,-94.598612
1630,38.940541,-94.594445
1631,38.940541,-94.590278
1632,38.940541,-94.586111
1633,38.944708,-94.8653
1634,38.944708,-94.861133
1635,38.944708,-94.856966
1636,38.944708,-94.852799
1637,38.944708,-94.848632
1638,38.944708,-94.844465
1639,38.944708,-94.840298
1640,38.944708,-94.836131
1641,38.944708,-94.831964
1642,38.944708,-94.827797
1643,38.944708,-94.82363
1644,38.944708,-94.819463
1645,38.944708,-94.815296
1646,38.944708,-94.811129
1647,38.944708,-94.806962
1648,38.944708,-94.802795
1649,38.944708,-94.798628
1650,38.944708,-94.794461
1651,38.944708,-94.790294
1652,38.944708,-94.786127
1653,38.944708,-94.78196
1654,38.944708,-94.777793
1655,38.944708,-94.773626
1656,38.944708,-94.769459
1657,38.944708,-94.765292
1658,38.944708,-94.761125
1659,38.944708,-94.756958
1660,38.944708,-94.752791
1661,38.944708,-94.748624
1662,38.944708,-94.744457
1663,38.944708,-94.74029
1664,38.944708,-94.736123
1665,38.944708,-94.731956
1666,38.944708,-94.727789
1667,38.944708,-94.723622
1668,38.944708,-94.719455
1669,38.944708,-94.715288
1670,38.944708,-94.711121
1671,38.944708,-94.706954
1672,38.944708,-94.702787
1673,38.944708,-94.69862
1674,38.944708,-94.694453
1675,38.944708,-94.690286
1676,38.944708,-94.686119
1677,38.944708,-94.681952
1678,38.944708,-94.677785
1679,38.944708,-94.673618
1680,38.944708,-94.669451
1681,38.944708,-94.665284
1682,38.944708,-94.661117
1683,38.944708,-94.65695
1684,38.944708,-94.652783
1685,38.944708,-94.648616
1686,38.944708,-94.644449
1687,38.944708,-94.640282
1688,38.944708,-94.636115
1689,38.944708,-94.631948
1690,38.944708,-94.627781
1691,38.944708,-94.623614
1692,38.944708,-94.619447
1693,38.944708,-94.61528
1694,38.944708,-94.611113
1695,38.944708,-94.606946
1696,38.944708,-94.602779
1697,38.944708,-94.598612
1698,38.944708,-94.594445
1699,38.944708,-94.590278
1700,38.944708,-94.586111
1701,38.948875,-94.8653
1702,38.948875,-94.861133
1703,38.948875,-94.856966
1704,38.948875,-94.852799
1705,38.948875,-94.848632
1706,38.948875,-94.844465
1707,38.948875,-94.840298
1708,38.948875,-94.836131
1709,38.948875,-94.831964
1710,38.948875,-94.827797
1711,38.948875,-94.82363
1712,38.948875,-94.819463
1713,38.948875,-94.815296
1714,38.948875,-94.811129
1715,38.948875,-94.806962
1716,38.948875,-94.802795
1717,38.948875,-94.798628
1718,38.948875,-94.794461
1719,38.948875,-94.790294
1720,38.948875,-94.786127
1721,38.948875,-94.78196
1722,38.948875,-94.777793
1723,38.948875,-94.773626
1724,38.948875,-94.769459
1725,38.948875,-94.765292
1726,38.948875,-94.761125
1727,38.948875,-94.756958
1728,38.948875,-94.752791
1729,38.948875,-94.748624
1730,38.948875,-94.744457
1731,38.948875,-94.74029
1732,38.948875,-94.736123
1733,38.948875,-94.731956
1734,38.948875,-94.727789
1735,38.948875,-94.723622
1736,38.948875,-94.719455
1737,38.948875,-94.715288
1738,38.948875,-94.711121
1739,38.948875,-94.706954
1740,38.948875,-94.702787
1741,38.948875,-94.69862
1742,38.948875,-94.694453
1743,38.948875,-94.690286
1744,38.948875,-94.686119
1745,38.948875,-94.681952
1746,38.948875,-94.677785
1747,38.948875,-94.673618
1748,38.948875,-94.669451
1749,38.948875,-94.665284
1750,38.948875,-94.661117
1751,38.948875,-94.65695
1752,38.948875,-94.652783
1753,38.948875,-94.648616
1754,38.948875,-94.644449
1755,38.948875,-94.640282
1756,38.948875,-94.636115
1757,38.948875,-94.631948
1758,38.948875,-94.627781
1759,38.948875,-94.623614
1760,38.948875,-94.619447
1761,38.948875,-94.61528
1762,38.948875,-94.611113
1763,38.948875,-94.606946
1764,38.948875,-94.602779
1765,38.948875,-94.598612
1766,38.948875,-94.594445
1767,38.948875,-94.590278
1768,38.948875,-94.586111
1769,38.953042,-94.8653
1770,38.953042,-94.861133
1771,38.953042,-94.856966
1772,38.953042,-94.852799
1773,38.953042,-94.848632
1774,38.953042,-94.844465
1775,38.953042,-94.840298
1776,38.953042,-94.836131
1777,38.953042,-94.831964
1778,38.953042,-94.827797
1779,38.953042,-94.82363
1780,38.953042,-94.819463
1781,38.953042,-94.815296
1782,38.953042,-94.811129
1783,38.953042,-94.806962
1784,38.953042,-94.802795
1785,38.953042,-94.798628
1786,38.953042,-94.794461
1787,38.953042,-94.790294
1788,38.953042,-94.786127
1789,38.953042,-94.78196
1790,38.953042,-94.777793
1791,38.953042,-94.773626
1792,38.953042,-94.769459
1793,38.953042,-94.765292
1794,38.953042,-94.761125
1795,38.953042,-94.756958
1796,38.953042,-94.752791
1797,38.953042,-94.748624
1798,38.953042,-94.744457
1799,38.953042,-94.74029
1800,38.953042,-94.736123
1801,38.953042,-94.731956
1802,38.953042,-94.727789
1803,38.953042,-94.723622
1804,38.953042,-94.719455
1805,38.953042,-94.715288
1806,38.953042,-94.711121
1807,38.953042,-94.706954
1808,38.953042,-94.702787
1809,38.953042,-94.69862
1810,38.953042,-94.694453
1811,38.953042,-94.690286
1812,38.953042,-94.686119
1813,38.953042,-94.681952
1814,38.953042,-94.677785
1815,38.953042,-94.673618
1816,38.953042,-94.669451
1817,38.953042,-94.665284
1818,38.953042,-94.661117
1819,38.953042,-94.65695
1820,38.953042,-94.652783
1821,38.953042,-94.648616
1822,38.953042,-94.644449
1823,38.953042,-94.640282
1824,38.953042,-94.636115
1825,38.953042,-94.631948
1826,38.953042,-94.627781
1827,38.953042,-94.623614
1828,38.953042,-94.619447
1829,38.953042,-94.61528
1830,38.953042,-94.611113
1831,38.953042,-94.606946
1832,38.953042,-94.602779
1833,38.953042,-94.598612
1834,38.953042,-94.594445
1835,38.953042,-94.590278
1836,38.953042,-94.586111
1837,38.957209,-94.8653
1838,38.957209,-94.861133
1839,38.957209,-94.856966
1840,38.957209,-94.852799
1841,38.957209,-94.848632
1842,38.957209,-94.844465
1843,38.957209,-94.840298
1844,38.957209,-94.836131
1845,38.957209,-94.831964
1846,38.957209,-94.827797
1847,38.957209,-94.82363
1848,38.957209,-94.819463
1849,38.957209,-94.815296
1850,38.957209,-94.811129
1851,38.957209,-94.806962
1852,38.957209,-94.802795
1853,38.957209,-94.798628
1854,38.957209,-94.794461
1855,38.957209,-94.790294
1856,38.957209,-94.786127
1857,38.957209,-94.78196
1858,38.957209,-94.777793
1859,38.957209,-94.773626
1860,38.957209,-94.769459
1861,38.957209,-94.765292
1862,38.957209,-94.761125
1863,38.957209,-94.756958
1864,38.957209,-94.752791
1865,38.957209,-94.748624
1866,38.957209,-94.744457
1867,38.957209,-94.74029
1868,38.957209,-94.736123
1869,38.957209,-94.731956
1870,38.957209,-94.727789
1871,38.957209,-94.723622
1872,38.957209,-94.719455
1873,38.957209,-94.715288
1874,38.957209,-94.711121
1875,38.957209,-94.706954
1876,38.957209,-94.702787
1877,38.957209,-94.69862
1878,38.957209,-94.694453
1879,38.957209,-94.690286
1880,38.957209,-94.686119
1881,38.957209,-94.681952
1882,38.957209,-94.677785
1883,38.957209,-94.673618
1884,38.957209,-94.669451
1885,38.957209,-94.665284
1886,38.957209,-94.661117
1887,38.957209,-94.65695
1888,38.957209,-94.652783
1889,38.957209,-94.648616
1890,38.957209,-94.644449
1891,38.957209,-94.640282
1892,38.957209,-94.636115
1893,38.957209,-94.631948
1894,38.957209,-94.627781
1895,38.957209,-94.623614
1896,38.957209,-94.619447
1897,38.957209,-94.61528
1898,38.957209,-94.611113
1899,38.957209,-94.606946
1900,38.957209,-94.602779
1901,38.957209,-94.598612
1902,38.957209,-94.594445
1903,38.957209,-94.590278
1904,38.957209,-94.586111
1905,38.961376,-94.8653
1906,38.961376,-94.861133
1907,38.961376,-94.856966
1908,38.961376,-94.852799
1909,38.961376,-94.848632
1910,38.961376,-94.844465
1911,38.961376,-94.840298
1912,38.961376,-94.836131
1913,38.961376,-94.831964
1914,38.961376,-94.827797
1915,38.961376,-94.82363
1916,38.961376,-94.819463
1917,38.961376,-94.815296
1918,38.961376,-94.811129
1919,38.961376,-94.806962
1920,38.961376,-94.802795
1921,38.961376,-94.798628
1922,38.961376,-94.794461
1923,38.961376,-94.790294
1924,38.961376,-94.786127
1925,38.961376,-94.78196
1926,38.961376,-94.777793
1927,38.961376,-94.773626
1928,38.961376,-94.769459
1929,38.961376,-94.765292
1930,38.961376,-94.761125
1931,38.961376,-94.756958
1932,38.961376,-94.752791
1933,38.961376,-94.748624
1934,38.961376,-94.744457
1935,38.961376,-94.74029
1936,38.961376,-94.736123
1937,38.961376,-94.731956
1938,38.961376,-94.727789
1939,38.961376,-94.723622
1940,38.961376,-94.719455
1941,38.961376,-94.715288
1942,38.961376,-94.711121
1943,38.961376,-94.706954
1944,38.961376,-94.702787
1945,38.961376,-94.69862
1946,38.961376,-94.694453
1947,38.961376,-94.690286
1948,38.961376,-94.686119
1949,38.961376,-94.681952
1950,38.961376,-94.677785
1951,38.961376,-94.673618
1952,38.961376,-94.669451
1953,38.961376,-94.665284
1954,38.961376,-94.661117
1955,38.961376,-94.65695
1956,38.961376,-94.652783
1957,38.961376,-94.648616
1958,38.961376,-94.644449
1959,38.961376,-94.640282
1960,38.961376,-94.636115
1961,38.961376,-94.631948
1962,38.961376,-94.627781
1963,38.961376,-94.623614
1964,38.961376,-94.619447
1965,38.961376,-94.61528
1966,38.961376,-94.611113
1967,38.961376,-94.606946
1968,38.961376,-94.602779
1969,38.961376,-94.598612
1970,38.961376,-94.594445
1971,38.961376,-94.590278
1972,38.961376,-94.586111
1973,38.965543,-94.8653
1974,38.965543,-94.861133
1975,38.965543,-94.856966
1976,38.965543,-94.852799
1977,38.965543,-94.848632
1978,38.965543,-94.844465
1979,38.965543,-94.840298
1980,38.965543,-94.836131
1981,38.965543,-94.831964
1982,38.965543,-94.827797
1983,38.965543,-94.82363
1984,38.965543,-94.819463
1985,38.965543,-94.815296
1986,38.965543,-94.811129
1987,38.965543,-94.806962
1988,38.965543,-94.802795
1989,38.965543,-94.798628
1990,38.965543,-94.794461
1991,38.965543,-94.790294
1992,38.965543,-94.786127
1993,38.965543,-94.78196
1994,38.965543,-94.777793
1995,38.965543,-94.773626
1996,38.965543,-94.769459
1997,38.965543,-94.765292
1998,38.965543,-94.761125
1999,38.965543,-94.756958
2000,38.965543,-94.752791
2001,38.965543,-94.748624
2002,38.965543,-94.744457
2003,38.965543,-94.74029
2004,38.965543,-94.736123
2005,38.965543,-94.731956
2006,38.965543,-94.727789
2007,38.965543,-94.723622
2008,38.965543,-94.719455
2009,38.965543,-94.715288
2010,38.965543,-94.711121
2011,38.965543,-94.706954
2012,38.965543,-94.702787
2013,38.965543,-94.69862
2014,38.965543,-94.694453
2015,38.965543,-94.690286
2016,38.965543,-94.686119
2017,38.965543,-94.681952
2018,38.965543,-94.677785
2019,38.965543,-94.673618
2020,38.965543,-94.669451
2021,38.965543,-94.665284
2022,38.965543,-94.661117
2023,38.965543,-94.65695
2024,38.965543,-94.652783
2025,38.965543,-94.648616
2026,38.965543,-94.644449
2027,38.965543,-94.640282
2028,38.965543,-94.636115
2029,38.965543,-94.631948
2030,38.965543,-94.627781
2031,38.965543,-94.623614
2032,38.965543,-94.619447
2033,38.965543,-94.61528
2034,38.965543,-94.611113
2035,38.965543,-94.606946
2036,38.965543,-94.602779
2037,38.965543,-94.598612
2038,38.965543,-94.594445
2039,38.965543,-94.590278
2040,38.965543,-94.586111
2041,38.96971,-94.8653
2042,38.96971,-94.861133
2043,38.96971,-94.856966
2044,38.96971,-94.852799
2045,38.96971,-94.848632
2046,38.96971,-94.844465
2047,38.96971,-94.840298
2048,38.96971,-94.836131
2049,38.96971,-94.831964
2050,38.96971,-94.827797
2051,38.96971,-94.82363
2052,38.96971,-94.819463
2053,38.96971,-94.815296
2054,38.96971,-94.811129
2055,38.96971,-94.806962
2056,38.96971,-94.802795
2057,38.96971,-94.798628
2058,38.96971,-94.794461
2059,38.96971,-94.790294
2060,38.96971,-94.786127
2061,38.96971,-94.78196
2062,38.96971,-94.777793
2063,38.96971,-94.773626
2064,38.96971,-94.769459
2065,38.96971,-94.765292
2066,38.96971,-94.761125
2067,38.96971,-94.756958
2068,38.96971,-94.752791
2069,38.96971,-94.748624
2070,38.96971,-94.744457
2071,38.96971,-94.74029
2072,38.96971,-94.736123
2073,38.96971,-94.731956
2074,38.96971,-94.727789
2075,38.96971,-94.723622
2076,38.96971,-94.719455
2077,38.96971,-94.715288
2078,38.96971,-94.711121
2079,38.96971,-94.706954
2080,38.96971,-94.702787
2081,38.96971,-94.69862
2082,38.96971,-94.694453
2083,38.96971,-94.690286
2084,38.96971,-94.686119
2085,38.96971,-94.681952
2086,38.96971,-94.677785
2087,38.96971,-94.673618
2088,38.96971,-94.669451
2089,38.96971,-94.665284
2090,38.96971,-94.661117
2091,38.96971,-94.65695
2092,38.96971,-94.652783
2093,38.96971,-94.648616
2094,38.96971,-94.644449
2095,38.96971,-94.640282
2096,38.96971,-94.636115
2097,38.96971,-94.631948
2098,38.96971,-94.627781
2099,38.96971,-94.623614
2100,38.96971,-94.619447
2101,38.96971,-94.61528
2102,38.96971,-94.611113
2103,38.96971,-94.606946
2104,38.96971,-94.602779
2105,38.96971,-94.598612
2106,38.96971,-94.594445
2107,38.96971,-94.590278
2108,38.96971,-94.586111
2109,38.973877,-94.8653
2110,38.973877,-94.861133
2111,38.973877,-94.856966
2112,38.973877,-94.852799
2113,38.973877,-94.848632
2114,38.973877,-94.844465
2115,38.973877,-94.840298
2116,38.973877,-94.836131
2117,38.973877,-94.831964
2118,38.973877,-94.827797
2119,38.973877,-94.82363
2120,38.973877,-94.819463
2121,38.973877,-94.815296
2122,38.973877,-94.811129
2123,38.973877,-94.806962
2124,38.973877,-94.802795
2125,38.973877,-94.798628
2126,38.973877,-94.794461
2127,38.973877,-94.790294
2128,38.973877,-94.786127
2129,38.973877,-94.78196
2130,38.973877,-94.777793
2131,38.973877,-94.773626
2132,38.973877,-94.769459
2133,38.973877,-94.765292
2134,38.973877,-94.761125
2135,38.973877,-94.756958
2136,38.973877,-94.752791
2137,38.973877,-94.748624
2138,38.973877,-94.744457
2139,38.973877,-94.74029
2140,38.973877,-94.736123
2141,38.973877,-94.731956
2142,38.973877,-94.727789
2143,38.973877,-94.723622
2144,38.973877,-94.719455
2145,38.973877,-94.715288
2146,38.973877,-94.711121
2147,38.973877,-94.706954
2148,38.973877,-94.702787
2149,38.973877,-94.69862
2150,38.973877,-94.694453
2151,38.973877,-94.690286
2152,38.973877,-94.686119
2153,38.973877,-94.681952
2154,38.973877,-94.677785
2155,38.973877,-94.673618
2156,38.973877,-94.669451
2157,38.973877,-94.665284
2158,38.973877,-94.661117
2159,38.973877,-94.65695
2160,38.973877,-94.652783
2161,38.973877,-94.648616
2162,38.973877,-94.644449
2163,38.973877,-94.640282
2164,38.973877,-94.636115
2165,38.973877,-94.631948
2166,38.973877,-94.627781
2167,38.973877,-94.623614
2168,38.973877,-94.619447
2169,38.973877,-94.61528
2170,38.973877,-94.611113
2171,38.973877,-94.606946
2172,38.973877,-94.602779
2173,38.973877,-94.598612
2174,38.973877,-94.594445
2175,38.973877,-94.590278
2176,38.973877,-94.586111
2177,38.978044,-94.8653
2178,38.978044,-94.861133
2179,38.978044,-94.856966
2180,38.978044,-94.852799
2181,38.978044,-94.848632
2182,38.978044,-94.844465
2183,38.978044,-94.840298
2184,38.978044,-94.836131
2185,38.978044,-94.831964
2186,38.978044,-94.827797
2187,38.978044,-94.82363
2188,38.978044,-94.819463
2189,38.978044,-94.815296
2190,38.978044,-94.811129
2191,38.978044,-94.806962
2192,38.978044,-94.802795
2193,38.978044,-94.798628
2194,38.978044,-94.794461
2195,38.978044,-94.790294
2196,38.978044,-94.786127
2197,38.978044,-94.78196
2198,38.978044,-94.777793
2199,38.978044,-94.773626
2200,38.978044,-94.769459
2201,38.978044,-94.765292
2202,38.978044,-94.761125
2203,38.978044,-94.756958
2204,38.978044,-94.752791
2205,38.978044,-94.748624
2206,38.978044,-94.744457
2207,38.978044,-94.74029
2208,38.978044,-94.736123
2209,38.978044,-94.731956
2210,38.978044,-94.727789
2211,38.978044,-94.723622
2212,38.978044,-94.719455
2213,38.978044,-94.715288
2214,38.978044,-94.711121
2215,38.978044,-94.706954
2216,38.978044,-94.702787
2217,38.978044,-94.69862
2218,38.978044,-94.694453
2219,38.978044,-94.690286
2220,38.978044,-94.686119
2221,38.978044,-94.681952
2222,38.978044,-94.677785
2223,38.978044,-94.673618
2224,38.978044,-94.669451
2225,38.978044,-94.665284
2226,38.978044,-94.661117
2227,38.978044,-94.65695
2228,38.978044,-94.652783
2229,38.978044,-94.648616
2230,38.978044,-94.644449
2231,38.978044,-94.640282
2232,38.978044,-94.636115
2233,38.978044,-94.631948
2234,38.978044,-94.627781
2235,38.978044,-94.623614
2236,38.978044,-94.619447
2237,38.978044,-94.61528
2238,38.978044,-94.611113
2239,38.978044,-94.606946
2240,38.978044,-94.602779
2241,38.978044,-94.598612
2242,38.978044,-94.594445
2243,38.978044,-94.590278
2244,38.978044,-94.586111
2245,38.982211,-94.8653
2246,38.982211,-94.861133
2247,38.982211,-94.856966
2248,38.982211,-94.852799
2249,38.982211,-94.848632
2250,38.982211,-94.844465
2251,38.982211,-94.840298
2252,38.982211,-94.836131
2253,38.982211,-94.831964
2254,38.982211,-94.827797
2255,38.982211,-94.82363
2256,38.982211,-94.819463
2257,38.982211,-94.815296
2258,38.982211,-94.811129
2259,38.982211,-94.806962
2260,38.982211,-94.802795
2261,38.982211,-94.798628
2262,38.982211,-94.794461
2263,38.982211,-94.790294
2264,38.982211,-94.786127
2265,38.982211,-94.78196
2266,38.982211,-94.777793
2267,38.982211,-94.773626
2268,38.982211,-94.769459
2269,38.982211,-94.765292
2270,38.982211,-94.761125
2271,38.982211,-94.756958
2272,38.982211,-94.752791
2273,38.982211,-94.748624
2274,38.982211,-94.744457
2275,38.982211,-94.74029
2276,38.982211,-94.736123
2277,38.982211,-94.731956
2278,38.982211,-94.727789
2279,38.982211,-94.723622
2280,38.982211,-94.719455
2281,38.982211,-94.715288
2282,38.982211,-94.711121
2283,38.982211,-94.706954
2284,38.982211,-94.702787
2285,38.982211,-94.69862
2286,38.982211,-94.694453
2287,38.982211,-94.690286
2288,38.982211,-94.686119
2289,38.982211,-94.681952
2290,38.982211,-94.677785
2291,38.982211,-94.673618
2292,38.982211,-94.669451
2293,38.982211,-94.665284
2294,38.982211,-94.661117
2295,38.982211,-94.65695
2296,38.982211,-94.652783
2297,38.982211,-94.648616
2298,38.982211,-94.644449
2299,38.982211,-94.640282
2300,38.982211,-94.636115
2301,38.982211,-94.631948
2302,38.982211,-94.627781
2303,38.982211,-94.623614
2304,38.982211,-94.619447
2305,38.982211,-94.61528
2306,38.982211,-94.611113
2307,38.982211,-94.606946
2308,38.982211,-94.602779
2309,38.982211,-94.598612
2310,38.982211,-94.594445
2311,38.982211,-94.590278
2312,38.982211,-94.586111
2313,38.986378,-94.8653
2314,38.986378,-94.861133
2315,38.986378,-94.856966
2316,38.986378,-94.852799
2317,38.986378,-94.848632
2318,38.986378,-94.844465
2319,38.986378,-94.840298
2320,38.986378,-94.836131
2321,38.986378,-94.831964
2322,38.986378,-94.827797
2323,38.986378,-94.82363
2324,38.986378,-94.819463
2325,38.986378,-94.815296
2326,38.986378,-94.811129
2327,38.986378,-94.806962
2328,38.986378,-94.802795
2329,38.986378,-94.798628
2330,38.986378,-94.794461
2331,38.986378,-94.790294
2332,38.986378,-94.786127
2333,38.986378,-94.78196
2334,38.986378,-94.777793
2335,38.986378,-94.773626
2336,38.986378,-94.769459
2337,38.986378,-94.765292
2338,38.986378,-94.761125
2339,38.986378,-94.756958
2340,38.986378,-94.752791
2341,38.986378,-94.748624
2342,38.986378,-94.744457
2343,38.986378,-94.74029
2344,38.986378,-94.736123
2345,38.986378,-94.731956
2346,38.986378,-94.727789
2347,38.986378,-94.723622
2348,38.986378,-94.719455
2349,38.986378,-94.715288
2350,38.986378,-94.711121
2351,38.986378,-94.706954
2352,38.986378,-94.702787
2353,38.986378,-94.69862
2354,38.986378,-94.694453
2355,38.986378,-94.690286
2356,38.986378,-94.686119
2357,38.986378,-94.681952
2358,38.986378,-94.677785
2359,38.986378,-94.673618
2360,38.986378,-94.669451
2361,38.986378,-94.665284
2362,38.986378,-94.661117
2363,38.986378,-94.65695
2364,38.986378,-94.652783
2365,38.986378,-94.648616
2366,38.986378,-94.644449
2367,38.986378,-94.640282
2368,38.986378,-94.636115
2369,38.986378,-94.631948
2370,38.986378,-94.627781
2371,38.986378,-94.623614
2372,38.986378,-94.619447
2373,38.986378,-94.61528
2374,38.986378,-94.611113
2375,38.986378,-94.606946
2376,38.986378,-94.602779
2377,38.986378,-94.598612
2378,38.986378,-94.594445
2379,38.986378,-94.590278
2380,38.986378,-94.586111
2381,38.990545,-94.8653
2382,38.990545,-94.861133
2383,38.990545,-94.856966
2384,38.990545,-94.852799
2385,38.990545,-94.848632
2386,38.990545,-94.844465
2387,38.990545,-94.840298
2388,38.990545,-94.836131
2389,38.990545,-94.831964
2390,38.990545,-94.827797
2391,38.990545,-94.82363
2392,38.990545,-94.819463
2393,38.990545,-94.815296
2394,38.990545,-94.811129
2395,38.990545,-94.806962
2396,38.990545,-94.802795
2397,38.990545,-94.798628
2398,38.990545,-94.794461
2399,38.990545,-94.790294
2400,38.990545,-94.786127
2401,38.990545,-94.78196
2402,38.990545,-94.777793
2403,38.990545,-94.773626
2404,38.990545,-94.769459
2405,38.990545,-94.765292
2406,38.990545,-94.761125
2407,38.990545,-94.756958
2408,38.990545,-94.752791
2409,38.990545,-94.748624
2410,38.990545,-94.744457
2411,38.990545,-94.74029
2412,38.990545,-94.736123
2413,38.990545,-94.731956
2414,38.990545,-94.727789
2415,38.990545,-94.723622
2416,38.990545,-94.719455
2417,38.990545,-94.715288
2418,38.990545,-94.711121
2419,38.990545,-94.706954
2420,38.990545,-94.702787
2421,38.990545,-94.69862
2422,38.990545,-94.694453
2423,38.990545,-94.690286
2424,38.990545,-94.686119
2425,38.990545,-94.681952
2426,38.990545,-94.677785
2427,38.990545,-94.673618
2428,38.990545,-94.669451
2429,38.990545,-94.665284
2430,38.990545,-94.661117
2431,38.990545,-94.65695
2432,38.990545,-94.652783
2433,38.990545,-94.648616
2434,38.990545,-94.644449
2435,38.990545,-94.640282
2436,38.990545,-94.636115
2437,38.990545,-94.631948
2438,38.990545,-94.627781
2439,38.990545,-94.623614
2440,38.990545,-94.619447
2441,38.990545,-94.61528
2442,38.990545,-94.611113
2443,38.990545,-94.606946
2444,38.990545,-94.602779
2445,38.990545,-94.598612
2446,38.990545,-94.594445
2447,38.990545,-94.590278
2448,38.990545,-94.586111
2449,38.994712,-94.8653
2450,38.994712,-94.861133
2451,38.994712,-94.856966
2452,38.994712,-94.852799
2453,38.994712,-94.848632
2454,38.994712,-94.844465
2455,38.994712,-94.840298
2456,38.994712,-94.836131
2457,38.994712,-94.831964
2458,38.994712,-94.827797
2459,38.994712,-94.82363
2460,38.994712,-94.819463
2461,38.994712,-94.815296
2462,38.994712,-94.811129
2463,38.994712,-94.806962
2464,38.994712,-94.802795
2465,38.994712,-94.798628
2466,38.994712,-94.794461
2467,38.994712,-94.790294
2468,38.994712,-94.786127
2469,38.994712,-94.78196
2470,38.994712,-94.777793
2471,38.994712,-94.773626
2472,38.994712,-94.769459
2473,38.994712,-94.765292
2474,38.994712,-94.761125
2475,38.994712,-94.756958
2476,38.994712,-94.752791
2477,38.994712,-94.748624
2478,38.994712,-94.744457
2479,38.994712,-94.74029
2480,38.994712,-94.736123
2481,38.994712,-94.731956
2482,38.994712,-94.727789
2483,38.994712,-94.723622
2484,38.994712,-94.719455
2485,38.994712,-94.715288
2486,38.994712,-94.711121
2487,38.994712,-94.706954
2488,38.994712,-94.702787
2489,38.994712,-94.69862
2490,38.994712,-94.694453
2491,38.994712,-94.690286
2492,38.994712,-94.686119
2493,38.994712,-94.681952
2494,38.994712,-94.677785
2495,38.994712,-94.673618
2496,38.994712,-94.669451
2497,38.994712,-94.665284
2498,38.994712,-94.661117
2499,38.994712,-94.65695
2500,38.994712,-94.652783
2501,38.994712,-94.648616
2502,38.994712,-94.644449
2503,38.994712,-94.640282
2504,38.994712,-94.636115
2505,38.994712,-94.631948
2506,38.994712,-94.627781
2507,38.994712,-94.623614
2508,38.994712,-94.619447
2509,38.994712,-94.61528
2510,38.994712,-94.611113
2511,38.994712,-94.606946
2512,38.994712,-94.602779
2513,38.994712,-94.598612
2514,38.994712,-94.594445
2515,38.994712,-94.590278
2516,38.994712,-94.586111
2517,38.998879,-94.8653
2518,38.998879,-94.861133
2519,38.998879,-94.856966
2520,38.998879,-94.852799
2521,38.998879,-94.848632
2522,38.998879,-94.844465
2523,38.998879,-94.840298
2524,38.998879,-94.836131
2525,38.998879,-94.831964
2526,38.998879,-94.827797
2527,38.998879,-94.82363
2528,38.998879,-94.819463
2529,38.998879,-94.815296
2530,38.998879,-94.811129
2531,38.998879,-94.806962
2532,38.998879,-94.802795
2533,38.998879,-94.798628
2534,38.998879,-94.794461
2535,38.998879,-94.790294
2536,38.998879,-94.786127
2537,38.998879,-94.78196
2538,38.998879,-94.777793
2539,38.998879,-94.773626
2540,38.998879,-94.769459
2541,38.998879,-94.765292
2542,38.998879,-94.761125
2543,38.998879,-94.756958
2544,38.998879,-94.752791
2545,38.998879,-94.748624
2546,38.998879,-94.744457
2547,38.998879,-94.74029
2548,38.998879,-94.736123
2549,38.998879,-94.731956
2550,38.998879,-94.727789
2551,38.998879,-94.723622
2552,38.998879,-94.719455
2553,38.998879,-94.715288
2554,38.998879,-94.711121
2555,38.998879,-94.706954
2556,38.998879,-94.702787
2557,38.998879,-94.69862
2558,38.998879,-94.694453
2559,38.998879,-94.690286
2560,38.998879,-94.686119
2561,38.998879,-94.681952
2562,38.998879,-94.677785
2563,38.998879,-94.673618
2564,38.998879,-94.669451
2565,38.998879,-94.665284
2566,38.998879,-94.661117
2567,38.998879,-94.65695
2568,38.998879,-94.652783
2569,38.998879,-94.648616
2570,38.998879,-94.644449
2571,38.998879,-94.640282
2572,38.998879,-94.636115
2573,38.998879,-94.631948
2574,38.998879,-94.627781
2575,38.998879,-94.623614
2576,38.998879,-94.619447
2577,38.998879,-94.61528
2578,38.998879,-94.611113
2579,38.998879,-94.606946
2580,38.998879,-94.602779
2581,38.998879,-94.598612
2582,38.998879,-94.594445
2583,38.998879,-94.590278
2584,38.998879,-94.586111
2585,39.003046,-94.8653
2586,39.003046,-94.861133
2587,39.003046,-94.856966
2588,39.003046,-94.852799
2589,39.003046,-94.848632
2590,39.003046,-94.844465
2591,39.003046,-94.840298
2592,39.003046,-94.836131
2593,39.003046,-94.831964
2594,39.003046,-94.827797
2595,39.003046,-94.82363
2596,39.003046,-94.819463
2597,39.003046,-94.815296
2598,39.003046,-94.811129
2599,39.003046,-94.806962
2600,39.003046,-94.802795
2601,39.003046,-94.798628
2602,39.003046,-94.794461
2603,39.003046,-94.790294
2604,39.003046,-94.786127
2605,39.003046,-94.78196
2606,39.003046,-94.777793
2607,39.003046,-94.773626
2608,39.003046,-94.769459
2609,39.003046,-94.765292
2610,39.003046,-94.761125
2611,39.003046,-94.756958
2612,39.003046,-94.752791
2613,39.003046,-94.748624
2614,39.003046,-94.744457
2615,39.003046,-94.74029
2616,39.003046,-94.736123
2617,39.003046,-94.731956
2618,39.003046,-94.727789
2619,39.003046,-94.723622
2620,39.003046,-94.719455
2621,39.003046,-94.715288
2622,39.003046,-94.711121
2623,39.003046,-94.706954
2624,39.003046,-94.702787
2625,39.003046,-94.69862
2626,39.003046,-94.694453
2627,39.003046,-94.690286
2628,39.003046,-94.686119
2629,39.003046,-94.681952
2630,39.003046,-94.677785
2631,39.003046,-94.673618
2632,39.003046,-94.669451
2633,39.003046,-94.665284
2634,39.003046,-94.661117
2635,39.003046,-94.65695
2636,39.003046,-94.652783
2637,39.003046,-94.648616
2638,39.003046,-94.644449
2639,39.003046,-94.640282
2640,39.003046,-94.636115
2641,39.003046,-94.631948
2642,39.003046,-94.627781
2643,39.003046,-94.623614
2644,39.003046,-94.619447
2645,39.003046,-94.61528
2646,39.003046,-94.611113
2647,39.003046,-94.606946
2648,39.003046,-94.602779
2649,39.003046,-94.598612
2650,39.003046,-94.594445
2651,39.003046,-94.590278
2652,39.003046,-94.586111
2653,39.007213,-94.8653
2654,39.007213,-94.861133
2655,39.007213,-94.856966
2656,39.007213,-94.852799
2657,39.007213,-94.848632
2658,39.007213,-94.844465
2659,39.007213,-94.840298
2660,39.007213,-94.836131
2661,39.007213,-94.831964
2662,39.007213,-94.827797
2663,39.007213,-94.82363
2664,39.007213,-94.819463
2665,39.007213,-94.815296
2666,39.007213,-94.811129
2667,39.007213,-94.806962
2668,39.007213,-94.802795
2669,39.007213,-94.798628
2670,39.007213,-94.794461
2671,39.007213,-94.790294
2672,39.007213,-94.786127
2673,39.007213,-94.78196
2674,39.007213,-94.777793
2675,39.007213,-94.773626
2676,39.007213,-94.769459
2677,39.007213,-94.765292
2678,39.007213,-94.761125
2679,39.007213,-94.756958
2680,39.007213,-94.752791
2681,39.007213,-94.748624
2682,39.007213,-94.744457
2683,39.007213,-94.74029
2684,39.007213,-94.736123
2685,39.007213,-94.731956
2686,39.007213,-94.727789
2687,39.007213,-94.723622
2688,39.007213,-94.719455
2689,39.007213,-94.715288
2690,39.007213,-94.711121
2691,39.007213,-94.706954
2692,39.007213,-94.702787
2693,39.007213,-94.69862
2694,39.007213,-94.694453
2695,39.007213,-94.690286
2696,39.007213,-94.686119
2697,39.007213,-94.681952
2698,39.007213,-94.677785
2699,39.007213,-94.673618
2700,39.007213,-94.669451
2701,39.007213,-94.665284
2702,39.007213,-94.661117
2703,39.007213,-94.65695
2704,39.007213,-94.652783
2705,39.007213,-94.648616
2706,39.007213,-94.644449
2707,39.007213,-94.640282
2708,39.007213,-94.636115
2709,39.007213,-94.631948
2710,39.007213,-94.627781
2711,39.007213,-94.623614
2712,39.007213,-94.619447
2713,39.007213,-94.61528
2714,39.007213,-94.611113
2715,39.007213,-94.606946
2716,39.007213,-94.602779
2717,39.007213,-94.598612
2718,39.007213,-94.594445
2719,39.007213,-94.590278
2720,39.007213,-94.586111
2721,39.01138,-94.8653
2722,39.01138,-94.861133
2723,39.01138,-94.856966
2724,39.01138,-94.852799
2725,39.01138,-94.848632
2726,39.01138,-94.844465
2727,39.01138,-94.840298
2728,39.01138,-94.836131
2729,39.01138,-94.831964
2730,39.01138,-94.827797
2731,39.01138,-94.82363
2732,39.01138,-94.819463
2733,39.01138,-94.815296
2734,39.01138,-94.811129
2735,39.01138,-94.806962
2736,39.01138,-94.802795
2737,39.01138,-94.798628
2738,39.01138,-94.794461
2739,39.01138,-94.790294
2740,39.01138,-94.786127
2741,39.01138,-94.78196
2742,39.01138,-94.777793
2743,39.01138,-94.773626
2744,39.01138,-94.769459
2745,39.01138,-94.765292
2746,39.01138,-94.761125
2747,39.01138,-94.756958
2748,39.01138,-94.752791
2749,39.01138,-94.748624
2750,39.01138,-94.744457
2751,39.01138,-94.74029
2752,39.01138,-94.736123
2753,39.01138,-94.731956
2754,39.01138,-94.727789
2755,39.01138,-94.723622
2756,39.01138,-94.719455
2757,39.01138,-94.715288
2758,39.01138,-94.711121
2759,39.01138,-94.706954
2760,39.01138,-94.702787
2761,39.01138,-94.69862
2762,39.01138,-94.694453
2763,39.01138,-94.690286
2764,39.01138,-94.686119
2765,39.01138,-94.681952
2766,39.01138,-94.677785
2767,39.01138,-94.673618
2768,39.01138,-94.669451
2769,39.01138,-94.665284
2770,39.01138,-94.661117
2771,39.01138,-94.65695
2772,39.01138,-94.652783
2773,39.01138,-94.648616
2774,39.01138,-94.644449
2775,39.01138,-94.640282
2776,39.01138,-94.636115
2777,39.01138,-94.631948
2778,39.01138,-94.627781
2779,39.01138,-94.623614
2780,39.01138,-94.619447
2781,39.01138,-94.61528
2782,39.01138,-94.611113
2783,39.01138,-94.606946
2784,39.01138,-94.602779
2785,39.01138,-94.598612
2786,39.01138,-94.594445
2787,39.01138,-94.590278
2788,39.01138,-94.586111
2789,39.015547,-94.8653
2790,39.015547,-94.861133
2791,39.015547,-94.856966
2792,39.015547,-94.852799
2793,39.015547,-94.848632
2794,39.015547,-94.844465
2795,39.015547,-94.840298
2796,39.015547,-94.836131
2797,39.015547,-94.831964
2798,39.015547,-94.827797
2799,39.015547,-94.82363
2800,39.015547,-94.819463
2801,39.015547,-94.815296
2802,39.015547,-94.811129
2803,39.015547,-94.806962
2804,39.015547,-94.802795
2805,39.015547,-94.798628
2806,39.015547,-94.794461
2807,39.015547,-94.790294
2808,39.015547,-94.786127
2809,39.015547,-94.78196
2810,39.015547,-94.777793
2811,39.015547,-94.773626
2812,39.015547,-94.769459
2813,39.015547,-94.765292
2814,39.015547,-94.761125
2815,39.015547,-94.756958
2816,39.015547,-94.752791
2817,39.015547,-94.748624
2818,39.015547,-94.744457
2819,39.015547,-94.74029
2820,39.015547,-94.736123
2821,39.015547,-94.731956
2822,39.015547,-94.727789
2823,39.015547,-94.723622
2824,39.015547,-94.719455
2825,39.015547,-94.715288
2826,39.015547,-94.711121
2827,39.015547,-94.706954
2828,39.015547,-94.702787
2829,39.015547,-94.69862
2830,39.015547,-94.694453
2831,39.015547,-94.690286
2832,39.015547,-94.686119
2833,39.015547,-94.681952
2834,39.015547,-94.677785
2835,39.015547,-94.673618
2836,39.015547,-94.669451
2837,39.015547,-94.665284
2838,39.015547,-94.661117
2839,39.015547,-94.65695
2840,39.015547,-94.652783
2841,39.015547,-94.648616
2842,39.015547,-94.644449
2843,39.015547,-94.640282
2844,39.015547,-94.636115
2845,39.015547,-94.631948
2846,39.015547,-94.627781
2847,39.015547,-94.623614
2848,39.015547,-94.619447
2849,39.015547,-94.61528
2850,39.015547,-94.611113
2851,39.015547,-94.606946
2852,39.015547,-94.602779
2853,39.015547,-94.598612
2854,39.015547,-94.594445
2855,39.015547,-94.590278
2856,39.015547,-94.586111
2857,39.019714,-94.8653
2858,39.019714,-94.861133
2859,39.019714,-94.856966
2860,39.019714,-94.852799
2861,39.019714,-94.848632
2862,39.019714,-94.844465
2863,39.019714,-94.840298
2864,39.019714,-94.836131
2865,39.019714,-94.831964
2866,39.019714,-94.827797
2867,39.019714,-94.82363
2868,39.019714,-94.819463
2869,39.019714,-94.815296
2870,39.019714,-94.811129
2871,39.019714,-94.806962
2872,39.019714,-94.802795
2873,39.019714,-94.798628
2874,39.019714,-94.794461
2875,39.019714,-94.790294
2876,39.019714,-94.786127
2877,39.019714,-94.78196
2878,39.019714,-94.777793
2879,39.019714,-94.773626
2880,39.019714,-94.769459
2881,39.019714,-94.765292
2882,39.019714,-94.761125
2883,39.019714,-94.756958
2884,39.019714,-94.752791
2885,39.019714,-94.748624
2886,39.019714,-94.744457
2887,39.019714,-94.74029
2888,39.019714,-94.736123
2889,39.019714,-94.731956
2890,39.019714,-94.727789
2891,39.019714,-94.723622
2892,39.019714,-94.719455
2893,39.019714,-94.715288
2894,39.019714,-94.711121
2895,39.019714,-94.706954
2896,39.019714,-94.702787
2897,39.019714,-94.69862
2898,39.019714,-94.694453
2899,39.019714,-94.690286
2900,39.019714,-94.686119
2901,39.019714,-94.681952
2902,39.019714,-94.677785
2903,39.019714,-94.673618
2904,39.019714,-94.669451
2905,39.019714,-94.665284
2906,39.019714,-94.661117
2907,39.019714,-94.65695
2908,39.019714,-94.652783
2909,39.019714,-94.648616
2910,39.019714,-94.644449
2911,39.019714,-94.640282
2912,39.019714,-94.636115
2913,39.019714,-94.631948
2914,39.019714,-94.627781
2915,39.019714,-94.623614
2916,39.019714,-94.619447
2917,39.019714,-94.61528
2918,39.019714,-94.611113
2919,39.019714,-94.606946
2920,39.019714,-94.602779
2921,39.019714,-94.598612
2922,39.019714,-94.594445
2923,39.019714,-94.590278
2924,39.019714,-94.586111
